{
   "tracks" : [
      {
         "displays" : [
            {
               "type" : "LinearBasicDisplay",
               "displayId" : "curated_genes_(pseudogenes)-b_malayi_PRJNA10729-LinearBasicDisplay",
               "renderer" : {
                  "type" : "SvgFeatureRenderer",
                  "color1" : "gray",
                  "height" : 6
               }
            }
         ],
         "formatDetails" : {
            "feature" : "jexl:{ JBrowse1: '<a href=\"/tools/genome/jbrowse-simple/?data=data/b_malayi_PRJNA10729' + '&loc=' +feature.refName+':'+feature.start+'..'+feature.end+ '\">'+feature.name+'</a>'}"
         },
         "adapter" : {
            "type" : "NCListAdapter",
            "rootUrlTemplate" : {
               "uri" : "https://s3.amazonaws.com/agrjbrowse/MOD-jbrowses/WormBase/WS288/b_malayi_PRJNA10729/tracks/Curated Genes (pseudogenes)/{refseq}/trackData.jsonz",
               "locationType" : "UriLocation"
            }
         },
         "category" : [
            "Genes",
            "Curated Genes"
         ],
         "type" : "FeatureTrack",
         "description" : "A subset of the full Curated Genes set limited to pseudogenes only. Pseudogenes of tRNA are lighter gray and pseudogenes of rRNA are darker gray than pseudogenes of protein coding genes.",
         "name" : "Curated Genes (pseudogenes)",
         "trackId" : "b_malayi_PRJNA10729_curated_genes_pseudogenes",
         "assemblyNames" : [
            "b_malayi_PRJNA10729"
         ]
      },
      {
         "category" : [
            "Reagents"
         ],
         "type" : "FeatureTrack",
         "formatDetails" : {
            "feature" : "jexl:{ JBrowse1: '<a href=\"/tools/genome/jbrowse-simple/?data=data/b_malayi_PRJNA10729' + '&loc=' +feature.refName+':'+feature.start+'..'+feature.end+ '\">'+feature.refName+':'+feature.start+'..'+feature.end+'</a>'}"
         },
         "displays" : [
            {
               "renderer" : {
                  "color1" : "black",
                  "height" : 3,
                  "type" : "SvgFeatureRenderer"
               },
               "displayId" : "yacs,_fosmids,_&_cosmids-b_malayi_PRJNA10729-LinearBasicDisplay",
               "type" : "LinearBasicDisplay"
            }
         ],
         "adapter" : {
            "rootUrlTemplate" : {
               "uri" : "https://s3.amazonaws.com/agrjbrowse/MOD-jbrowses/WormBase/WS288/b_malayi_PRJNA10729/tracks/YACs, Fosmids, & Cosmids/{refseq}/trackData.jsonz",
               "locationType" : "UriLocation"
            },
            "type" : "NCListAdapter"
         },
         "trackId" : "b_malayi_PRJNA10729_yacs_fosmids_cosmids",
         "assemblyNames" : [
            "b_malayi_PRJNA10729"
         ],
         "name" : "YACs, Fosmids, & Cosmids",
         "description" : "This track shows the locations of the cosmids, fosmids, and YACs used for the physical mapping and sequencing of the C. elegans genome.  The clone termini do not necessarily correspond to the termini of submitted GenBank/EMBL entries. In some cases the exact termini of the clones is not known.  For example, YACs were sequenced using PCR amplification across gaps in the cosmid maps.  When a clone end is not known, it is shown as an arrow extending to the end of the display.  Such data is to be treated with caution.  The Vancouver fosmids can be ordered directly from <a href='http://www.geneservice.co.uk/products/clones/Celegans_Fos.jsp'>GeneService</a>."
      },
      {
         "assemblyNames" : [
            "b_malayi_PRJNA10729"
         ],
         "trackId" : "b_malayi_PRJNA10729_protein_motifs",
         "name" : "Protein motifs",
         "description" : "This track shows the extent of predicted protein motifs. Note these spans correspond to amino acid coordinates interpolated onto the physical map.  Included are signal peptide (signalp), coiled coil (ncoils) and transmembrane (tmhmm) domains, regions of low complexity (seg), and Pfam annotated motif homologies.",
         "type" : "FeatureTrack",
         "category" : [
            "Sequence Features",
            "Translated Features"
         ],
         "adapter" : {
            "type" : "NCListAdapter",
            "rootUrlTemplate" : {
               "uri" : "https://s3.amazonaws.com/agrjbrowse/MOD-jbrowses/WormBase/WS288/b_malayi_PRJNA10729/tracks/Protein motifs/{refseq}/trackData.jsonz",
               "locationType" : "UriLocation"
            }
         },
         "displays" : [
            {
               "renderer" : {
                  "color1" : "jexl:parent(feature)=='undefined'?'purple':get(parent(feature),'predictiontype')=='tmhmm'?'magenta':get(parent(feature),'predictiontype')=='seg'?'lightseagreen':get(parent(feature),'predictiontype')=='signalp'?'aquamarine':get(parent(feature),'predictiontype')=='ncoils'?'chartreuse':\nget(parent(feature),'predictiontype')=='pfam'?'lightsalmon':'purple'",
                  "height" : 7,
                  "type" : "SvgFeatureRenderer"
               },
               "displayId" : "protein_motifs-b_malayi_PRJNA10729-LinearBasicDisplay",
               "type" : "LinearBasicDisplay"
            }
         ],
         "formatDetails" : {
            "feature" : "jexl:{ JBrowse1: '<a href=\"/tools/genome/jbrowse-simple/?data=data/b_malayi_PRJNA10729' + '&loc=' +feature.refName+':'+feature.start+'..'+feature.end+ '\">'+feature.refName+':'+feature.start+'..'+feature.end+'</a>'}"
         }
      },
      {
         "assemblyNames" : [
            "b_malayi_PRJNA10729"
         ],
         "trackId" : "b_malayi_PRJNA10729_trans-spliced_acceptor",
         "name" : "Trans-spliced acceptor",
         "description" : "This track contains SL1 and SL2 trans-spliced acceptors from a variety of sources: SL1 and SL2 trans-spliced acceptors published by Blumenthal et al, Nature (2002), Trans-Spliced Exon Coupled RNA End Determination (TEC-RED) Hwang et al, PNAS (2004), EST/mRNA sequence data, RNASeq read data from ENA. SL1 acceptors are show in red, SL2 in green. Direction of transcription is indicated by arrow direction.",
         "type" : "FeatureTrack",
         "category" : [
            "Sequence Features",
            "Signals & Motifs"
         ],
         "adapter" : {
            "rootUrlTemplate" : {
               "uri" : "https://s3.amazonaws.com/agrjbrowse/MOD-jbrowses/WormBase/WS288/b_malayi_PRJNA10729/tracks/Trans-spliced acceptor/{refseq}/trackData.jsonz",
               "locationType" : "UriLocation"
            },
            "type" : "NCListAdapter"
         },
         "formatDetails" : {
            "feature" : "jexl:{ JBrowse1: '<a href=\"/tools/genome/jbrowse-simple/?data=data/b_malayi_PRJNA10729' + '&loc=' +feature.refName+':'+feature.start+'..'+feature.end+ '\">'+feature.refName+':'+feature.start+'..'+feature.end+'</a>'}"
         },
         "displays" : [
            {
               "displayId" : "trans-spliced_acceptor-b_malayi_PRJNA10729-LinearBasicDisplay",
               "renderer" : {
                  "labels" : {
                     "description" : "jexl:get(feature,'source') || get(feature,'description')"
                  },
                  "color1" : "jexl:get(feature,'source')=='SL1'?'red':get(feature,'source')=='SL2'?'green':'black'",
                  "type" : "SvgFeatureRenderer"
               },
               "type" : "LinearBasicDisplay"
            }
         ]
      },
      {
         "category" : [
            "Genes",
            "Curated Genes"
         ],
         "type" : "FeatureTrack",
         "formatDetails" : {
            "feature" : "jexl:{ JBrowse1: '<a href=\"/tools/genome/jbrowse-simple/?data=data/b_malayi_PRJNA10729' + '&loc=' +feature.refName+':'+feature.start+'..'+feature.end+ '\">'+feature.name+'</a>'}"
         },
         "displays" : [
            {
               "type" : "LinearBasicDisplay",
               "displayId" : "curated_genes_(protein_coding)-b_malayi_PRJNA10729-LinearBasicDisplay",
               "renderer" : {
                  "maxHeight" : 5000,
                  "type" : "SvgFeatureRenderer",
                  "color3" : "#965567",
                  "color1" : "jexl:get(feature,'strand')>0?'violet':'turquoise'"
               }
            }
         ],
         "adapter" : {
            "type" : "NCListAdapter",
            "rootUrlTemplate" : {
               "uri" : "https://s3.amazonaws.com/agrjbrowse/MOD-jbrowses/WormBase/WS288/b_malayi_PRJNA10729/tracks/Curated Genes (protein coding)/{refseq}/trackData.jsonz",
               "locationType" : "UriLocation"
            }
         },
         "trackId" : "b_malayi_PRJNA10729_curated_genes_protein_coding",
         "assemblyNames" : [
            "b_malayi_PRJNA10729"
         ],
         "description" : "A subset of the full Curated Genes set limited to protein-coding genes only. Only the CDS is represented. Full models (with UTRs) can be seen on the 'Curated Genes' track.",
         "name" : "Curated Genes (protein coding)"
      },
      {
         "type" : "FeatureTrack",
         "category" : [
            "Sequence Features",
            "Signals & Motifs"
         ],
         "adapter" : {
            "type" : "NCListAdapter",
            "rootUrlTemplate" : {
               "uri" : "https://s3.amazonaws.com/agrjbrowse/MOD-jbrowses/WormBase/WS288/b_malayi_PRJNA10729/tracks/PolyA sites and signal sequences/{refseq}/trackData.jsonz",
               "locationType" : "UriLocation"
            }
         },
         "formatDetails" : {
            "feature" : "jexl:{ JBrowse1: '<a href=\"/tools/genome/jbrowse-simple/?data=data/b_malayi_PRJNA10729' + '&loc=' +feature.refName+':'+feature.start+'..'+feature.end+ '\">'+feature.refName+':'+feature.start+'..'+feature.end+'</a>'}"
         },
         "displays" : [
            {
               "type" : "LinearBasicDisplay",
               "renderer" : {
                  "color1" : "purple",
                  "labels" : {
                     "description" : "jexl:get(feature,'type') || get(feature,'description')"
                  },
                  "type" : "SvgFeatureRenderer"
               },
               "displayId" : "polya_sites_and_signal_sequences-b_malayi_PRJNA10729-LinearBasicDisplay"
            }
         ],
         "assemblyNames" : [
            "b_malayi_PRJNA10729"
         ],
         "trackId" : "b_malayi_PRJNA10729_polya_sites_and_signal_sequences",
         "name" : "PolyA sites and signal sequences",
         "description" : "High-confidence polyadenylation signal sequences and sites calculated by an algorithm trained with verified sites from full-length mRNAs. Signals are indicated with a diamond; sites with a triangle."
      },
      {
         "description" : "Dicistronic mRNA operons - manually observed by curators",
         "name" : "Dicistronic mRNAs",
         "assemblyNames" : [
            "b_malayi_PRJNA10729"
         ],
         "trackId" : "b_malayi_PRJNA10729_dicistronic_mrnas",
         "adapter" : {
            "type" : "NCListAdapter",
            "rootUrlTemplate" : {
               "uri" : "https://s3.amazonaws.com/agrjbrowse/MOD-jbrowses/WormBase/WS288/b_malayi_PRJNA10729/tracks/Dicistronic mRNAs/{refseq}/trackData.jsonz",
               "locationType" : "UriLocation"
            }
         },
         "displays" : [
            {
               "type" : "LinearBasicDisplay",
               "renderer" : {
                  "type" : "SvgFeatureRenderer",
                  "color1" : "darkgreen"
               },
               "displayId" : "dicistronic_mrnas-b_malayi_PRJNA10729-LinearBasicDisplay"
            }
         ],
         "formatDetails" : {
            "feature" : "jexl:{ JBrowse1: '<a href=\"/tools/genome/jbrowse-simple/?data=data/b_malayi_PRJNA10729' + '&loc=' +feature.refName+':'+feature.start+'..'+feature.end+ '\">'+feature.refName+':'+feature.start+'..'+feature.end+'</a>'}"
         },
         "type" : "FeatureTrack",
         "category" : [
            "Genes",
            "Curated Genes"
         ]
      },
      {
         "description" : "Protein-coding gene structures result from the integration of a variety of prediction methods and data sources followed by manual review and revison by WormBase curators. tRNAs are predicted by tRNAscan, and other non-coding RNA transcripts are taken from a variety of literature sources. The purple and blue colors indicate transcripts on the forward and reverse strands respectively. Dark purple areas represent 5' and 3' UTRs of protein-coding transcripts, assigned automatically using the extents of overlapping ESTs and full-length cDNAs. The UTR predictions have not been reviewed by WormBase curators, and some are known to contain artifacts. Grey transcripts represent either non-coding transcripts of protein coding genes or transcripts of non-coding genes.",
         "name" : "Curated Genes",
         "assemblyNames" : [
            "b_malayi_PRJNA10729"
         ],
         "trackId" : "b_malayi_PRJNA10729_curated_genes",
         "adapter" : {
            "type" : "NCListAdapter",
            "rootUrlTemplate" : {
               "uri" : "https://s3.amazonaws.com/agrjbrowse/MOD-jbrowses/WormBase/WS288/b_malayi_PRJNA10729/tracks/Curated_Genes/{refseq}/trackData.jsonz",
               "locationType" : "UriLocation"
            }
         },
         "formatDetails" : {
            "feature" : "jexl:{ JBrowse1: '<a href=\"/tools/genome/jbrowse-simple/?data=data/b_malayi_PRJNA10729' + '&loc=' +feature.refName+':'+feature.start+'..'+feature.end+ '\">'+feature.name+'</a>', WormBase: feature.source=='WormBase'?'<a href=\"/get?name='+feature.name+';class=Gene\">Gene Page</a>':''}"
         },
         "displays" : [
            {
               "renderer" : {
                  "labels" : {
                     "name" : "jexl:get(feature,'locus') || get(feature,'sequence_name')"
                  },
                  "color1" : "jexl:get(feature,'type')!='CDS'?'gray':get(feature,'strand')>0?'violet':'turquoise'",
                  "maxHeight" : 5000,
                  "type" : "SvgFeatureRenderer",
                  "color3" : "#965567"
               },
               "displayId" : "curated_genes-b_malayi_PRJNA10729-LinearBasicDisplay",
               "type" : "LinearBasicDisplay"
            }
         ],
         "type" : "FeatureTrack",
         "category" : [
            "Genes",
            "Curated Genes"
         ]
      },
      {
         "formatDetails" : {
            "feature" : "jexl:{ JBrowse1: '<a href=\"/tools/genome/jbrowse-simple/?data=data/b_malayi_PRJNA10729' + '&loc=' +feature.refName+':'+feature.start+'..'+feature.end+ '\">'+feature.name+'</a>'}"
         },
         "displays" : [
            {
               "type" : "LinearBasicDisplay",
               "displayId" : "curated_genes_(noncoding)-b_malayi_PRJNA10729-LinearBasicDisplay",
               "renderer" : {
                  "type" : "SvgFeatureRenderer",
                  "color1" : "gray",
                  "height" : 6
               }
            }
         ],
         "adapter" : {
            "rootUrlTemplate" : {
               "uri" : "https://s3.amazonaws.com/agrjbrowse/MOD-jbrowses/WormBase/WS288/b_malayi_PRJNA10729/tracks/Curated Genes (noncoding)/{refseq}/trackData.jsonz",
               "locationType" : "UriLocation"
            },
            "type" : "NCListAdapter"
         },
         "category" : [
            "Genes",
            "Curated Genes"
         ],
         "type" : "FeatureTrack",
         "description" : "Non-coding curated gene models, including ncRNA, tRNA, miRNA, snRNA, snoRNA, piRNA, lincRNA and antisense RNA.",
         "name" : "Curated Genes (noncoding)",
         "trackId" : "b_malayi_PRJNA10729_curated_genes_noncoding",
         "assemblyNames" : [
            "b_malayi_PRJNA10729"
         ]
      },
      {
         "category" : [
            "Genes",
            "Curated Genes"
         ],
         "type" : "FeatureTrack",
         "displays" : [
            {
               "type" : "LinearBasicDisplay",
               "renderer" : {
                  "type" : "SvgFeatureRenderer",
                  "labels" : {
                     "description" : "jexl:get(feature,'type')=='pseudogenic_transcript'?'transposon pseudogene':'transposon mRNA'"
                  },
                  "height" : 6,
                  "color1" : "gray"
               },
               "displayId" : "transposon_genes-b_malayi_PRJNA10729-LinearBasicDisplay"
            }
         ],
         "formatDetails" : {
            "feature" : "jexl:{ JBrowse1: '<a href=\"/tools/genome/jbrowse-simple/?data=data/b_malayi_PRJNA10729' + '&loc=' +feature.refName+':'+feature.start+'..'+feature.end+ '\">'+feature.name+'</a>'}"
         },
         "adapter" : {
            "type" : "NCListAdapter",
            "rootUrlTemplate" : {
               "uri" : "https://s3.amazonaws.com/agrjbrowse/MOD-jbrowses/WormBase/WS288/b_malayi_PRJNA10729/tracks/Transposon Genes/{refseq}/trackData.jsonz",
               "locationType" : "UriLocation"
            }
         },
         "trackId" : "b_malayi_PRJNA10729_transposon_genes",
         "assemblyNames" : [
            "b_malayi_PRJNA10729"
         ],
         "description" : "These are transposon spans reviewed by WormBase curators.",
         "name" : "Transposon Genes"
      },
      {
         "category" : [
            "Genes",
            "Supporting Evidence"
         ],
         "type" : "FeatureTrack",
         "displays" : [
            {
               "displayId" : "mrnas/ncrnas_(best)-b_malayi_PRJNA10729-LinearBasicDisplay",
               "renderer" : {
                  "type" : "SvgFeatureRenderer",
                  "outline" : "black",
                  "height" : 6,
                  "color1" : "jexl:startsWith(get(feature,'source'),'BLAT_mRNA_')==true?'yellow':'gray'"
               },
               "type" : "LinearBasicDisplay"
            }
         ],
         "formatDetails" : {
            "feature" : "jexl:{ JBrowse1: '<a href=\"/tools/genome/jbrowse-simple/?data=data/b_malayi_PRJNA10729' + '&loc=' +feature.refName+':'+feature.start+'..'+feature.end+ '\">'+feature.name+'</a>'}"
         },
         "adapter" : {
            "rootUrlTemplate" : {
               "locationType" : "UriLocation",
               "uri" : "https://s3.amazonaws.com/agrjbrowse/MOD-jbrowses/WormBase/WS288/b_malayi_PRJNA10729/tracks/mRNAs_ncRNAs (best)/{refseq}/trackData.jsonz"
            },
            "type" : "NCListAdapter"
         },
         "trackId" : "b_malayi_PRJNA10729_mrnas/ncrnas_(best)",
         "assemblyNames" : [
            "b_malayi_PRJNA10729"
         ],
         "name" : "mRNAs/ncRNAs (best)",
         "description" : "Native (same species) full length cDNAs and ncRNAs aligned to the genome using BLAT. This track shows the best unique location for each cDNA."
      },
      {
         "category" : [
            "Genes",
            "Curated Genes"
         ],
         "type" : "FeatureTrack",
         "displays" : [
            {
               "displayId" : "gene_models_(historical)-b_malayi_PRJNA10729-LinearBasicDisplay",
               "renderer" : {
                  "type" : "SvgFeatureRenderer",
                  "color1" : "jexl:get(feature,'strand')>0?'violet':'turquoise'",
                  "labels" : {
                     "description" : "jexl:get(feature,'type')"
                  }
               },
               "type" : "LinearBasicDisplay"
            }
         ],
         "formatDetails" : {
            "feature" : "jexl:{ JBrowse1: '<a href=\"/tools/genome/jbrowse-simple/?data=data/b_malayi_PRJNA10729' + '&loc=' +feature.refName+':'+feature.start+'..'+feature.end+ '\">'+feature.name+'</a>'}"
         },
         "adapter" : {
            "type" : "NCListAdapter",
            "rootUrlTemplate" : {
               "uri" : "https://s3.amazonaws.com/agrjbrowse/MOD-jbrowses/WormBase/WS288/b_malayi_PRJNA10729/tracks/Gene Models (historical)/{refseq}/trackData.jsonz",
               "locationType" : "UriLocation"
            }
         },
         "trackId" : "b_malayi_PRJNA10729_gene_models_(historical)",
         "assemblyNames" : [
            "b_malayi_PRJNA10729"
         ],
         "name" : "Gene Models (historical)",
         "description" : "Historical gene predictions."
      },
      {
         "assemblyNames" : [
            "b_malayi_PRJNA10729"
         ],
         "trackId" : "b_malayi_PRJNA10729_links_and_superlinks",
         "description" : "This track shows the location and coordinates of contigs created during the assembly of the C. elegans genome.",
         "name" : "Links and Superlinks",
         "type" : "FeatureTrack",
         "category" : [
            "Genome Structure",
            "Assembly & Curation"
         ],
         "adapter" : {
            "type" : "NCListAdapter",
            "rootUrlTemplate" : {
               "locationType" : "UriLocation",
               "uri" : "https://s3.amazonaws.com/agrjbrowse/MOD-jbrowses/WormBase/WS288/b_malayi_PRJNA10729/tracks/Links and Superlinks/{refseq}/trackData.jsonz"
            }
         },
         "formatDetails" : {
            "feature" : "jexl:{ JBrowse1: '<a href=\"/tools/genome/jbrowse-simple/?data=data/b_malayi_PRJNA10729' + '&loc=' +feature.refName+':'+feature.start+'..'+feature.end+ '\">'+feature.refName+':'+feature.start+'..'+feature.end+'</a>'}"
         },
         "displays" : [
            {
               "renderer" : {
                  "type" : "SvgFeatureRenderer",
                  "height" : 4,
                  "color1" : "black"
               },
               "displayId" : "links_and_superlinks-b_malayi_PRJNA10729-LinearBasicDisplay",
               "type" : "LinearBasicDisplay"
            }
         ]
      },
      {
         "category" : [
            "Genes",
            "Supporting Evidence"
         ],
         "type" : "FeatureTrack",
         "displays" : [
            {
               "renderer" : {
                  "showLabels" : false,
                  "color1" : "jexl:get(feature,'source')=='BLAT_Caen_mRNA_BEST'?'lightblue':'green'",
                  "height" : 4,
                  "showDescriptions" : false,
                  "type" : "SvgFeatureRenderer"
               },
               "displayId" : "collapsed_isoseq_structures-b_malayi_PRJNA10729-LinearBasicDisplay",
               "type" : "LinearBasicDisplay"
            }
         ],
         "adapter" : {
            "rootUrlTemplate" : {
               "uri" : "https://s3.amazonaws.com/agrjbrowse/MOD-jbrowses/WormBase/WS288/b_malayi_PRJNA10729/tracks/Collapsed IsoSeq structures/{refseq}/trackData.jsonz",
               "locationType" : "UriLocation"
            },
            "type" : "NCListAdapter"
         },
         "trackId" : "b_malayi_PRJNA10729_collapsed_isoseq_structures",
         "assemblyNames" : [
            "b_malayi_PRJNA10729"
         ],
         "description" : "Aligned and filtered full-length non-chimeric IsoSeq reads with similar alignments collapsed into one representative structure.",
         "name" : "Collapsed IsoSeq structures"
      },
      {
         "type" : "FeatureTrack",
         "category" : [
            "Sequence Similarity",
            "Proteins"
         ],
         "adapter" : {
            "type" : "NCListAdapter",
            "rootUrlTemplate" : {
               "locationType" : "UriLocation",
               "uri" : "https://s3.amazonaws.com/agrjbrowse/MOD-jbrowses/WormBase/WS288/b_malayi_PRJNA10729/tracks/C. remanei proteins/{refseq}/trackData.jsonz"
            }
         },
         "displays" : [
            {
               "renderer" : {
                  "type" : "SvgFeatureRenderer",
                  "showLabels" : false,
                  "height" : 4,
                  "color1" : "orange"
               },
               "displayId" : "C_remanei_proteins-b_malayi_PRJNA10729-LinearBasicDisplay",
               "mouseover" : "jexl:get(feature,'clone')",
               "type" : "LinearBasicDisplay"
            }
         ],
         "assemblyNames" : [
            "b_malayi_PRJNA10729"
         ],
         "trackId" : "b_malayi_PRJNA10729_C_remanei_proteins",
         "description" : "Matches to WormBase C. remanei proteins, aligned with BLASTX (nucleotide to protein, via six-frame translation).",
         "name" : "C. remanei proteins"
      },
      {
         "name" : "RNASeq introns",
         "description" : "These are introns formed by aligned RNASeq reads spanning a region of the genome. Alignments of short read sequences from all available RNASeq projects were used. The number of reads spanning the introns is indicated by the thickness of the display.",
         "trackId" : "b_malayi_PRJNA10729_rnaseq_introns",
         "assemblyNames" : [
            "b_malayi_PRJNA10729"
         ],
         "displays" : [
            {
               "mouseover" : "jexl:get(feature,'score')+' reads'",
               "type" : "LinearBasicDisplay",
               "renderer" : {
                  "height" : "jexl:get(feature,'score')>100?50:get(feature,'score')<8?4:floor(get(feature,'score')/2)",
                  "color1" : "green",
                  "showLabels" : false,
                  "type" : "SvgFeatureRenderer",
                  "showDescriptions" : false
               },
               "displayId" : "rnaseq_introns-b_malayi_PRJNA10729-LinearBasicDisplay"
            }
         ],
         "adapter" : {
            "rootUrlTemplate" : {
               "locationType" : "UriLocation",
               "uri" : "https://s3.amazonaws.com/agrjbrowse/MOD-jbrowses/WormBase/WS288/b_malayi_PRJNA10729/tracks/RNASeq introns/{refseq}/trackData.jsonz"
            },
            "type" : "NCListAdapter"
         },
         "category" : [
            "Expression"
         ],
         "type" : "FeatureTrack"
      },
      {
         "assemblyNames" : [
            "b_malayi_PRJNA10729"
         ],
         "trackId" : "b_malayi_PRJNA10729_rnaseq_splice_junctions_(common)",
         "name" : "RNASeq Splice Junctions (common)",
         "description" : "These are introns formed by aligned RNASeq reads spanning a region of the genome. Alignments of short read sequences from all available RNASeq projects were used. These junctions are considered 'common' in that there are more than 500 reads confirming their existence. The number of reads spanning the introns is indicated by the darkness of the color (shades of cyan for reverse, shades of violet for forward).  Darker is more reads.",
         "type" : "FeatureTrack",
         "category" : [
            "Expression"
         ],
         "adapter" : {
            "rootUrlTemplate" : {
               "uri" : "https://s3.amazonaws.com/agrjbrowse/MOD-jbrowses/WormBase/WS288/b_malayi_PRJNA10729/tracks/RNASeq Splice Junctions (common)/{refseq}/trackData.jsonz",
               "locationType" : "UriLocation"
            },
            "type" : "NCListAdapter"
         },
         "displays" : [
            {
               "type" : "LinearBasicDisplay",
               "mouseover" : "jexl:get(feature,'score')+' reads'",
               "displayId" : "rnaseq_splice_junctions_(common)-b_malayi_PRJNA10729-LinearBasicDisplay",
               "renderer" : {
                  "showDescriptions" : false,
                  "type" : "SvgFeatureRenderer",
                  "color1" : "jexl:get(feature,'score')>20000?(get(feature,'strand')>0?'#730073':'#007373'):get(feature,'strand')>0?'#'+hex(round(255-(140*(get(feature,'score')/20000))))+'00'+hex(round(255-(140*(get(feature,'score')/20000)))):'#00'+hex(round(255-(140*(get(feature,'score')/20000))))+hex(round(255-(140*(get(feature,'score')/20000))))",
                  "showLabels" : false
               }
            }
         ]
      },
      {
         "name" : "RNASeq Splice Junctions (rare)",
         "description" : "These are introns formed by aligned RNASeq reads spanning a region of the genome. Alignments of short read sequences from all available RNASeq projects were used. These junctions are considered 'rare' in that there are fewer than 500 reads confirming their existence. The number of reads spanning the introns is indicated by the darkness of the color (shades of cyan for reverse, shades of violet for forward).  Darker is more reads.",
         "assemblyNames" : [
            "b_malayi_PRJNA10729"
         ],
         "trackId" : "b_malayi_PRJNA10729_rnaseq_splice_junctions_(rare)",
         "adapter" : {
            "rootUrlTemplate" : {
               "uri" : "https://s3.amazonaws.com/agrjbrowse/MOD-jbrowses/WormBase/WS288/b_malayi_PRJNA10729/tracks/RNASeq Splice Junctions (rare)/{refseq}/trackData.jsonz",
               "locationType" : "UriLocation"
            },
            "type" : "NCListAdapter"
         },
         "displays" : [
            {
               "displayId" : "rnaseq_splice_junctions_(rare)-b_malayi_PRJNA10729-LinearBasicDisplay",
               "renderer" : {
                  "showLabels" : false,
                  "height" : "jexl:4",
                  "showDescriptions" : false,
                  "color1" : "jexl:get(feature,'score')>20000?(get(feature,'strand')>0?'#730073':'#007373'):get(feature,'strand')>0?'#'+hex(round(255-(140*(get(feature,'score')/20000))))+'00'+hex(round(255-(140*(get(feature,'score')/20000)))):'#00'+hex(round(255-(140*(get(feature,'score')/20000))))+hex(round(255-(140*(get(feature,'score')/20000))))",
                  "maxHeight" : 5000,
                  "type" : "SvgFeatureRenderer"
               },
               "type" : "LinearBasicDisplay",
               "mouseover" : "jexl:get(feature,'score')+' reads'"
            }
         ],
         "type" : "FeatureTrack",
         "category" : [
            "Expression"
         ]
      },
      {
         "adapter" : {
            "type" : "NCListAdapter",
            "rootUrlTemplate" : {
               "uri" : "https://s3.amazonaws.com/agrjbrowse/MOD-jbrowses/WormBase/WS288/b_malayi_PRJNA10729/tracks/RNASeq Asymmetries/{refseq}/trackData.jsonz",
               "locationType" : "UriLocation"
            }
         },
         "displays" : [
            {
               "displayId" : "rnaseq_asymmetries-b_malayi_PRJNA10729-LinearBasicDisplay",
               "renderer" : {
                  "showLabels" : false,
                  "height" : 24,
                  "color1" : "jexl:get(feature,'source')=='RNASeq_R_asymmetry'?'red': get(feature,'source')=='RNASeq_F_asymmetry'?'green':'black'",
                  "type" : "SvgFeatureRenderer",
                  "displayMode" : "collapse"
               },
               "type" : "LinearBasicDisplay",
               "mouseover" : "jexl:'Score: '+get(feature,'score')"
            }
         ],
         "type" : "FeatureTrack",
         "category" : [
            "Expression"
         ],
         "description" : "Red boxes indicate regions where there are more than 2 times as many forward sense RNASeq reads aligned to the genome as reverse sense reads. This asymmetrical signal has been found empirically to be a sensitive marker for the ends of transcripts. Green boxes indicate regions where there are more than 2 times as many reverse sense RNASeq reads aligned to the genome as forward sense reads. This asymmetrical signal has been found empirically to be sensitive marker for the ends of transcripts. The height of all boxes indicates the relative score of the feature.",
         "name" : "RNASeq Asymmetries",
         "assemblyNames" : [
            "b_malayi_PRJNA10729"
         ],
         "trackId" : "b_malayi_PRJNA10729_rnaseq_asymmetries"
      },
      {
         "category" : [
            "Genome Structure",
            "Repeats"
         ],
         "type" : "FeatureTrack",
         "displays" : [
            {
               "renderer" : {
                  "showDescriptions" : false,
                  "type" : "SvgFeatureRenderer",
                  "showLabels" : false,
                  "color1" : "bisque",
                  "height" : 4
               },
               "displayId" : "repeat_region_(repeatmasker)-b_malayi_PRJNA10729-LinearBasicDisplay",
               "type" : "LinearBasicDisplay"
            }
         ],
         "adapter" : {
            "type" : "NCListAdapter",
            "rootUrlTemplate" : {
               "uri" : "https://s3.amazonaws.com/agrjbrowse/MOD-jbrowses/WormBase/WS288/b_malayi_PRJNA10729/tracks/Repeat Region (RepeatMasker)/{refseq}/trackData.jsonz",
               "locationType" : "UriLocation"
            }
         },
         "trackId" : "b_malayi_PRJNA10729_repeat_region_(repeatmasker)",
         "assemblyNames" : [
            "b_malayi_PRJNA10729"
         ],
         "description" : "Repetitive regions identified by RepeatMasker.",
         "name" : "Repeat Region (RepeatMasker)"
      },
      {
         "adapter" : {
            "type" : "NCListAdapter",
            "rootUrlTemplate" : {
               "locationType" : "UriLocation",
               "uri" : "https://s3.amazonaws.com/agrjbrowse/MOD-jbrowses/WormBase/WS288/b_malayi_PRJNA10729/tracks/S. cerevisiae proteins/{refseq}/trackData.jsonz"
            }
         },
         "displays" : [
            {
               "displayId" : "S_cerevisiae_proteins-b_malayi_PRJNA10729-LinearBasicDisplay",
               "renderer" : {
                  "type" : "SvgFeatureRenderer",
                  "showLabels" : false,
                  "height" : 4,
                  "color1" : "orange"
               },
               "type" : "LinearBasicDisplay",
               "mouseover" : "jexl:get(feature,'clone')"
            }
         ],
         "type" : "FeatureTrack",
         "category" : [
            "Sequence Similarity",
            "Proteins"
         ],
         "description" : "Matches to WormBase S. cerevisiae proteins, aligned with BLASTX (nucleotide to protein, via six-frame translation).",
         "name" : "S. cerevisiae proteins",
         "assemblyNames" : [
            "b_malayi_PRJNA10729"
         ],
         "trackId" : "b_malayi_PRJNA10729_S_cerevisiae_proteins"
      },
      {
         "displays" : [
            {
               "mouseover" : "jexl:get(feature,'clone')",
               "type" : "LinearBasicDisplay",
               "renderer" : {
                  "showLabels" : false,
                  "height" : 4,
                  "color1" : "orange",
                  "type" : "SvgFeatureRenderer"
               },
               "displayId" : "C_briggsae_proteins-b_malayi_PRJNA10729-LinearBasicDisplay"
            }
         ],
         "adapter" : {
            "type" : "NCListAdapter",
            "rootUrlTemplate" : {
               "locationType" : "UriLocation",
               "uri" : "https://s3.amazonaws.com/agrjbrowse/MOD-jbrowses/WormBase/WS288/b_malayi_PRJNA10729/tracks/C. briggsae proteins/{refseq}/trackData.jsonz"
            }
         },
         "category" : [
            "Sequence Similarity",
            "Proteins"
         ],
         "type" : "FeatureTrack",
         "description" : "Matches to WormBase C. briggsae proteins, aligned with BLASTX (nucleotide to protein, via six-frame translation).",
         "name" : "C. briggsae proteins",
         "trackId" : "b_malayi_PRJNA10729_C_briggsae_proteins",
         "assemblyNames" : [
            "b_malayi_PRJNA10729"
         ]
      },
      {
         "adapter" : {
            "type" : "NCListAdapter",
            "rootUrlTemplate" : {
               "locationType" : "UriLocation",
               "uri" : "https://s3.amazonaws.com/agrjbrowse/MOD-jbrowses/WormBase/WS288/b_malayi_PRJNA10729/tracks/Nanopore matches/{refseq}/trackData.jsonz"
            }
         },
         "displays" : [
            {
               "renderer" : {
                  "color1" : "jexl:get(feature,'source')=='BLAT_Caen_mRNA'?'lightblue':'green'",
                  "height" : 4,
                  "showLabels" : false,
                  "type" : "SvgFeatureRenderer",
                  "maxHeight" : 5000
               },
               "displayId" : "nanopore_matches-b_malayi_PRJNA10729-LinearBasicDisplay",
               "type" : "LinearBasicDisplay"
            }
         ],
         "type" : "FeatureTrack",
         "category" : [
            "Genes",
            "Supporting Evidence"
         ],
         "description" : "This Nanopore transcript data is from the paper 'The full-length transcriptome of C. elegans using direct RNA sequencing' Roach et al. https://doi.org/10.1101/598763. Where several transcripts are nearly identical, they are represented by a single transcript and the number of transcripts is recorded in the read coverage. Sequencing is from 3' to 5' and randomly terminates, so the 5' end of transcripts is often incomplete.",
         "name" : "Nanopore matches",
         "assemblyNames" : [
            "b_malayi_PRJNA10729"
         ],
         "trackId" : "b_malayi_PRJNA10729_nanopore_matches"
      },
      {
         "assemblyNames" : [
            "b_malayi_PRJNA10729"
         ],
         "trackId" : "b_malayi_PRJNA10729_tandem_and_inverted_repeats",
         "description" : "Exact tandem and inverted repetitive elements.",
         "name" : "Tandem and Inverted Repeats",
         "type" : "FeatureTrack",
         "category" : [
            "Genome Structure",
            "Repeats"
         ],
         "adapter" : {
            "type" : "NCListAdapter",
            "rootUrlTemplate" : {
               "uri" : "https://s3.amazonaws.com/agrjbrowse/MOD-jbrowses/WormBase/WS288/b_malayi_PRJNA10729/tracks/Tandem and Inverted Repeats/{refseq}/trackData.jsonz",
               "locationType" : "UriLocation"
            }
         },
         "displays" : [
            {
               "type" : "LinearBasicDisplay",
               "displayId" : "tandem_and_inverted_repeats-b_malayi_PRJNA10729-LinearBasicDisplay",
               "renderer" : {
                  "color1" : "bisque",
                  "showLabels" : false,
                  "showDescriptions" : false,
                  "type" : "SvgFeatureRenderer"
               }
            }
         ]
      },
      {
         "adapter" : {
            "type" : "NCListAdapter",
            "rootUrlTemplate" : {
               "locationType" : "UriLocation",
               "uri" : "https://s3.amazonaws.com/agrjbrowse/MOD-jbrowses/WormBase/WS288/b_malayi_PRJNA10729/tracks/C. brenneri proteins/{refseq}/trackData.jsonz"
            }
         },
         "displays" : [
            {
               "mouseover" : "jexl:get(feature,'clone')",
               "type" : "LinearBasicDisplay",
               "renderer" : {
                  "type" : "SvgFeatureRenderer",
                  "showLabels" : false,
                  "color1" : "orange",
                  "height" : 4
               },
               "displayId" : "C_brenneri_proteins-b_malayi_PRJNA10729-LinearBasicDisplay"
            }
         ],
         "type" : "FeatureTrack",
         "category" : [
            "Sequence Similarity",
            "Proteins"
         ],
         "description" : "Matches to WormBase C. brenneri proteins, aligned with BLASTX (nucleotide to protein, via six-frame translation).",
         "name" : "C. brenneri proteins",
         "assemblyNames" : [
            "b_malayi_PRJNA10729"
         ],
         "trackId" : "b_malayi_PRJNA10729_C_brenneri_proteins"
      },
      {
         "name" : "Other UniProt proteins",
         "description" : "Matches to proteins from a slimmed-down version of UniProt (with proteins from WormBase core nematodes, human, fly and yeast removed), aligned with BLASTX (nucleotide to protein, via six-frame translation).",
         "assemblyNames" : [
            "b_malayi_PRJNA10729"
         ],
         "trackId" : "b_malayi_PRJNA10729_other_uniprot_proteins",
         "adapter" : {
            "type" : "NCListAdapter",
            "rootUrlTemplate" : {
               "uri" : "https://s3.amazonaws.com/agrjbrowse/MOD-jbrowses/WormBase/WS288/b_malayi_PRJNA10729/tracks/Other UniProt proteins/{refseq}/trackData.jsonz",
               "locationType" : "UriLocation"
            }
         },
         "displays" : [
            {
               "renderer" : {
                  "type" : "SvgFeatureRenderer",
                  "showDescriptions" : false,
                  "showLabels" : false,
                  "color1" : "orange",
                  "height" : 4
               },
               "displayId" : "other_uniprot_proteins-b_malayi_PRJNA10729-LinearBasicDisplay",
               "type" : "LinearBasicDisplay"
            }
         ],
         "type" : "FeatureTrack",
         "category" : [
            "Sequence Similarity",
            "Proteins"
         ]
      },
      {
         "category" : [
            "Sequence Similarity",
            "Proteins"
         ],
         "type" : "FeatureTrack",
         "displays" : [
            {
               "renderer" : {
                  "type" : "SvgFeatureRenderer",
                  "showLabels" : false,
                  "color1" : "orange",
                  "height" : 4
               },
               "displayId" : "S_ratti_proteins-b_malayi_PRJNA10729-LinearBasicDisplay",
               "mouseover" : "jexl:get(feature,'clone')",
               "type" : "LinearBasicDisplay"
            }
         ],
         "adapter" : {
            "type" : "NCListAdapter",
            "rootUrlTemplate" : {
               "locationType" : "UriLocation",
               "uri" : "https://s3.amazonaws.com/agrjbrowse/MOD-jbrowses/WormBase/WS288/b_malayi_PRJNA10729/tracks/S. ratti proteins/{refseq}/trackData.jsonz"
            }
         },
         "trackId" : "b_malayi_PRJNA10729_S_ratti_proteins",
         "assemblyNames" : [
            "b_malayi_PRJNA10729"
         ],
         "description" : "Matches to WormBase S. ratti proteins, aligned with BLASTX (nucleotide to protein, via six-frame translation).",
         "name" : "S. ratti proteins"
      },
      {
         "category" : [
            "Genome Structure",
            "Assembly & Curation"
         ],
         "type" : "FeatureTrack",
         "formatDetails" : {
            "feature" : "jexl:{ JBrowse1: '<a href=\"/tools/genome/jbrowse-simple/?data=data/b_malayi_PRJNA10729' + '&loc=' +feature.refName+':'+feature.start+'..'+feature.end+ '\">'+feature.refName+':'+feature.start+'..'+feature.end+'</a>'}"
         },
         "displays" : [
            {
               "renderer" : {
                  "height" : 7,
                  "color1" : "sienna",
                  "type" : "SvgFeatureRenderer"
               },
               "displayId" : "contig_submissions-b_malayi_PRJNA10729-LinearBasicDisplay",
               "type" : "LinearBasicDisplay"
            }
         ],
         "adapter" : {
            "type" : "NCListAdapter",
            "rootUrlTemplate" : {
               "uri" : "https://s3.amazonaws.com/agrjbrowse/MOD-jbrowses/WormBase/WS288/b_malayi_PRJNA10729/tracks/Contig submissions/{refseq}/trackData.jsonz",
               "locationType" : "UriLocation"
            }
         },
         "trackId" : "b_malayi_PRJNA10729_contig_submissions",
         "assemblyNames" : [
            "b_malayi_PRJNA10729"
         ],
         "description" : "This track shows the location and coordinates of contigs (mostly cosmids) submitted to GenBank/EMBL.",
         "name" : "Contig submissions"
      },
      {
         "name" : "Trinity-assembled RNAseq",
         "description" : "Native (same species) RNAseq data was assembled with Trinity and then aligned to the genome with BLAT",
         "assemblyNames" : [
            "b_malayi_PRJNA10729"
         ],
         "trackId" : "b_malayi_PRJNA10729_trinity-assembled_rnaseq",
         "adapter" : {
            "type" : "NCListAdapter",
            "rootUrlTemplate" : {
               "locationType" : "UriLocation",
               "uri" : "https://s3.amazonaws.com/agrjbrowse/MOD-jbrowses/WormBase/WS288/b_malayi_PRJNA10729/tracks/Trinity-assembled RNAseq/{refseq}/trackData.jsonz"
            }
         },
         "displays" : [
            {
               "type" : "LinearBasicDisplay",
               "renderer" : {
                  "color1" : "mediumpurple",
                  "height" : 5,
                  "showLabels" : false,
                  "type" : "SvgFeatureRenderer"
               },
               "displayId" : "trinity-assembled_rnaseq-b_malayi_PRJNA10729-LinearBasicDisplay"
            }
         ],
         "type" : "FeatureTrack",
         "category" : [
            "Genes",
            "Supporting Evidence"
         ]
      },
      {
         "type" : "FeatureTrack",
         "category" : [
            "Genes",
            "Supporting Evidence"
         ],
         "adapter" : {
            "type" : "NCListAdapter",
            "rootUrlTemplate" : {
               "locationType" : "UriLocation",
               "uri" : "https://s3.amazonaws.com/agrjbrowse/MOD-jbrowses/WormBase/WS288/b_malayi_PRJNA10729/tracks/ESTs (best)/{refseq}/trackData.jsonz"
            }
         },
         "formatDetails" : {
            "feature" : "jexl:{ JBrowse1: '<a href=\"/tools/genome/jbrowse-simple/?data=data/b_malayi_PRJNA10729' + '&loc=' +feature.refName+':'+feature.start+'..'+feature.end+ '\">'+feature.refName+':'+feature.start+'..'+feature.end+'</a>'}"
         },
         "displays" : [
            {
               "renderer" : {
                  "color1" : "jexl:parent(feature)=='undefined'?'red':get(parent(feature),'has_mate')==1?'limegreen':get(parent(feature),'has_mate')==2?'green':get(parent(feature),'has_mate')==0?'gold':'black'",
                  "type" : "SvgFeatureRenderer",
                  "maxHeight" : 5000
               },
               "displayId" : "ests-b_malayi_PRJNA10729-LinearBasicDisplay",
               "type" : "LinearBasicDisplay"
            }
         ],
         "assemblyNames" : [
            "b_malayi_PRJNA10729"
         ],
         "trackId" : "b_malayi_PRJNA10729_ests",
         "name" : "ESTs",
         "description" : "Native (same-species) Expressed Sequence Tags (ESTs), aligned to the genome using <a href='http://genome.cse.ucsc.edu/cgi-bin/hgBlat'>BLAT</a>. This track shows the best unique location for each EST. The paired 5' and 3' ESTs from the same cDNA clone are connected by a dashed line and a colored light green. ESTs with no mate are yellow, and ESTs with a mate that is 'far away' are dark green."
      },
      {
         "type" : "FeatureTrack",
         "category" : [
            "Sequence Similarity",
            "Proteins"
         ],
         "adapter" : {
            "rootUrlTemplate" : {
               "uri" : "https://s3.amazonaws.com/agrjbrowse/MOD-jbrowses/WormBase/WS288/b_malayi_PRJNA10729/tracks/C. japonica proteins/{refseq}/trackData.jsonz",
               "locationType" : "UriLocation"
            },
            "type" : "NCListAdapter"
         },
         "displays" : [
            {
               "displayId" : "C_japonica_proteins-b_malayi_PRJNA10729-LinearBasicDisplay",
               "renderer" : {
                  "type" : "SvgFeatureRenderer",
                  "height" : 4,
                  "color1" : "orange",
                  "showLabels" : false
               },
               "type" : "LinearBasicDisplay",
               "mouseover" : "jexl:get(feature,'clone')"
            }
         ],
         "assemblyNames" : [
            "b_malayi_PRJNA10729"
         ],
         "trackId" : "b_malayi_PRJNA10729_C_japonica_proteins",
         "name" : "C. japonica proteins",
         "description" : "Matches to WormBase C. japonica proteins, aligned with BLASTX (nucleotide to protein, via six-frame translation)."
      },
      {
         "description" : "These boxes indicate alignments of short read sequences from all available RNASeq projects. The number of reads has been normalised by averaging over the number of libraries. The height of all boxes indicates the relative score of the feature.",
         "name" : "RNASeq",
         "trackId" : "b_malayi_PRJNA10729_rnaseq",
         "assemblyNames" : [
            "b_malayi_PRJNA10729"
         ],
         "displays" : [
            {
               "type" : "LinearBasicDisplay",
               "mouseover" : "jexl:'Score: '+get(feature,'score')",
               "displayId" : "rnaseq-b_malayi_PRJNA10729-LinearBasicDisplay",
               "renderer" : {
                  "showDescriptions" : false,
                  "displayMode" : "collapse",
                  "showLabels" : false,
                  "height" : "jexl:get(feature,'score')>100?50:floor(get(feature,'score')/2)>4?floor(get(feature,'score')/2):4",
                  "type" : "SvgFeatureRenderer",
                  "color1" : "black"
               }
            }
         ],
         "adapter" : {
            "type" : "NCListAdapter",
            "rootUrlTemplate" : {
               "uri" : "https://s3.amazonaws.com/agrjbrowse/MOD-jbrowses/WormBase/WS288/b_malayi_PRJNA10729/tracks/RNASeq/{refseq}/trackData.jsonz",
               "locationType" : "UriLocation"
            }
         },
         "category" : [
            "Expression"
         ],
         "type" : "FeatureTrack"
      },
      {
         "displays" : [
            {
               "displayId" : "low_complextity_region_(dust)-b_malayi_PRJNA10729-LinearBasicDisplay",
               "renderer" : {
                  "type" : "SvgFeatureRenderer",
                  "showDescriptions" : false,
                  "height" : 4,
                  "color1" : "bisque",
                  "showLabels" : false
               },
               "type" : "LinearBasicDisplay"
            }
         ],
         "adapter" : {
            "type" : "NCListAdapter",
            "rootUrlTemplate" : {
               "locationType" : "UriLocation",
               "uri" : "https://s3.amazonaws.com/agrjbrowse/MOD-jbrowses/WormBase/WS288/b_malayi_PRJNA10729/tracks/Low complextity region (Dust)/{refseq}/trackData.jsonz"
            }
         },
         "category" : [
            "Genome Structure",
            "Repeats"
         ],
         "type" : "FeatureTrack",
         "description" : "Low-complexity regions identified by Dust.",
         "name" : "Low complextity region (Dust)",
         "trackId" : "b_malayi_PRJNA10729_low_complextity_region_(dust)",
         "assemblyNames" : [
            "b_malayi_PRJNA10729"
         ]
      },
      {
         "trackId" : "b_malayi_PRJNA10729_D_melanogaster_proteins",
         "assemblyNames" : [
            "b_malayi_PRJNA10729"
         ],
         "name" : "D. melanogaster proteins",
         "description" : "Matches to WormBase D. melanogaster proteins, aligned with BLASTX (nucleotide to protein, via six-frame translation).",
         "category" : [
            "Sequence Similarity",
            "Proteins"
         ],
         "type" : "FeatureTrack",
         "displays" : [
            {
               "type" : "LinearBasicDisplay",
               "mouseover" : "jexl:get(feature,'clone')",
               "displayId" : "D_melanogaster_proteins-b_malayi_PRJNA10729-LinearBasicDisplay",
               "renderer" : {
                  "showLabels" : false,
                  "height" : 4,
                  "color1" : "orange",
                  "type" : "SvgFeatureRenderer"
               }
            }
         ],
         "adapter" : {
            "type" : "NCListAdapter",
            "rootUrlTemplate" : {
               "locationType" : "UriLocation",
               "uri" : "https://s3.amazonaws.com/agrjbrowse/MOD-jbrowses/WormBase/WS288/b_malayi_PRJNA10729/tracks/D. melanogaster proteins/{refseq}/trackData.jsonz"
            }
         }
      },
      {
         "name" : "Mass spec peptides",
         "description" : "This track shows peptides identified in mass spec proteomics experiments.",
         "trackId" : "b_malayi_PRJNA10729_mass_spec_peptides",
         "assemblyNames" : [
            "b_malayi_PRJNA10729"
         ],
         "displays" : [
            {
               "displayId" : "mass_spec_peptides-b_malayi_PRJNA10729-LinearBasicDisplay",
               "renderer" : {
                  "height" : 7,
                  "color1" : "red",
                  "type" : "SvgFeatureRenderer"
               },
               "type" : "LinearBasicDisplay"
            }
         ],
         "formatDetails" : {
            "feature" : "jexl:{ JBrowse1: '<a href=\"/tools/genome/jbrowse-simple/?data=data/b_malayi_PRJNA10729' + '&loc=' +feature.refName+':'+feature.start+'..'+feature.end+ '\">'+feature.refName+':'+feature.start+'..'+feature.end+'</a>'}"
         },
         "adapter" : {
            "type" : "NCListAdapter",
            "rootUrlTemplate" : {
               "uri" : "https://s3.amazonaws.com/agrjbrowse/MOD-jbrowses/WormBase/WS288/b_malayi_PRJNA10729/tracks/Mass spec peptides/{refseq}/trackData.jsonz",
               "locationType" : "UriLocation"
            }
         },
         "category" : [
            "Sequence Features",
            "Translated Features"
         ],
         "type" : "FeatureTrack"
      },
      {
         "adapter" : {
            "type" : "NCListAdapter",
            "rootUrlTemplate" : {
               "uri" : "https://s3.amazonaws.com/agrjbrowse/MOD-jbrowses/WormBase/WS288/b_malayi_PRJNA10729/tracks/O. volvulus proteins/{refseq}/trackData.jsonz",
               "locationType" : "UriLocation"
            }
         },
         "displays" : [
            {
               "renderer" : {
                  "color1" : "orange",
                  "height" : 4,
                  "showLabels" : false,
                  "type" : "SvgFeatureRenderer"
               },
               "displayId" : "O_volvulus_proteins-b_malayi_PRJNA10729-LinearBasicDisplay",
               "mouseover" : "jexl:get(feature,'clone')",
               "type" : "LinearBasicDisplay"
            }
         ],
         "type" : "FeatureTrack",
         "category" : [
            "Sequence Similarity",
            "Proteins"
         ],
         "name" : "O. volvulus proteins",
         "description" : "Matches to WormBase O. volvulus proteins, aligned with BLASTX (nucleotide to protein, via six-frame translation).",
         "assemblyNames" : [
            "b_malayi_PRJNA10729"
         ],
         "trackId" : "b_malayi_PRJNA10729_O_volvulus_proteins"
      },
      {
         "trackId" : "b_malayi_PRJNA10729_T_muris_proteins",
         "assemblyNames" : [
            "b_malayi_PRJNA10729"
         ],
         "name" : "T. muris proteins",
         "description" : "Matches to WormBase T. muris proteins, aligned with BLASTX (nucleotide to protein, via six-frame translation).",
         "category" : [
            "Sequence Similarity",
            "Proteins"
         ],
         "type" : "FeatureTrack",
         "displays" : [
            {
               "displayId" : "T_muris_proteins-b_malayi_PRJNA10729-LinearBasicDisplay",
               "renderer" : {
                  "showLabels" : false,
                  "color1" : "orange",
                  "height" : 4,
                  "type" : "SvgFeatureRenderer"
               },
               "type" : "LinearBasicDisplay",
               "mouseover" : "jexl:get(feature,'clone')"
            }
         ],
         "adapter" : {
            "type" : "NCListAdapter",
            "rootUrlTemplate" : {
               "uri" : "https://s3.amazonaws.com/agrjbrowse/MOD-jbrowses/WormBase/WS288/b_malayi_PRJNA10729/tracks/T. muris proteins/{refseq}/trackData.jsonz",
               "locationType" : "UriLocation"
            }
         }
      },
      {
         "adapter" : {
            "rootUrlTemplate" : {
               "uri" : "https://s3.amazonaws.com/agrjbrowse/MOD-jbrowses/WormBase/WS288/b_malayi_PRJNA10729/tracks/P. pacificus proteins/{refseq}/trackData.jsonz",
               "locationType" : "UriLocation"
            },
            "type" : "NCListAdapter"
         },
         "displays" : [
            {
               "type" : "LinearBasicDisplay",
               "mouseover" : "jexl:get(feature,'clone')",
               "displayId" : "P_pacificus_proteins-b_malayi_PRJNA10729-LinearBasicDisplay",
               "renderer" : {
                  "showLabels" : false,
                  "color1" : "orange",
                  "height" : 4,
                  "type" : "SvgFeatureRenderer"
               }
            }
         ],
         "type" : "FeatureTrack",
         "category" : [
            "Sequence Similarity",
            "Proteins"
         ],
         "description" : "Matches to WormBase P. pacificus proteins, aligned with BLASTX (nucleotide to protein, via six-frame translation).",
         "name" : "P. pacificus proteins",
         "assemblyNames" : [
            "b_malayi_PRJNA10729"
         ],
         "trackId" : "b_malayi_PRJNA10729_P_pacificus_proteins"
      },
      {
         "trackId" : "b_malayi_PRJNA10729_H_sapiens_proteins",
         "assemblyNames" : [
            "b_malayi_PRJNA10729"
         ],
         "name" : "H. sapiens proteins",
         "description" : "Matches to WormBase H. sapiens proteins, aligned with BLASTX (nucleotide to protein, via six-frame translation).",
         "category" : [
            "Sequence Similarity",
            "Proteins"
         ],
         "type" : "FeatureTrack",
         "displays" : [
            {
               "type" : "LinearBasicDisplay",
               "mouseover" : "jexl:get(feature,'clone')",
               "displayId" : "H_sapiens_proteins-b_malayi_PRJNA10729-LinearBasicDisplay",
               "renderer" : {
                  "showLabels" : false,
                  "color1" : "orange",
                  "height" : 4,
                  "type" : "SvgFeatureRenderer"
               }
            }
         ],
         "adapter" : {
            "rootUrlTemplate" : {
               "uri" : "https://s3.amazonaws.com/agrjbrowse/MOD-jbrowses/WormBase/WS288/b_malayi_PRJNA10729/tracks/H. sapiens proteins/{refseq}/trackData.jsonz",
               "locationType" : "UriLocation"
            },
            "type" : "NCListAdapter"
         }
      },
      {
         "adapter" : {
            "rootUrlTemplate" : {
               "uri" : "https://s3.amazonaws.com/agrjbrowse/MOD-jbrowses/WormBase/WS288/b_malayi_PRJNA10729/tracks/B. malayi proteins/{refseq}/trackData.jsonz",
               "locationType" : "UriLocation"
            },
            "type" : "NCListAdapter"
         },
         "displays" : [
            {
               "mouseover" : "jexl:get(feature,'clone')",
               "type" : "LinearBasicDisplay",
               "renderer" : {
                  "type" : "SvgFeatureRenderer",
                  "color1" : "orange",
                  "height" : 4,
                  "showLabels" : false
               },
               "displayId" : "B_malayi_proteins-b_malayi_PRJNA10729-LinearBasicDisplay"
            }
         ],
         "type" : "FeatureTrack",
         "category" : [
            "Sequence Similarity",
            "Proteins"
         ],
         "name" : "B. malayi proteins",
         "description" : "Matches to WormBase B. malayi proteins, aligned with BLASTX (nucleotide to protein, via six-frame translation).",
         "assemblyNames" : [
            "b_malayi_PRJNA10729"
         ],
         "trackId" : "b_malayi_PRJNA10729_B_malayi_proteins"
      },
      {
         "category" : [
            "Sequence Similarity",
            "Proteins"
         ],
         "type" : "FeatureTrack",
         "displays" : [
            {
               "type" : "LinearBasicDisplay",
               "mouseover" : "jexl:get(feature,'clone')",
               "displayId" : "C_elegans_proteins-b_malayi_PRJNA10729-LinearBasicDisplay",
               "renderer" : {
                  "showLabels" : false,
                  "height" : 4,
                  "color1" : "orange",
                  "type" : "SvgFeatureRenderer"
               }
            }
         ],
         "adapter" : {
            "rootUrlTemplate" : {
               "uri" : "https://s3.amazonaws.com/agrjbrowse/MOD-jbrowses/WormBase/WS288/b_malayi_PRJNA10729/tracks/C. elegans proteins/{refseq}/trackData.jsonz",
               "locationType" : "UriLocation"
            },
            "type" : "NCListAdapter"
         },
         "trackId" : "b_malayi_PRJNA10729_C_elegans_proteins",
         "assemblyNames" : [
            "b_malayi_PRJNA10729"
         ],
         "name" : "C. elegans proteins",
         "description" : "Matches to WormBase C. elegans proteins, aligned with BLASTX (nucleotide to protein, via six-frame translation)."
      },
      {
         "name" : "RNASeq introns",
         "description" : "These are introns formed by aligned RNASeq reads spanning a region of the genome. Alignments of short read sequences from all available RNASeq projects were used. The number of reads spanning the introns is indicated by the thickness of the display.",
         "assemblyNames" : [
            "b_malayi_PRJNA10729"
         ],
         "trackId" : "b_malayi_PRJNA10729_rnaseq_introns",
         "adapter" : {
            "type" : "NCListAdapter",
            "rootUrlTemplate" : {
               "locationType" : "UriLocation",
               "uri" : "https://s3.amazonaws.com/agrjbrowse/MOD-jbrowses/WormBase/WS288/b_malayi_PRJNA10729/tracks/RNASeq introns/{refseq}/trackData.jsonz"
            }
         },
         "displays" : [
            {
               "mouseover" : "jexl:get(feature,'score')+' reads'",
               "type" : "LinearBasicDisplay",
               "renderer" : {
                  "showDescriptions" : false,
                  "type" : "SvgFeatureRenderer",
                  "showLabels" : false,
                  "color1" : "green",
                  "height" : "jexl:get(feature,'score')>100?50:get(feature,'score')<8?4:floor(get(feature,'score')/2)"
               },
               "displayId" : "rnaseq_introns-b_malayi_PRJNA10729-LinearBasicDisplay"
            }
         ],
         "type" : "FeatureTrack",
         "category" : [
            "Expression"
         ]
      },
      {
         "trackId" : "b_malayi_PRJNA10729_rnaseq_splice_junctions_(common)",
         "assemblyNames" : [
            "b_malayi_PRJNA10729"
         ],
         "name" : "RNASeq Splice Junctions (common)",
         "description" : "These are introns formed by aligned RNASeq reads spanning a region of the genome. Alignments of short read sequences from all available RNASeq projects were used. These junctions are considered 'common' in that there are more than 500 reads confirming their existence. The number of reads spanning the introns is indicated by the darkness of the color (shades of cyan for reverse, shades of violet for forward).  Darker is more reads.",
         "category" : [
            "Expression"
         ],
         "type" : "FeatureTrack",
         "displays" : [
            {
               "type" : "LinearBasicDisplay",
               "mouseover" : "jexl:get(feature,'score')+' reads'",
               "displayId" : "rnaseq_splice_junctions_(common)-b_malayi_PRJNA10729-LinearBasicDisplay",
               "renderer" : {
                  "color1" : "jexl:get(feature,'score')>1000?(get(feature,'strand')>0?'#730073':'#007373'):get(feature,'strand')>0?'#'+hex(round(255-(140*(get(feature,'score')/1000))))+'00'+hex(round(255-(140*(get(feature,'score')/1000)))):'#00'+hex(round(255-(140*(get(feature,'score')/1000))))+hex(round(255-(140*(get(feature,'score')/1000))))",
                  "showLabels" : false,
                  "showDescriptions" : false,
                  "type" : "SvgFeatureRenderer"
               }
            }
         ],
         "adapter" : {
            "rootUrlTemplate" : {
               "uri" : "https://s3.amazonaws.com/agrjbrowse/MOD-jbrowses/WormBase/WS288/b_malayi_PRJNA10729/tracks/RNASeq Splice Junctions (common)/{refseq}/trackData.jsonz",
               "locationType" : "UriLocation"
            },
            "type" : "NCListAdapter"
         }
      },
      {
         "type" : "FeatureTrack",
         "category" : [
            "Expression"
         ],
         "adapter" : {
            "type" : "NCListAdapter",
            "rootUrlTemplate" : {
               "uri" : "https://s3.amazonaws.com/agrjbrowse/MOD-jbrowses/WormBase/WS288/b_malayi_PRJNA10729/tracks/RNASeq Splice Junctions (rare)/{refseq}/trackData.jsonz",
               "locationType" : "UriLocation"
            }
         },
         "displays" : [
            {
               "mouseover" : "jexl:get(feature,'score')+' reads'",
               "type" : "LinearBasicDisplay",
               "renderer" : {
                  "showLabels" : false,
                  "color1" : "jexl:get(feature,'score')>1000?(get(feature,'strand')>0?'#730073':'#007373'):get(feature,'strand')>0?'#'+hex(round(255-(140*(get(feature,'score')/1000))))+'00'+hex(round(255-(140*(get(feature,'score')/1000)))):'#00'+hex(round(255-(140*(get(feature,'score')/1000))))+hex(round(255-(140*(get(feature,'score')/1000))))",
                  "height" : "jexl:4",
                  "maxHeight" : 5000,
                  "showDescriptions" : false,
                  "type" : "SvgFeatureRenderer"
               },
               "displayId" : "rnaseq_splice_junctions_(rare)-b_malayi_PRJNA10729-LinearBasicDisplay"
            }
         ],
         "assemblyNames" : [
            "b_malayi_PRJNA10729"
         ],
         "trackId" : "b_malayi_PRJNA10729_rnaseq_splice_junctions_(rare)",
         "description" : "These are introns formed by aligned RNASeq reads spanning a region of the genome. Alignments of short read sequences from all available RNASeq projects were used. These junctions are considered 'rare' in that there are fewer than 500 reads confirming their existence. The number of reads spanning the introns is indicated by the darkness of the color (shades of cyan for reverse, shades of violet for forward).  Darker is more reads.",
         "name" : "RNASeq Splice Junctions (rare)"
      }
   ],
   "assemblies" : [
      {
         "displayName" : "b_malayi_PRJNA10729",
         "sequence" : {
            "type" : "ReferenceSequenceTrack",
            "trackId" : "b_malayi_PRJNA10729-1646426635733",
            "adapter" : {
               "fastaLocation" : {
                  "locationType" : "UriLocation",
                  "uri" : "https://s3.amazonaws.com/wormbase-modencode/fasta/current/b_malayi.PRJNA10729.WS284.genomic.fa.gz"
               },
               "gziLocation" : {
                  "uri" : "https://s3.amazonaws.com/wormbase-modencode/fasta/current/b_malayi.PRJNA10729.WS284.genomic.fa.gz.gzi",
                  "locationType" : "UriLocation"
               },
               "faiLocation" : {
                  "uri" : "https://s3.amazonaws.com/wormbase-modencode/fasta/current/b_malayi.PRJNA10729.WS284.genomic.fa.gz.fai",
                  "locationType" : "UriLocation"
               },
               "type" : "BgzipFastaAdapter"
            },
            "displays" : [
               {
                  "type" : "LinearReferenceSequenceDisplay",
                  "displayId" : "b_malayi_PRJNA10729-LinearReferenceSequenceDisplay"
               }
            ]
         },
         "name" : "b_malayi_PRJNA10729"
      }
   ]
}
