{
   "assemblies" : [
      {
         "displayName" : "c_brenneri_PRJNA20035",
         "sequence" : {
            "adapter" : {
               "faiLocation" : {
                  "locationType" : "UriLocation",
                  "uri" : "https://s3.amazonaws.com/wormbase-modencode/fasta/current/c_brenneri.PRJNA20035.WS284.genomic.fa.gz.fai"
               },
               "type" : "BgzipFastaAdapter",
               "fastaLocation" : {
                  "locationType" : "UriLocation",
                  "uri" : "https://s3.amazonaws.com/wormbase-modencode/fasta/current/c_brenneri.PRJNA20035.WS284.genomic.fa.gz"
               },
               "gziLocation" : {
                  "uri" : "https://s3.amazonaws.com/wormbase-modencode/fasta/current/c_brenneri.PRJNA20035.WS284.genomic.fa.gz.gzi",
                  "locationType" : "UriLocation"
               }
            },
            "displays" : [
               {
                  "displayId" : "c_brenneri_PRJNA20035-LinearReferenceSequenceDisplay",
                  "type" : "LinearReferenceSequenceDisplay"
               }
            ],
            "type" : "ReferenceSequenceTrack",
            "trackId" : "c_brenneri_PRJNA20035-1646426635733"
         },
         "name" : "c_brenneri_PRJNA20035"
      }
   ],
   "tracks" : [
      {
         "trackId" : "c_brenneri_PRJNA20035_curated_genes",
         "assemblyNames" : [
            "c_brenneri_PRJNA20035"
         ],
         "name" : "Curated Genes",
         "description" : "Protein-coding gene structures result from the integration of a variety of prediction methods and data sources followed by manual review and revison by WormBase curators. tRNAs are predicted by tRNAscan, and other non-coding RNA transcripts are taken from a variety of literature sources. The purple and blue colors indicate transcripts on the forward and reverse strands respectively. Dark purple areas represent 5' and 3' UTRs of protein-coding transcripts, assigned automatically using the extents of overlapping ESTs and full-length cDNAs. The UTR predictions have not been reviewed by WormBase curators, and some are known to contain artifacts. Grey transcripts represent either non-coding transcripts of protein coding genes or transcripts of non-coding genes.",
         "category" : [
            "Genes",
            "Curated Genes"
         ],
         "type" : "FeatureTrack",
         "displays" : [
            {
               "displayId" : "curated_genes-c_brenneri_PRJNA20035-LinearBasicDisplay",
               "renderer" : {
                  "labels" : {
                     "name" : "jexl:get(feature,'locus') || get(feature,'sequence_name')"
                  },
                  "color1" : "jexl:get(feature,'type')!='CDS'?'gray':get(feature,'strand')>0?'violet':'turquoise'",
                  "maxHeight" : 5000,
                  "color3" : "#965567",
                  "type" : "SvgFeatureRenderer"
               },
               "type" : "LinearBasicDisplay"
            }
         ],
         "formatDetails" : {
            "feature" : "jexl:{ JBrowse1: '<a href=\"/tools/genome/jbrowse-simple/?data=data/c_brenneri_PRJNA20035' + '&loc=' +feature.refName+':'+feature.start+'..'+feature.end+ '\">'+feature.name+'</a>', WormBase: feature.source=='WormBase'?'<a href=\"/get?name='+feature.name+';class=Gene\">Gene Page</a>':''}"
         },
         "adapter" : {
            "rootUrlTemplate" : {
               "locationType" : "UriLocation",
               "uri" : "https://s3.amazonaws.com/agrjbrowse/MOD-jbrowses/WormBase/WS288/c_brenneri_PRJNA20035/tracks/Curated_Genes/{refseq}/trackData.jsonz"
            },
            "type" : "NCListAdapter"
         }
      },
      {
         "type" : "FeatureTrack",
         "category" : [
            "Genes",
            "Supporting Evidence"
         ],
         "adapter" : {
            "rootUrlTemplate" : {
               "uri" : "https://s3.amazonaws.com/agrjbrowse/MOD-jbrowses/WormBase/WS288/c_brenneri_PRJNA20035/tracks/mRNAs_ncRNAs (best)/{refseq}/trackData.jsonz",
               "locationType" : "UriLocation"
            },
            "type" : "NCListAdapter"
         },
         "displays" : [
            {
               "renderer" : {
                  "color1" : "jexl:startsWith(get(feature,'source'),'BLAT_mRNA_')==true?'yellow':'gray'",
                  "height" : 6,
                  "type" : "SvgFeatureRenderer",
                  "outline" : "black"
               },
               "displayId" : "mrnas/ncrnas_(best)-c_brenneri_PRJNA20035-LinearBasicDisplay",
               "type" : "LinearBasicDisplay"
            }
         ],
         "formatDetails" : {
            "feature" : "jexl:{ JBrowse1: '<a href=\"/tools/genome/jbrowse-simple/?data=data/c_brenneri_PRJNA20035' + '&loc=' +feature.refName+':'+feature.start+'..'+feature.end+ '\">'+feature.name+'</a>'}"
         },
         "assemblyNames" : [
            "c_brenneri_PRJNA20035"
         ],
         "trackId" : "c_brenneri_PRJNA20035_mrnas/ncrnas_(best)",
         "description" : "Native (same species) full length cDNAs and ncRNAs aligned to the genome using BLAT. This track shows the best unique location for each cDNA.",
         "name" : "mRNAs/ncRNAs (best)"
      },
      {
         "assemblyNames" : [
            "c_brenneri_PRJNA20035"
         ],
         "trackId" : "c_brenneri_PRJNA20035_curated_genes_noncoding",
         "description" : "Non-coding curated gene models, including ncRNA, tRNA, miRNA, snRNA, snoRNA, piRNA, lincRNA and antisense RNA.",
         "name" : "Curated Genes (noncoding)",
         "type" : "FeatureTrack",
         "category" : [
            "Genes",
            "Curated Genes"
         ],
         "adapter" : {
            "rootUrlTemplate" : {
               "uri" : "https://s3.amazonaws.com/agrjbrowse/MOD-jbrowses/WormBase/WS288/c_brenneri_PRJNA20035/tracks/Curated Genes (noncoding)/{refseq}/trackData.jsonz",
               "locationType" : "UriLocation"
            },
            "type" : "NCListAdapter"
         },
         "displays" : [
            {
               "renderer" : {
                  "height" : 6,
                  "color1" : "gray",
                  "type" : "SvgFeatureRenderer"
               },
               "displayId" : "curated_genes_(noncoding)-c_brenneri_PRJNA20035-LinearBasicDisplay",
               "type" : "LinearBasicDisplay"
            }
         ],
         "formatDetails" : {
            "feature" : "jexl:{ JBrowse1: '<a href=\"/tools/genome/jbrowse-simple/?data=data/c_brenneri_PRJNA20035' + '&loc=' +feature.refName+':'+feature.start+'..'+feature.end+ '\">'+feature.name+'</a>'}"
         }
      },
      {
         "displays" : [
            {
               "displayId" : "curated_genes_(protein_coding)-c_brenneri_PRJNA20035-LinearBasicDisplay",
               "renderer" : {
                  "color1" : "jexl:get(feature,'strand')>0?'violet':'turquoise'",
                  "maxHeight" : 5000,
                  "type" : "SvgFeatureRenderer",
                  "color3" : "#965567"
               },
               "type" : "LinearBasicDisplay"
            }
         ],
         "formatDetails" : {
            "feature" : "jexl:{ JBrowse1: '<a href=\"/tools/genome/jbrowse-simple/?data=data/c_brenneri_PRJNA20035' + '&loc=' +feature.refName+':'+feature.start+'..'+feature.end+ '\">'+feature.name+'</a>'}"
         },
         "adapter" : {
            "rootUrlTemplate" : {
               "uri" : "https://s3.amazonaws.com/agrjbrowse/MOD-jbrowses/WormBase/WS288/c_brenneri_PRJNA20035/tracks/Curated Genes (protein coding)/{refseq}/trackData.jsonz",
               "locationType" : "UriLocation"
            },
            "type" : "NCListAdapter"
         },
         "category" : [
            "Genes",
            "Curated Genes"
         ],
         "type" : "FeatureTrack",
         "name" : "Curated Genes (protein coding)",
         "description" : "A subset of the full Curated Genes set limited to protein-coding genes only. Only the CDS is represented. Full models (with UTRs) can be seen on the 'Curated Genes' track.",
         "trackId" : "c_brenneri_PRJNA20035_curated_genes_protein_coding",
         "assemblyNames" : [
            "c_brenneri_PRJNA20035"
         ]
      },
      {
         "trackId" : "c_brenneri_PRJNA20035_yacs_fosmids_cosmids",
         "assemblyNames" : [
            "c_brenneri_PRJNA20035"
         ],
         "name" : "YACs, Fosmids, & Cosmids",
         "description" : "This track shows the locations of the cosmids, fosmids, and YACs used for the physical mapping and sequencing of the C. elegans genome.  The clone termini do not necessarily correspond to the termini of submitted GenBank/EMBL entries. In some cases the exact termini of the clones is not known.  For example, YACs were sequenced using PCR amplification across gaps in the cosmid maps.  When a clone end is not known, it is shown as an arrow extending to the end of the display.  Such data is to be treated with caution.  The Vancouver fosmids can be ordered directly from <a href='http://www.geneservice.co.uk/products/clones/Celegans_Fos.jsp'>GeneService</a>.",
         "category" : [
            "Reagents"
         ],
         "type" : "FeatureTrack",
         "formatDetails" : {
            "feature" : "jexl:{ JBrowse1: '<a href=\"/tools/genome/jbrowse-simple/?data=data/c_brenneri_PRJNA20035' + '&loc=' +feature.refName+':'+feature.start+'..'+feature.end+ '\">'+feature.refName+':'+feature.start+'..'+feature.end+'</a>'}"
         },
         "displays" : [
            {
               "type" : "LinearBasicDisplay",
               "renderer" : {
                  "type" : "SvgFeatureRenderer",
                  "color1" : "black",
                  "height" : 3
               },
               "displayId" : "yacs,_fosmids,_&_cosmids-c_brenneri_PRJNA20035-LinearBasicDisplay"
            }
         ],
         "adapter" : {
            "rootUrlTemplate" : {
               "uri" : "https://s3.amazonaws.com/agrjbrowse/MOD-jbrowses/WormBase/WS288/c_brenneri_PRJNA20035/tracks/YACs, Fosmids, & Cosmids/{refseq}/trackData.jsonz",
               "locationType" : "UriLocation"
            },
            "type" : "NCListAdapter"
         }
      },
      {
         "adapter" : {
            "type" : "NCListAdapter",
            "rootUrlTemplate" : {
               "uri" : "https://s3.amazonaws.com/agrjbrowse/MOD-jbrowses/WormBase/WS288/c_brenneri_PRJNA20035/tracks/Protein motifs/{refseq}/trackData.jsonz",
               "locationType" : "UriLocation"
            }
         },
         "displays" : [
            {
               "displayId" : "protein_motifs-c_brenneri_PRJNA20035-LinearBasicDisplay",
               "renderer" : {
                  "height" : 7,
                  "color1" : "jexl:parent(feature)=='undefined'?'purple':get(parent(feature),'predictiontype')=='tmhmm'?'magenta':get(parent(feature),'predictiontype')=='seg'?'lightseagreen':get(parent(feature),'predictiontype')=='signalp'?'aquamarine':get(parent(feature),'predictiontype')=='ncoils'?'chartreuse':\nget(parent(feature),'predictiontype')=='pfam'?'lightsalmon':'purple'",
                  "type" : "SvgFeatureRenderer"
               },
               "type" : "LinearBasicDisplay"
            }
         ],
         "formatDetails" : {
            "feature" : "jexl:{ JBrowse1: '<a href=\"/tools/genome/jbrowse-simple/?data=data/c_brenneri_PRJNA20035' + '&loc=' +feature.refName+':'+feature.start+'..'+feature.end+ '\">'+feature.refName+':'+feature.start+'..'+feature.end+'</a>'}"
         },
         "type" : "FeatureTrack",
         "category" : [
            "Sequence Features",
            "Translated Features"
         ],
         "description" : "This track shows the extent of predicted protein motifs. Note these spans correspond to amino acid coordinates interpolated onto the physical map.  Included are signal peptide (signalp), coiled coil (ncoils) and transmembrane (tmhmm) domains, regions of low complexity (seg), and Pfam annotated motif homologies.",
         "name" : "Protein motifs",
         "assemblyNames" : [
            "c_brenneri_PRJNA20035"
         ],
         "trackId" : "c_brenneri_PRJNA20035_protein_motifs"
      },
      {
         "displays" : [
            {
               "type" : "LinearBasicDisplay",
               "renderer" : {
                  "color1" : "jexl:get(feature,'strand')>0?'violet':'turquoise'",
                  "labels" : {
                     "description" : "jexl:get(feature,'type')"
                  },
                  "type" : "SvgFeatureRenderer"
               },
               "displayId" : "gene_models_(historical)-c_brenneri_PRJNA20035-LinearBasicDisplay"
            }
         ],
         "formatDetails" : {
            "feature" : "jexl:{ JBrowse1: '<a href=\"/tools/genome/jbrowse-simple/?data=data/c_brenneri_PRJNA20035' + '&loc=' +feature.refName+':'+feature.start+'..'+feature.end+ '\">'+feature.name+'</a>'}"
         },
         "adapter" : {
            "rootUrlTemplate" : {
               "uri" : "https://s3.amazonaws.com/agrjbrowse/MOD-jbrowses/WormBase/WS288/c_brenneri_PRJNA20035/tracks/Gene Models (historical)/{refseq}/trackData.jsonz",
               "locationType" : "UriLocation"
            },
            "type" : "NCListAdapter"
         },
         "category" : [
            "Genes",
            "Curated Genes"
         ],
         "type" : "FeatureTrack",
         "description" : "Historical gene predictions.",
         "name" : "Gene Models (historical)",
         "trackId" : "c_brenneri_PRJNA20035_gene_models_(historical)",
         "assemblyNames" : [
            "c_brenneri_PRJNA20035"
         ]
      },
      {
         "type" : "FeatureTrack",
         "category" : [
            "Genes",
            "Ab-initio predictions"
         ],
         "adapter" : {
            "type" : "NCListAdapter",
            "rootUrlTemplate" : {
               "locationType" : "UriLocation",
               "uri" : "https://s3.amazonaws.com/agrjbrowse/MOD-jbrowses/WormBase/WS288/c_brenneri_PRJNA20035/tracks/genBlastG CDS predictions/{refseq}/trackData.jsonz"
            }
         },
         "displays" : [
            {
               "renderer" : {
                  "height" : 7,
                  "type" : "SvgFeatureRenderer"
               },
               "displayId" : "genblastg_cds_predictions-c_brenneri_PRJNA20035-LinearBasicDisplay",
               "type" : "LinearBasicDisplay"
            }
         ],
         "formatDetails" : {
            "feature" : "jexl:{ JBrowse1: '<a href=\"/tools/genome/jbrowse-simple/?data=data/c_brenneri_PRJNA20035' + '&loc=' +feature.refName+':'+feature.start+'..'+feature.end+ '\">'+feature.refName+':'+feature.start+'..'+feature.end+'</a>'}"
         },
         "assemblyNames" : [
            "c_brenneri_PRJNA20035"
         ],
         "trackId" : "c_brenneri_PRJNA20035_genblastg_cds_predictions",
         "name" : "genBlastG CDS predictions",
         "description" : "Data from 'genBlastG: using BLAST searches to build homologous gene models' (WBPaper00040677)."
      },
      {
         "assemblyNames" : [
            "c_brenneri_PRJNA20035"
         ],
         "trackId" : "c_brenneri_PRJNA20035_curated_genes_pseudogenes",
         "description" : "A subset of the full Curated Genes set limited to pseudogenes only. Pseudogenes of tRNA are lighter gray and pseudogenes of rRNA are darker gray than pseudogenes of protein coding genes.",
         "name" : "Curated Genes (pseudogenes)",
         "type" : "FeatureTrack",
         "category" : [
            "Genes",
            "Curated Genes"
         ],
         "adapter" : {
            "type" : "NCListAdapter",
            "rootUrlTemplate" : {
               "locationType" : "UriLocation",
               "uri" : "https://s3.amazonaws.com/agrjbrowse/MOD-jbrowses/WormBase/WS288/c_brenneri_PRJNA20035/tracks/Curated Genes (pseudogenes)/{refseq}/trackData.jsonz"
            }
         },
         "displays" : [
            {
               "type" : "LinearBasicDisplay",
               "renderer" : {
                  "type" : "SvgFeatureRenderer",
                  "height" : 6,
                  "color1" : "gray"
               },
               "displayId" : "curated_genes_(pseudogenes)-c_brenneri_PRJNA20035-LinearBasicDisplay"
            }
         ],
         "formatDetails" : {
            "feature" : "jexl:{ JBrowse1: '<a href=\"/tools/genome/jbrowse-simple/?data=data/c_brenneri_PRJNA20035' + '&loc=' +feature.refName+':'+feature.start+'..'+feature.end+ '\">'+feature.name+'</a>'}"
         }
      },
      {
         "type" : "FeatureTrack",
         "category" : [
            "Sequence Features",
            "Signals & Motifs"
         ],
         "adapter" : {
            "type" : "NCListAdapter",
            "rootUrlTemplate" : {
               "uri" : "https://s3.amazonaws.com/agrjbrowse/MOD-jbrowses/WormBase/WS288/c_brenneri_PRJNA20035/tracks/Trans-spliced acceptor/{refseq}/trackData.jsonz",
               "locationType" : "UriLocation"
            }
         },
         "formatDetails" : {
            "feature" : "jexl:{ JBrowse1: '<a href=\"/tools/genome/jbrowse-simple/?data=data/c_brenneri_PRJNA20035' + '&loc=' +feature.refName+':'+feature.start+'..'+feature.end+ '\">'+feature.refName+':'+feature.start+'..'+feature.end+'</a>'}"
         },
         "displays" : [
            {
               "type" : "LinearBasicDisplay",
               "displayId" : "trans-spliced_acceptor-c_brenneri_PRJNA20035-LinearBasicDisplay",
               "renderer" : {
                  "type" : "SvgFeatureRenderer",
                  "labels" : {
                     "description" : "jexl:get(feature,'source') || get(feature,'description')"
                  },
                  "color1" : "jexl:get(feature,'source')=='SL1'?'red':get(feature,'source')=='SL2'?'green':'black'"
               }
            }
         ],
         "assemblyNames" : [
            "c_brenneri_PRJNA20035"
         ],
         "trackId" : "c_brenneri_PRJNA20035_trans-spliced_acceptor",
         "description" : "This track contains SL1 and SL2 trans-spliced acceptors from a variety of sources: SL1 and SL2 trans-spliced acceptors published by Blumenthal et al, Nature (2002), Trans-Spliced Exon Coupled RNA End Determination (TEC-RED) Hwang et al, PNAS (2004), EST/mRNA sequence data, RNASeq read data from ENA. SL1 acceptors are show in red, SL2 in green. Direction of transcription is indicated by arrow direction.",
         "name" : "Trans-spliced acceptor"
      },
      {
         "category" : [
            "Sequence Similarity",
            "Proteins"
         ],
         "type" : "FeatureTrack",
         "displays" : [
            {
               "renderer" : {
                  "showLabels" : false,
                  "color1" : "orange",
                  "height" : 4,
                  "type" : "SvgFeatureRenderer"
               },
               "displayId" : "S_cerevisiae_proteins-c_brenneri_PRJNA20035-LinearBasicDisplay",
               "mouseover" : "jexl:get(feature,'clone')",
               "type" : "LinearBasicDisplay"
            }
         ],
         "adapter" : {
            "rootUrlTemplate" : {
               "locationType" : "UriLocation",
               "uri" : "https://s3.amazonaws.com/agrjbrowse/MOD-jbrowses/WormBase/WS288/c_brenneri_PRJNA20035/tracks/S. cerevisiae proteins/{refseq}/trackData.jsonz"
            },
            "type" : "NCListAdapter"
         },
         "trackId" : "c_brenneri_PRJNA20035_S_cerevisiae_proteins",
         "assemblyNames" : [
            "c_brenneri_PRJNA20035"
         ],
         "name" : "S. cerevisiae proteins",
         "description" : "Matches to WormBase S. cerevisiae proteins, aligned with BLASTX (nucleotide to protein, via six-frame translation)."
      },
      {
         "category" : [
            "Sequence Similarity",
            "Proteins"
         ],
         "type" : "FeatureTrack",
         "displays" : [
            {
               "renderer" : {
                  "showLabels" : false,
                  "height" : 4,
                  "color1" : "orange",
                  "type" : "SvgFeatureRenderer"
               },
               "displayId" : "C_remanei_proteins-c_brenneri_PRJNA20035-LinearBasicDisplay",
               "mouseover" : "jexl:get(feature,'clone')",
               "type" : "LinearBasicDisplay"
            }
         ],
         "adapter" : {
            "type" : "NCListAdapter",
            "rootUrlTemplate" : {
               "uri" : "https://s3.amazonaws.com/agrjbrowse/MOD-jbrowses/WormBase/WS288/c_brenneri_PRJNA20035/tracks/C. remanei proteins/{refseq}/trackData.jsonz",
               "locationType" : "UriLocation"
            }
         },
         "trackId" : "c_brenneri_PRJNA20035_C_remanei_proteins",
         "assemblyNames" : [
            "c_brenneri_PRJNA20035"
         ],
         "description" : "Matches to WormBase C. remanei proteins, aligned with BLASTX (nucleotide to protein, via six-frame translation).",
         "name" : "C. remanei proteins"
      },
      {
         "assemblyNames" : [
            "c_brenneri_PRJNA20035"
         ],
         "type" : "FeatureTrack",
         "category" : [
            "Sequence Similarity",
            "Proteins"
         ],
         "trackId" : "c_brenneri_PRJNA20035_C_elegans_proteins",
         "adapter" : {
            "type" : "NCListAdapter",
            "rootUrlTemplate" : {
               "uri" : "https://s3.amazonaws.com/agrjbrowse/MOD-jbrowses/WormBase/WS288/c_brenneri_PRJNA20035/tracks/C. elegans proteins/{refseq}/trackData.jsonz",
               "locationType" : "UriLocation"
            }
         },
         "name" : "C. elegans proteins",
         "description" : "Matches to WormBase C. elegans proteins, aligned with BLASTX (nucleotide to protein, via six-frame translation).",
         "displays" : [
            {
               "renderer" : {
                  "showLabels" : false,
                  "color1" : "orange",
                  "height" : 4,
                  "type" : "SvgFeatureRenderer"
               },
               "displayId" : "C_elegans_proteins-c_brenneri_PRJNA20035-LinearBasicDisplay",
               "mouseover" : "jexl:get(feature,'clone')",
               "type" : "LinearBasicDisplay"
            }
         ]
      },
      {
         "name" : "Other UniProt proteins",
         "description" : "Matches to proteins from a slimmed-down version of UniProt (with proteins from WormBase core nematodes, human, fly and yeast removed), aligned with BLASTX (nucleotide to protein, via six-frame translation).",
         "trackId" : "c_brenneri_PRJNA20035_other_uniprot_proteins",
         "assemblyNames" : [
            "c_brenneri_PRJNA20035"
         ],
         "displays" : [
            {
               "displayId" : "other_uniprot_proteins-c_brenneri_PRJNA20035-LinearBasicDisplay",
               "renderer" : {
                  "showLabels" : false,
                  "height" : 4,
                  "color1" : "orange",
                  "showDescriptions" : false,
                  "type" : "SvgFeatureRenderer"
               },
               "type" : "LinearBasicDisplay"
            }
         ],
         "adapter" : {
            "type" : "NCListAdapter",
            "rootUrlTemplate" : {
               "uri" : "https://s3.amazonaws.com/agrjbrowse/MOD-jbrowses/WormBase/WS288/c_brenneri_PRJNA20035/tracks/Other UniProt proteins/{refseq}/trackData.jsonz",
               "locationType" : "UriLocation"
            }
         },
         "category" : [
            "Sequence Similarity",
            "Proteins"
         ],
         "type" : "FeatureTrack"
      },
      {
         "adapter" : {
            "rootUrlTemplate" : {
               "locationType" : "UriLocation",
               "uri" : "https://s3.amazonaws.com/agrjbrowse/MOD-jbrowses/WormBase/WS288/c_brenneri_PRJNA20035/tracks/C. japonica proteins/{refseq}/trackData.jsonz"
            },
            "type" : "NCListAdapter"
         },
         "displays" : [
            {
               "displayId" : "C_japonica_proteins-c_brenneri_PRJNA20035-LinearBasicDisplay",
               "renderer" : {
                  "type" : "SvgFeatureRenderer",
                  "showLabels" : false,
                  "color1" : "orange",
                  "height" : 4
               },
               "type" : "LinearBasicDisplay",
               "mouseover" : "jexl:get(feature,'clone')"
            }
         ],
         "type" : "FeatureTrack",
         "category" : [
            "Sequence Similarity",
            "Proteins"
         ],
         "description" : "Matches to WormBase C. japonica proteins, aligned with BLASTX (nucleotide to protein, via six-frame translation).",
         "name" : "C. japonica proteins",
         "assemblyNames" : [
            "c_brenneri_PRJNA20035"
         ],
         "trackId" : "c_brenneri_PRJNA20035_C_japonica_proteins"
      },
      {
         "displays" : [
            {
               "renderer" : {
                  "showLabels" : false,
                  "height" : 4,
                  "color1" : "orange",
                  "type" : "SvgFeatureRenderer"
               },
               "displayId" : "P_pacificus_proteins-c_brenneri_PRJNA20035-LinearBasicDisplay",
               "mouseover" : "jexl:get(feature,'clone')",
               "type" : "LinearBasicDisplay"
            }
         ],
         "adapter" : {
            "type" : "NCListAdapter",
            "rootUrlTemplate" : {
               "locationType" : "UriLocation",
               "uri" : "https://s3.amazonaws.com/agrjbrowse/MOD-jbrowses/WormBase/WS288/c_brenneri_PRJNA20035/tracks/P. pacificus proteins/{refseq}/trackData.jsonz"
            }
         },
         "category" : [
            "Sequence Similarity",
            "Proteins"
         ],
         "type" : "FeatureTrack",
         "description" : "Matches to WormBase P. pacificus proteins, aligned with BLASTX (nucleotide to protein, via six-frame translation).",
         "name" : "P. pacificus proteins",
         "trackId" : "c_brenneri_PRJNA20035_P_pacificus_proteins",
         "assemblyNames" : [
            "c_brenneri_PRJNA20035"
         ]
      },
      {
         "name" : "RNASeq Asymmetries",
         "description" : "Red boxes indicate regions where there are more than 2 times as many forward sense RNASeq reads aligned to the genome as reverse sense reads. This asymmetrical signal has been found empirically to be a sensitive marker for the ends of transcripts. Green boxes indicate regions where there are more than 2 times as many reverse sense RNASeq reads aligned to the genome as forward sense reads. This asymmetrical signal has been found empirically to be sensitive marker for the ends of transcripts. The height of all boxes indicates the relative score of the feature.",
         "trackId" : "c_brenneri_PRJNA20035_rnaseq_asymmetries",
         "assemblyNames" : [
            "c_brenneri_PRJNA20035"
         ],
         "displays" : [
            {
               "renderer" : {
                  "showLabels" : false,
                  "color1" : "jexl:get(feature,'source')=='RNASeq_R_asymmetry'?'red': get(feature,'source')=='RNASeq_F_asymmetry'?'green':'black'",
                  "height" : 24,
                  "displayMode" : "collapse",
                  "type" : "SvgFeatureRenderer"
               },
               "displayId" : "rnaseq_asymmetries-c_brenneri_PRJNA20035-LinearBasicDisplay",
               "mouseover" : "jexl:'Score: '+get(feature,'score')",
               "type" : "LinearBasicDisplay"
            }
         ],
         "adapter" : {
            "type" : "NCListAdapter",
            "rootUrlTemplate" : {
               "locationType" : "UriLocation",
               "uri" : "https://s3.amazonaws.com/agrjbrowse/MOD-jbrowses/WormBase/WS288/c_brenneri_PRJNA20035/tracks/RNASeq Asymmetries/{refseq}/trackData.jsonz"
            }
         },
         "category" : [
            "Expression"
         ],
         "type" : "FeatureTrack"
      },
      {
         "assemblyNames" : [
            "c_brenneri_PRJNA20035"
         ],
         "trackId" : "c_brenneri_PRJNA20035_contig_submissions",
         "description" : "This track shows the location and coordinates of contigs (mostly cosmids) submitted to GenBank/EMBL.",
         "name" : "Contig submissions",
         "type" : "FeatureTrack",
         "category" : [
            "Genome Structure",
            "Assembly & Curation"
         ],
         "adapter" : {
            "rootUrlTemplate" : {
               "uri" : "https://s3.amazonaws.com/agrjbrowse/MOD-jbrowses/WormBase/WS288/c_brenneri_PRJNA20035/tracks/Contig submissions/{refseq}/trackData.jsonz",
               "locationType" : "UriLocation"
            },
            "type" : "NCListAdapter"
         },
         "formatDetails" : {
            "feature" : "jexl:{ JBrowse1: '<a href=\"/tools/genome/jbrowse-simple/?data=data/c_brenneri_PRJNA20035' + '&loc=' +feature.refName+':'+feature.start+'..'+feature.end+ '\">'+feature.refName+':'+feature.start+'..'+feature.end+'</a>'}"
         },
         "displays" : [
            {
               "type" : "LinearBasicDisplay",
               "displayId" : "contig_submissions-c_brenneri_PRJNA20035-LinearBasicDisplay",
               "renderer" : {
                  "type" : "SvgFeatureRenderer",
                  "height" : 7,
                  "color1" : "sienna"
               }
            }
         ]
      },
      {
         "name" : "RNASeq",
         "description" : "These boxes indicate alignments of short read sequences from all available RNASeq projects. The number of reads has been normalised by averaging over the number of libraries. The height of all boxes indicates the relative score of the feature.",
         "assemblyNames" : [
            "c_brenneri_PRJNA20035"
         ],
         "trackId" : "c_brenneri_PRJNA20035_rnaseq",
         "adapter" : {
            "type" : "NCListAdapter",
            "rootUrlTemplate" : {
               "uri" : "https://s3.amazonaws.com/agrjbrowse/MOD-jbrowses/WormBase/WS288/c_brenneri_PRJNA20035/tracks/RNASeq/{refseq}/trackData.jsonz",
               "locationType" : "UriLocation"
            }
         },
         "displays" : [
            {
               "type" : "LinearBasicDisplay",
               "mouseover" : "jexl:'Score: '+get(feature,'score')",
               "displayId" : "rnaseq-c_brenneri_PRJNA20035-LinearBasicDisplay",
               "renderer" : {
                  "displayMode" : "collapse",
                  "showDescriptions" : false,
                  "height" : "jexl:get(feature,'score')>100?50:floor(get(feature,'score')/2)>4?floor(get(feature,'score')/2):4",
                  "showLabels" : false,
                  "type" : "SvgFeatureRenderer",
                  "color1" : "black"
               }
            }
         ],
         "type" : "FeatureTrack",
         "category" : [
            "Expression"
         ]
      },
      {
         "adapter" : {
            "rootUrlTemplate" : {
               "locationType" : "UriLocation",
               "uri" : "https://s3.amazonaws.com/agrjbrowse/MOD-jbrowses/WormBase/WS288/c_brenneri_PRJNA20035/tracks/S. ratti proteins/{refseq}/trackData.jsonz"
            },
            "type" : "NCListAdapter"
         },
         "displays" : [
            {
               "mouseover" : "jexl:get(feature,'clone')",
               "type" : "LinearBasicDisplay",
               "renderer" : {
                  "showLabels" : false,
                  "color1" : "orange",
                  "height" : 4,
                  "type" : "SvgFeatureRenderer"
               },
               "displayId" : "S_ratti_proteins-c_brenneri_PRJNA20035-LinearBasicDisplay"
            }
         ],
         "type" : "FeatureTrack",
         "category" : [
            "Sequence Similarity",
            "Proteins"
         ],
         "name" : "S. ratti proteins",
         "description" : "Matches to WormBase S. ratti proteins, aligned with BLASTX (nucleotide to protein, via six-frame translation).",
         "assemblyNames" : [
            "c_brenneri_PRJNA20035"
         ],
         "trackId" : "c_brenneri_PRJNA20035_S_ratti_proteins"
      },
      {
         "description" : "This track contains Affymetrix GeneChip and Washington University GSC microarray probe sets.",
         "name" : "Microarray oligo probes",
         "assemblyNames" : [
            "c_brenneri_PRJNA20035"
         ],
         "trackId" : "c_brenneri_PRJNA20035_microarray_oligo_probes",
         "adapter" : {
            "rootUrlTemplate" : {
               "uri" : "https://s3.amazonaws.com/agrjbrowse/MOD-jbrowses/WormBase/WS288/c_brenneri_PRJNA20035/tracks/Microarray oligo probes/{refseq}/trackData.jsonz",
               "locationType" : "UriLocation"
            },
            "type" : "NCListAdapter"
         },
         "displays" : [
            {
               "type" : "LinearBasicDisplay",
               "renderer" : {
                  "height" : 4,
                  "color1" : "black",
                  "type" : "SvgFeatureRenderer"
               },
               "displayId" : "microarray_oligo_probes-c_brenneri_PRJNA20035-LinearBasicDisplay"
            }
         ],
         "formatDetails" : {
            "feature" : "jexl:{ JBrowse1: '<a href=\"/tools/genome/jbrowse-simple/?data=data/c_brenneri_PRJNA20035' + '&loc=' +feature.refName+':'+feature.start+'..'+feature.end+ '\">'+feature.refName+':'+feature.start+'..'+feature.end+'</a>'}"
         },
         "type" : "FeatureTrack",
         "category" : [
            "Reagents"
         ]
      },
      {
         "assemblyNames" : [
            "c_brenneri_PRJNA20035"
         ],
         "trackId" : "c_brenneri_PRJNA20035_ests",
         "description" : "Native (same-species) Expressed Sequence Tags (ESTs), aligned to the genome using <a href='http://genome.cse.ucsc.edu/cgi-bin/hgBlat'>BLAT</a>. This track shows the best unique location for each EST. The paired 5' and 3' ESTs from the same cDNA clone are connected by a dashed line and a colored light green. ESTs with no mate are yellow, and ESTs with a mate that is 'far away' are dark green.",
         "name" : "ESTs",
         "type" : "FeatureTrack",
         "category" : [
            "Genes",
            "Supporting Evidence"
         ],
         "adapter" : {
            "rootUrlTemplate" : {
               "uri" : "https://s3.amazonaws.com/agrjbrowse/MOD-jbrowses/WormBase/WS288/c_brenneri_PRJNA20035/tracks/ESTs (best)/{refseq}/trackData.jsonz",
               "locationType" : "UriLocation"
            },
            "type" : "NCListAdapter"
         },
         "formatDetails" : {
            "feature" : "jexl:{ JBrowse1: '<a href=\"/tools/genome/jbrowse-simple/?data=data/c_brenneri_PRJNA20035' + '&loc=' +feature.refName+':'+feature.start+'..'+feature.end+ '\">'+feature.refName+':'+feature.start+'..'+feature.end+'</a>'}"
         },
         "displays" : [
            {
               "type" : "LinearBasicDisplay",
               "renderer" : {
                  "maxHeight" : 5000,
                  "type" : "SvgFeatureRenderer",
                  "color1" : "jexl:parent(feature)=='undefined'?'red':get(parent(feature),'has_mate')==1?'limegreen':get(parent(feature),'has_mate')==2?'green':get(parent(feature),'has_mate')==0?'gold':'black'"
               },
               "displayId" : "ests-c_brenneri_PRJNA20035-LinearBasicDisplay"
            }
         ]
      },
      {
         "adapter" : {
            "type" : "NCListAdapter",
            "rootUrlTemplate" : {
               "uri" : "https://s3.amazonaws.com/agrjbrowse/MOD-jbrowses/WormBase/WS288/c_brenneri_PRJNA20035/tracks/C. briggsae proteins/{refseq}/trackData.jsonz",
               "locationType" : "UriLocation"
            }
         },
         "displays" : [
            {
               "renderer" : {
                  "showLabels" : false,
                  "height" : 4,
                  "color1" : "orange",
                  "type" : "SvgFeatureRenderer"
               },
               "displayId" : "C_briggsae_proteins-c_brenneri_PRJNA20035-LinearBasicDisplay",
               "mouseover" : "jexl:get(feature,'clone')",
               "type" : "LinearBasicDisplay"
            }
         ],
         "type" : "FeatureTrack",
         "category" : [
            "Sequence Similarity",
            "Proteins"
         ],
         "name" : "C. briggsae proteins",
         "description" : "Matches to WormBase C. briggsae proteins, aligned with BLASTX (nucleotide to protein, via six-frame translation).",
         "assemblyNames" : [
            "c_brenneri_PRJNA20035"
         ],
         "trackId" : "c_brenneri_PRJNA20035_C_briggsae_proteins"
      },
      {
         "trackId" : "c_brenneri_PRJNA20035_rnaseq_introns",
         "assemblyNames" : [
            "c_brenneri_PRJNA20035"
         ],
         "description" : "These are introns formed by aligned RNASeq reads spanning a region of the genome. Alignments of short read sequences from all available RNASeq projects were used. The number of reads spanning the introns is indicated by the thickness of the display.",
         "name" : "RNASeq introns",
         "category" : [
            "Expression"
         ],
         "type" : "FeatureTrack",
         "displays" : [
            {
               "type" : "LinearBasicDisplay",
               "mouseover" : "jexl:get(feature,'score')+' reads'",
               "displayId" : "rnaseq_introns-c_brenneri_PRJNA20035-LinearBasicDisplay",
               "renderer" : {
                  "showLabels" : false,
                  "height" : "jexl:get(feature,'score')>100?50:get(feature,'score')<8?4:floor(get(feature,'score')/2)",
                  "color1" : "green",
                  "showDescriptions" : false,
                  "type" : "SvgFeatureRenderer"
               }
            }
         ],
         "adapter" : {
            "rootUrlTemplate" : {
               "locationType" : "UriLocation",
               "uri" : "https://s3.amazonaws.com/agrjbrowse/MOD-jbrowses/WormBase/WS288/c_brenneri_PRJNA20035/tracks/RNASeq introns/{refseq}/trackData.jsonz"
            },
            "type" : "NCListAdapter"
         }
      },
      {
         "type" : "FeatureTrack",
         "category" : [
            "Expression"
         ],
         "adapter" : {
            "rootUrlTemplate" : {
               "locationType" : "UriLocation",
               "uri" : "https://s3.amazonaws.com/agrjbrowse/MOD-jbrowses/WormBase/WS288/c_brenneri_PRJNA20035/tracks/RNASeq Splice Junctions (common)/{refseq}/trackData.jsonz"
            },
            "type" : "NCListAdapter"
         },
         "displays" : [
            {
               "displayId" : "rnaseq_splice_junctions_(common)-c_brenneri_PRJNA20035-LinearBasicDisplay",
               "renderer" : {
                  "type" : "SvgFeatureRenderer",
                  "showDescriptions" : false,
                  "color1" : "jexl:get(feature,'score')>20000?(get(feature,'strand')>0?'#730073':'#007373'):get(feature,'strand')>0?'#'+hex(round(255-(140*(get(feature,'score')/20000))))+'00'+hex(round(255-(140*(get(feature,'score')/20000)))):'#00'+hex(round(255-(140*(get(feature,'score')/20000))))+hex(round(255-(140*(get(feature,'score')/20000))))",
                  "showLabels" : false
               },
               "type" : "LinearBasicDisplay",
               "mouseover" : "jexl:get(feature,'score')+' reads'"
            }
         ],
         "assemblyNames" : [
            "c_brenneri_PRJNA20035"
         ],
         "trackId" : "c_brenneri_PRJNA20035_rnaseq_splice_junctions_(common)",
         "name" : "RNASeq Splice Junctions (common)",
         "description" : "These are introns formed by aligned RNASeq reads spanning a region of the genome. Alignments of short read sequences from all available RNASeq projects were used. These junctions are considered 'common' in that there are more than 500 reads confirming their existence. The number of reads spanning the introns is indicated by the darkness of the color (shades of cyan for reverse, shades of violet for forward).  Darker is more reads."
      },
      {
         "name" : "RNASeq Splice Junctions (rare)",
         "description" : "These are introns formed by aligned RNASeq reads spanning a region of the genome. Alignments of short read sequences from all available RNASeq projects were used. These junctions are considered 'rare' in that there are fewer than 500 reads confirming their existence. The number of reads spanning the introns is indicated by the darkness of the color (shades of cyan for reverse, shades of violet for forward).  Darker is more reads.",
         "assemblyNames" : [
            "c_brenneri_PRJNA20035"
         ],
         "trackId" : "c_brenneri_PRJNA20035_rnaseq_splice_junctions_(rare)",
         "adapter" : {
            "rootUrlTemplate" : {
               "uri" : "https://s3.amazonaws.com/agrjbrowse/MOD-jbrowses/WormBase/WS288/c_brenneri_PRJNA20035/tracks/RNASeq Splice Junctions (rare)/{refseq}/trackData.jsonz",
               "locationType" : "UriLocation"
            },
            "type" : "NCListAdapter"
         },
         "displays" : [
            {
               "mouseover" : "jexl:get(feature,'score')+' reads'",
               "type" : "LinearBasicDisplay",
               "renderer" : {
                  "height" : "jexl:4",
                  "showLabels" : false,
                  "showDescriptions" : false,
                  "color1" : "jexl:get(feature,'score')>20000?(get(feature,'strand')>0?'#730073':'#007373'):get(feature,'strand')>0?'#'+hex(round(255-(140*(get(feature,'score')/20000))))+'00'+hex(round(255-(140*(get(feature,'score')/20000)))):'#00'+hex(round(255-(140*(get(feature,'score')/20000))))+hex(round(255-(140*(get(feature,'score')/20000))))",
                  "type" : "SvgFeatureRenderer",
                  "maxHeight" : 5000
               },
               "displayId" : "rnaseq_splice_junctions_(rare)-c_brenneri_PRJNA20035-LinearBasicDisplay"
            }
         ],
         "type" : "FeatureTrack",
         "category" : [
            "Expression"
         ]
      },
      {
         "type" : "FeatureTrack",
         "category" : [
            "Genome Structure",
            "Repeats"
         ],
         "adapter" : {
            "rootUrlTemplate" : {
               "uri" : "https://s3.amazonaws.com/agrjbrowse/MOD-jbrowses/WormBase/WS288/c_brenneri_PRJNA20035/tracks/Repeat Region (RepeatMasker)/{refseq}/trackData.jsonz",
               "locationType" : "UriLocation"
            },
            "type" : "NCListAdapter"
         },
         "displays" : [
            {
               "displayId" : "repeat_region_(repeatmasker)-c_brenneri_PRJNA20035-LinearBasicDisplay",
               "renderer" : {
                  "height" : 4,
                  "color1" : "bisque",
                  "showLabels" : false,
                  "showDescriptions" : false,
                  "type" : "SvgFeatureRenderer"
               },
               "type" : "LinearBasicDisplay"
            }
         ],
         "assemblyNames" : [
            "c_brenneri_PRJNA20035"
         ],
         "trackId" : "c_brenneri_PRJNA20035_repeat_region_(repeatmasker)",
         "description" : "Repetitive regions identified by RepeatMasker.",
         "name" : "Repeat Region (RepeatMasker)"
      },
      {
         "name" : "Links and Superlinks",
         "description" : "This track shows the location and coordinates of contigs created during the assembly of the C. elegans genome.",
         "trackId" : "c_brenneri_PRJNA20035_links_and_superlinks",
         "assemblyNames" : [
            "c_brenneri_PRJNA20035"
         ],
         "formatDetails" : {
            "feature" : "jexl:{ JBrowse1: '<a href=\"/tools/genome/jbrowse-simple/?data=data/c_brenneri_PRJNA20035' + '&loc=' +feature.refName+':'+feature.start+'..'+feature.end+ '\">'+feature.refName+':'+feature.start+'..'+feature.end+'</a>'}"
         },
         "displays" : [
            {
               "displayId" : "links_and_superlinks-c_brenneri_PRJNA20035-LinearBasicDisplay",
               "renderer" : {
                  "type" : "SvgFeatureRenderer",
                  "color1" : "black",
                  "height" : 4
               },
               "type" : "LinearBasicDisplay"
            }
         ],
         "adapter" : {
            "type" : "NCListAdapter",
            "rootUrlTemplate" : {
               "uri" : "https://s3.amazonaws.com/agrjbrowse/MOD-jbrowses/WormBase/WS288/c_brenneri_PRJNA20035/tracks/Links and Superlinks/{refseq}/trackData.jsonz",
               "locationType" : "UriLocation"
            }
         },
         "category" : [
            "Genome Structure",
            "Assembly & Curation"
         ],
         "type" : "FeatureTrack"
      },
      {
         "assemblyNames" : [
            "c_brenneri_PRJNA20035"
         ],
         "trackId" : "c_brenneri_PRJNA20035_C_brenneri_proteins",
         "name" : "C. brenneri proteins",
         "description" : "Matches to WormBase C. brenneri proteins, aligned with BLASTX (nucleotide to protein, via six-frame translation).",
         "type" : "FeatureTrack",
         "category" : [
            "Sequence Similarity",
            "Proteins"
         ],
         "adapter" : {
            "type" : "NCListAdapter",
            "rootUrlTemplate" : {
               "uri" : "https://s3.amazonaws.com/agrjbrowse/MOD-jbrowses/WormBase/WS288/c_brenneri_PRJNA20035/tracks/C. brenneri proteins/{refseq}/trackData.jsonz",
               "locationType" : "UriLocation"
            }
         },
         "displays" : [
            {
               "displayId" : "C_brenneri_proteins-c_brenneri_PRJNA20035-LinearBasicDisplay",
               "renderer" : {
                  "color1" : "orange",
                  "height" : 4,
                  "showLabels" : false,
                  "type" : "SvgFeatureRenderer"
               },
               "type" : "LinearBasicDisplay",
               "mouseover" : "jexl:get(feature,'clone')"
            }
         ]
      },
      {
         "type" : "FeatureTrack",
         "category" : [
            "Sequence Similarity",
            "Proteins"
         ],
         "adapter" : {
            "rootUrlTemplate" : {
               "uri" : "https://s3.amazonaws.com/agrjbrowse/MOD-jbrowses/WormBase/WS288/c_brenneri_PRJNA20035/tracks/D. melanogaster proteins/{refseq}/trackData.jsonz",
               "locationType" : "UriLocation"
            },
            "type" : "NCListAdapter"
         },
         "displays" : [
            {
               "mouseover" : "jexl:get(feature,'clone')",
               "type" : "LinearBasicDisplay",
               "renderer" : {
                  "showLabels" : false,
                  "height" : 4,
                  "color1" : "orange",
                  "type" : "SvgFeatureRenderer"
               },
               "displayId" : "D_melanogaster_proteins-c_brenneri_PRJNA20035-LinearBasicDisplay"
            }
         ],
         "assemblyNames" : [
            "c_brenneri_PRJNA20035"
         ],
         "trackId" : "c_brenneri_PRJNA20035_D_melanogaster_proteins",
         "name" : "D. melanogaster proteins",
         "description" : "Matches to WormBase D. melanogaster proteins, aligned with BLASTX (nucleotide to protein, via six-frame translation)."
      },
      {
         "name" : "B. malayi proteins",
         "description" : "Matches to WormBase B. malayi proteins, aligned with BLASTX (nucleotide to protein, via six-frame translation).",
         "trackId" : "c_brenneri_PRJNA20035_B_malayi_proteins",
         "assemblyNames" : [
            "c_brenneri_PRJNA20035"
         ],
         "displays" : [
            {
               "renderer" : {
                  "showLabels" : false,
                  "color1" : "orange",
                  "height" : 4,
                  "type" : "SvgFeatureRenderer"
               },
               "displayId" : "B_malayi_proteins-c_brenneri_PRJNA20035-LinearBasicDisplay",
               "mouseover" : "jexl:get(feature,'clone')",
               "type" : "LinearBasicDisplay"
            }
         ],
         "adapter" : {
            "rootUrlTemplate" : {
               "uri" : "https://s3.amazonaws.com/agrjbrowse/MOD-jbrowses/WormBase/WS288/c_brenneri_PRJNA20035/tracks/B. malayi proteins/{refseq}/trackData.jsonz",
               "locationType" : "UriLocation"
            },
            "type" : "NCListAdapter"
         },
         "category" : [
            "Sequence Similarity",
            "Proteins"
         ],
         "type" : "FeatureTrack"
      },
      {
         "assemblyNames" : [
            "c_brenneri_PRJNA20035"
         ],
         "trackId" : "c_brenneri_PRJNA20035_H_sapiens_proteins",
         "name" : "H. sapiens proteins",
         "description" : "Matches to WormBase H. sapiens proteins, aligned with BLASTX (nucleotide to protein, via six-frame translation).",
         "type" : "FeatureTrack",
         "category" : [
            "Sequence Similarity",
            "Proteins"
         ],
         "adapter" : {
            "rootUrlTemplate" : {
               "locationType" : "UriLocation",
               "uri" : "https://s3.amazonaws.com/agrjbrowse/MOD-jbrowses/WormBase/WS288/c_brenneri_PRJNA20035/tracks/H. sapiens proteins/{refseq}/trackData.jsonz"
            },
            "type" : "NCListAdapter"
         },
         "displays" : [
            {
               "mouseover" : "jexl:get(feature,'clone')",
               "type" : "LinearBasicDisplay",
               "renderer" : {
                  "showLabels" : false,
                  "color1" : "orange",
                  "height" : 4,
                  "type" : "SvgFeatureRenderer"
               },
               "displayId" : "H_sapiens_proteins-c_brenneri_PRJNA20035-LinearBasicDisplay"
            }
         ]
      },
      {
         "trackId" : "c_brenneri_PRJNA20035_low_complextity_region_(dust)",
         "assemblyNames" : [
            "c_brenneri_PRJNA20035"
         ],
         "description" : "Low-complexity regions identified by Dust.",
         "name" : "Low complextity region (Dust)",
         "category" : [
            "Genome Structure",
            "Repeats"
         ],
         "type" : "FeatureTrack",
         "displays" : [
            {
               "type" : "LinearBasicDisplay",
               "displayId" : "low_complextity_region_(dust)-c_brenneri_PRJNA20035-LinearBasicDisplay",
               "renderer" : {
                  "color1" : "bisque",
                  "height" : 4,
                  "showLabels" : false,
                  "showDescriptions" : false,
                  "type" : "SvgFeatureRenderer"
               }
            }
         ],
         "adapter" : {
            "type" : "NCListAdapter",
            "rootUrlTemplate" : {
               "locationType" : "UriLocation",
               "uri" : "https://s3.amazonaws.com/agrjbrowse/MOD-jbrowses/WormBase/WS288/c_brenneri_PRJNA20035/tracks/Low complextity region (Dust)/{refseq}/trackData.jsonz"
            }
         }
      },
      {
         "description" : "Matches to WormBase O. volvulus proteins, aligned with BLASTX (nucleotide to protein, via six-frame translation).",
         "name" : "O. volvulus proteins",
         "assemblyNames" : [
            "c_brenneri_PRJNA20035"
         ],
         "trackId" : "c_brenneri_PRJNA20035_O_volvulus_proteins",
         "adapter" : {
            "rootUrlTemplate" : {
               "uri" : "https://s3.amazonaws.com/agrjbrowse/MOD-jbrowses/WormBase/WS288/c_brenneri_PRJNA20035/tracks/O. volvulus proteins/{refseq}/trackData.jsonz",
               "locationType" : "UriLocation"
            },
            "type" : "NCListAdapter"
         },
         "displays" : [
            {
               "displayId" : "O_volvulus_proteins-c_brenneri_PRJNA20035-LinearBasicDisplay",
               "renderer" : {
                  "color1" : "orange",
                  "height" : 4,
                  "showLabels" : false,
                  "type" : "SvgFeatureRenderer"
               },
               "type" : "LinearBasicDisplay",
               "mouseover" : "jexl:get(feature,'clone')"
            }
         ],
         "type" : "FeatureTrack",
         "category" : [
            "Sequence Similarity",
            "Proteins"
         ]
      },
      {
         "description" : "Matches to WormBase T. muris proteins, aligned with BLASTX (nucleotide to protein, via six-frame translation).",
         "name" : "T. muris proteins",
         "trackId" : "c_brenneri_PRJNA20035_T_muris_proteins",
         "assemblyNames" : [
            "c_brenneri_PRJNA20035"
         ],
         "displays" : [
            {
               "displayId" : "T_muris_proteins-c_brenneri_PRJNA20035-LinearBasicDisplay",
               "renderer" : {
                  "type" : "SvgFeatureRenderer",
                  "showLabels" : false,
                  "height" : 4,
                  "color1" : "orange"
               },
               "type" : "LinearBasicDisplay",
               "mouseover" : "jexl:get(feature,'clone')"
            }
         ],
         "adapter" : {
            "type" : "NCListAdapter",
            "rootUrlTemplate" : {
               "locationType" : "UriLocation",
               "uri" : "https://s3.amazonaws.com/agrjbrowse/MOD-jbrowses/WormBase/WS288/c_brenneri_PRJNA20035/tracks/T. muris proteins/{refseq}/trackData.jsonz"
            }
         },
         "category" : [
            "Sequence Similarity",
            "Proteins"
         ],
         "type" : "FeatureTrack"
      },
      {
         "trackId" : "c_brenneri_PRJNA20035_tandem_and_inverted_repeats",
         "assemblyNames" : [
            "c_brenneri_PRJNA20035"
         ],
         "description" : "Exact tandem and inverted repetitive elements.",
         "name" : "Tandem and Inverted Repeats",
         "category" : [
            "Genome Structure",
            "Repeats"
         ],
         "type" : "FeatureTrack",
         "displays" : [
            {
               "displayId" : "tandem_and_inverted_repeats-c_brenneri_PRJNA20035-LinearBasicDisplay",
               "renderer" : {
                  "type" : "SvgFeatureRenderer",
                  "showDescriptions" : false,
                  "color1" : "bisque",
                  "showLabels" : false
               },
               "type" : "LinearBasicDisplay"
            }
         ],
         "adapter" : {
            "type" : "NCListAdapter",
            "rootUrlTemplate" : {
               "locationType" : "UriLocation",
               "uri" : "https://s3.amazonaws.com/agrjbrowse/MOD-jbrowses/WormBase/WS288/c_brenneri_PRJNA20035/tracks/Tandem and Inverted Repeats/{refseq}/trackData.jsonz"
            }
         }
      },
      {
         "adapter" : {
            "rootUrlTemplate" : {
               "uri" : "https://s3.amazonaws.com/agrjbrowse/MOD-jbrowses/WormBase/WS288/c_brenneri_PRJNA20035/tracks/RNASeq introns/{refseq}/trackData.jsonz",
               "locationType" : "UriLocation"
            },
            "type" : "NCListAdapter"
         },
         "displays" : [
            {
               "type" : "LinearBasicDisplay",
               "mouseover" : "jexl:get(feature,'score')+' reads'",
               "displayId" : "rnaseq_introns-c_brenneri_PRJNA20035-LinearBasicDisplay",
               "renderer" : {
                  "height" : "jexl:get(feature,'score')>100?50:get(feature,'score')<8?4:floor(get(feature,'score')/2)",
                  "color1" : "green",
                  "showLabels" : false,
                  "type" : "SvgFeatureRenderer",
                  "showDescriptions" : false
               }
            }
         ],
         "type" : "FeatureTrack",
         "category" : [
            "Expression"
         ],
         "description" : "These are introns formed by aligned RNASeq reads spanning a region of the genome. Alignments of short read sequences from all available RNASeq projects were used. The number of reads spanning the introns is indicated by the thickness of the display.",
         "name" : "RNASeq introns",
         "assemblyNames" : [
            "c_brenneri_PRJNA20035"
         ],
         "trackId" : "c_brenneri_PRJNA20035_rnaseq_introns"
      },
      {
         "adapter" : {
            "type" : "NCListAdapter",
            "rootUrlTemplate" : {
               "locationType" : "UriLocation",
               "uri" : "https://s3.amazonaws.com/agrjbrowse/MOD-jbrowses/WormBase/WS288/c_brenneri_PRJNA20035/tracks/RNASeq Splice Junctions (common)/{refseq}/trackData.jsonz"
            }
         },
         "displays" : [
            {
               "type" : "LinearBasicDisplay",
               "mouseover" : "jexl:get(feature,'score')+' reads'",
               "displayId" : "rnaseq_splice_junctions_(common)-c_brenneri_PRJNA20035-LinearBasicDisplay",
               "renderer" : {
                  "showLabels" : false,
                  "color1" : "jexl:get(feature,'score')>1000?(get(feature,'strand')>0?'#730073':'#007373'):get(feature,'strand')>0?'#'+hex(round(255-(140*(get(feature,'score')/1000))))+'00'+hex(round(255-(140*(get(feature,'score')/1000)))):'#00'+hex(round(255-(140*(get(feature,'score')/1000))))+hex(round(255-(140*(get(feature,'score')/1000))))",
                  "showDescriptions" : false,
                  "type" : "SvgFeatureRenderer"
               }
            }
         ],
         "type" : "FeatureTrack",
         "category" : [
            "Expression"
         ],
         "description" : "These are introns formed by aligned RNASeq reads spanning a region of the genome. Alignments of short read sequences from all available RNASeq projects were used. These junctions are considered 'common' in that there are more than 500 reads confirming their existence. The number of reads spanning the introns is indicated by the darkness of the color (shades of cyan for reverse, shades of violet for forward).  Darker is more reads.",
         "name" : "RNASeq Splice Junctions (common)",
         "assemblyNames" : [
            "c_brenneri_PRJNA20035"
         ],
         "trackId" : "c_brenneri_PRJNA20035_rnaseq_splice_junctions_(common)"
      },
      {
         "displays" : [
            {
               "renderer" : {
                  "color1" : "jexl:get(feature,'score')>1000?(get(feature,'strand')>0?'#730073':'#007373'):get(feature,'strand')>0?'#'+hex(round(255-(140*(get(feature,'score')/1000))))+'00'+hex(round(255-(140*(get(feature,'score')/1000)))):'#00'+hex(round(255-(140*(get(feature,'score')/1000))))+hex(round(255-(140*(get(feature,'score')/1000))))",
                  "height" : "jexl:4",
                  "showLabels" : false,
                  "type" : "SvgFeatureRenderer",
                  "showDescriptions" : false,
                  "maxHeight" : 5000
               },
               "displayId" : "rnaseq_splice_junctions_(rare)-c_brenneri_PRJNA20035-LinearBasicDisplay",
               "mouseover" : "jexl:get(feature,'score')+' reads'",
               "type" : "LinearBasicDisplay"
            }
         ],
         "adapter" : {
            "rootUrlTemplate" : {
               "locationType" : "UriLocation",
               "uri" : "https://s3.amazonaws.com/agrjbrowse/MOD-jbrowses/WormBase/WS288/c_brenneri_PRJNA20035/tracks/RNASeq Splice Junctions (rare)/{refseq}/trackData.jsonz"
            },
            "type" : "NCListAdapter"
         },
         "category" : [
            "Expression"
         ],
         "type" : "FeatureTrack",
         "name" : "RNASeq Splice Junctions (rare)",
         "description" : "These are introns formed by aligned RNASeq reads spanning a region of the genome. Alignments of short read sequences from all available RNASeq projects were used. These junctions are considered 'rare' in that there are fewer than 500 reads confirming their existence. The number of reads spanning the introns is indicated by the darkness of the color (shades of cyan for reverse, shades of violet for forward).  Darker is more reads.",
         "trackId" : "c_brenneri_PRJNA20035_rnaseq_splice_junctions_(rare)",
         "assemblyNames" : [
            "c_brenneri_PRJNA20035"
         ]
      }
   ]
}
