{
   "tracks" : [
      {
         "trackId" : "c_remanei_PRJNA53967_trans-spliced_acceptor",
         "assemblyNames" : [
            "c_remanei_PRJNA53967"
         ],
         "name" : "Trans-spliced acceptor",
         "description" : "This track contains SL1 and SL2 trans-spliced acceptors from a variety of sources: SL1 and SL2 trans-spliced acceptors published by Blumenthal et al, Nature (2002), Trans-Spliced Exon Coupled RNA End Determination (TEC-RED) Hwang et al, PNAS (2004), EST/mRNA sequence data, RNASeq read data from ENA. SL1 acceptors are show in red, SL2 in green. Direction of transcription is indicated by arrow direction.",
         "category" : [
            "Sequence Features",
            "Signals & Motifs"
         ],
         "type" : "FeatureTrack",
         "displays" : [
            {
               "renderer" : {
                  "type" : "SvgFeatureRenderer",
                  "labels" : {
                     "description" : "jexl:get(feature,'source') || get(feature,'description')"
                  },
                  "color1" : "jexl:get(feature,'source')=='SL1'?'red':get(feature,'source')=='SL2'?'green':'black'"
               },
               "displayId" : "trans-spliced_acceptor-c_remanei_PRJNA53967-LinearBasicDisplay",
               "type" : "LinearBasicDisplay"
            }
         ],
         "formatDetails" : {
            "feature" : "jexl:{ JBrowse1: '<a href=\"/tools/genome/jbrowse-simple/?data=data/c_remanei_PRJNA53967' + '&loc=' +feature.refName+':'+feature.start+'..'+feature.end+ '\">'+feature.refName+':'+feature.start+'..'+feature.end+'</a>'}"
         },
         "adapter" : {
            "rootUrlTemplate" : {
               "locationType" : "UriLocation",
               "uri" : "https://s3.amazonaws.com/agrjbrowse/MOD-jbrowses/WormBase/WS288/c_remanei_PRJNA53967/tracks/Trans-spliced acceptor/{refseq}/trackData.jsonz"
            },
            "type" : "NCListAdapter"
         }
      },
      {
         "type" : "FeatureTrack",
         "category" : [
            "Genes",
            "Curated Genes"
         ],
         "adapter" : {
            "rootUrlTemplate" : {
               "locationType" : "UriLocation",
               "uri" : "https://s3.amazonaws.com/agrjbrowse/MOD-jbrowses/WormBase/WS288/c_remanei_PRJNA53967/tracks/Curated Genes (noncoding)/{refseq}/trackData.jsonz"
            },
            "type" : "NCListAdapter"
         },
         "formatDetails" : {
            "feature" : "jexl:{ JBrowse1: '<a href=\"/tools/genome/jbrowse-simple/?data=data/c_remanei_PRJNA53967' + '&loc=' +feature.refName+':'+feature.start+'..'+feature.end+ '\">'+feature.name+'</a>'}"
         },
         "displays" : [
            {
               "renderer" : {
                  "type" : "SvgFeatureRenderer",
                  "color1" : "gray",
                  "height" : 6
               },
               "displayId" : "curated_genes_(noncoding)-c_remanei_PRJNA53967-LinearBasicDisplay",
               "type" : "LinearBasicDisplay"
            }
         ],
         "assemblyNames" : [
            "c_remanei_PRJNA53967"
         ],
         "trackId" : "c_remanei_PRJNA53967_curated_genes_noncoding",
         "name" : "Curated Genes (noncoding)",
         "description" : "Non-coding curated gene models, including ncRNA, tRNA, miRNA, snRNA, snoRNA, piRNA, lincRNA and antisense RNA."
      },
      {
         "category" : [
            "Reagents"
         ],
         "type" : "FeatureTrack",
         "formatDetails" : {
            "feature" : "jexl:{ JBrowse1: '<a href=\"/tools/genome/jbrowse-simple/?data=data/c_remanei_PRJNA53967' + '&loc=' +feature.refName+':'+feature.start+'..'+feature.end+ '\">'+feature.refName+':'+feature.start+'..'+feature.end+'</a>'}"
         },
         "displays" : [
            {
               "type" : "LinearBasicDisplay",
               "renderer" : {
                  "type" : "SvgFeatureRenderer",
                  "color1" : "black",
                  "height" : 3
               },
               "displayId" : "yacs,_fosmids,_&_cosmids-c_remanei_PRJNA53967-LinearBasicDisplay"
            }
         ],
         "adapter" : {
            "type" : "NCListAdapter",
            "rootUrlTemplate" : {
               "uri" : "https://s3.amazonaws.com/agrjbrowse/MOD-jbrowses/WormBase/WS288/c_remanei_PRJNA53967/tracks/YACs, Fosmids, & Cosmids/{refseq}/trackData.jsonz",
               "locationType" : "UriLocation"
            }
         },
         "trackId" : "c_remanei_PRJNA53967_yacs_fosmids_cosmids",
         "assemblyNames" : [
            "c_remanei_PRJNA53967"
         ],
         "name" : "YACs, Fosmids, & Cosmids",
         "description" : "This track shows the locations of the cosmids, fosmids, and YACs used for the physical mapping and sequencing of the C. elegans genome.  The clone termini do not necessarily correspond to the termini of submitted GenBank/EMBL entries. In some cases the exact termini of the clones is not known.  For example, YACs were sequenced using PCR amplification across gaps in the cosmid maps.  When a clone end is not known, it is shown as an arrow extending to the end of the display.  Such data is to be treated with caution.  The Vancouver fosmids can be ordered directly from <a href='http://www.geneservice.co.uk/products/clones/Celegans_Fos.jsp'>GeneService</a>."
      },
      {
         "category" : [
            "Genes",
            "Curated Genes"
         ],
         "type" : "FeatureTrack",
         "displays" : [
            {
               "displayId" : "curated_genes_(pseudogenes)-c_remanei_PRJNA53967-LinearBasicDisplay",
               "renderer" : {
                  "type" : "SvgFeatureRenderer",
                  "height" : 6,
                  "color1" : "gray"
               },
               "type" : "LinearBasicDisplay"
            }
         ],
         "formatDetails" : {
            "feature" : "jexl:{ JBrowse1: '<a href=\"/tools/genome/jbrowse-simple/?data=data/c_remanei_PRJNA53967' + '&loc=' +feature.refName+':'+feature.start+'..'+feature.end+ '\">'+feature.name+'</a>'}"
         },
         "adapter" : {
            "type" : "NCListAdapter",
            "rootUrlTemplate" : {
               "uri" : "https://s3.amazonaws.com/agrjbrowse/MOD-jbrowses/WormBase/WS288/c_remanei_PRJNA53967/tracks/Curated Genes (pseudogenes)/{refseq}/trackData.jsonz",
               "locationType" : "UriLocation"
            }
         },
         "trackId" : "c_remanei_PRJNA53967_curated_genes_pseudogenes",
         "assemblyNames" : [
            "c_remanei_PRJNA53967"
         ],
         "description" : "A subset of the full Curated Genes set limited to pseudogenes only. Pseudogenes of tRNA are lighter gray and pseudogenes of rRNA are darker gray than pseudogenes of protein coding genes.",
         "name" : "Curated Genes (pseudogenes)"
      },
      {
         "type" : "FeatureTrack",
         "category" : [
            "Genes",
            "Curated Genes"
         ],
         "adapter" : {
            "rootUrlTemplate" : {
               "locationType" : "UriLocation",
               "uri" : "https://s3.amazonaws.com/agrjbrowse/MOD-jbrowses/WormBase/WS288/c_remanei_PRJNA53967/tracks/Curated Genes (protein coding)/{refseq}/trackData.jsonz"
            },
            "type" : "NCListAdapter"
         },
         "formatDetails" : {
            "feature" : "jexl:{ JBrowse1: '<a href=\"/tools/genome/jbrowse-simple/?data=data/c_remanei_PRJNA53967' + '&loc=' +feature.refName+':'+feature.start+'..'+feature.end+ '\">'+feature.name+'</a>'}"
         },
         "displays" : [
            {
               "type" : "LinearBasicDisplay",
               "renderer" : {
                  "color3" : "#965567",
                  "type" : "SvgFeatureRenderer",
                  "maxHeight" : 5000,
                  "color1" : "jexl:get(feature,'strand')>0?'violet':'turquoise'"
               },
               "displayId" : "curated_genes_(protein_coding)-c_remanei_PRJNA53967-LinearBasicDisplay"
            }
         ],
         "assemblyNames" : [
            "c_remanei_PRJNA53967"
         ],
         "trackId" : "c_remanei_PRJNA53967_curated_genes_protein_coding",
         "description" : "A subset of the full Curated Genes set limited to protein-coding genes only. Only the CDS is represented. Full models (with UTRs) can be seen on the 'Curated Genes' track.",
         "name" : "Curated Genes (protein coding)"
      },
      {
         "name" : "Gene Models (historical)",
         "description" : "Historical gene predictions.",
         "trackId" : "c_remanei_PRJNA53967_gene_models_(historical)",
         "assemblyNames" : [
            "c_remanei_PRJNA53967"
         ],
         "displays" : [
            {
               "displayId" : "gene_models_(historical)-c_remanei_PRJNA53967-LinearBasicDisplay",
               "renderer" : {
                  "type" : "SvgFeatureRenderer",
                  "labels" : {
                     "description" : "jexl:get(feature,'type')"
                  },
                  "color1" : "jexl:get(feature,'strand')>0?'violet':'turquoise'"
               },
               "type" : "LinearBasicDisplay"
            }
         ],
         "formatDetails" : {
            "feature" : "jexl:{ JBrowse1: '<a href=\"/tools/genome/jbrowse-simple/?data=data/c_remanei_PRJNA53967' + '&loc=' +feature.refName+':'+feature.start+'..'+feature.end+ '\">'+feature.name+'</a>'}"
         },
         "adapter" : {
            "type" : "NCListAdapter",
            "rootUrlTemplate" : {
               "locationType" : "UriLocation",
               "uri" : "https://s3.amazonaws.com/agrjbrowse/MOD-jbrowses/WormBase/WS288/c_remanei_PRJNA53967/tracks/Gene Models (historical)/{refseq}/trackData.jsonz"
            }
         },
         "category" : [
            "Genes",
            "Curated Genes"
         ],
         "type" : "FeatureTrack"
      },
      {
         "type" : "FeatureTrack",
         "category" : [
            "Genes",
            "Supporting Evidence"
         ],
         "adapter" : {
            "rootUrlTemplate" : {
               "locationType" : "UriLocation",
               "uri" : "https://s3.amazonaws.com/agrjbrowse/MOD-jbrowses/WormBase/WS288/c_remanei_PRJNA53967/tracks/mRNAs_ncRNAs (best)/{refseq}/trackData.jsonz"
            },
            "type" : "NCListAdapter"
         },
         "formatDetails" : {
            "feature" : "jexl:{ JBrowse1: '<a href=\"/tools/genome/jbrowse-simple/?data=data/c_remanei_PRJNA53967' + '&loc=' +feature.refName+':'+feature.start+'..'+feature.end+ '\">'+feature.name+'</a>'}"
         },
         "displays" : [
            {
               "renderer" : {
                  "height" : 6,
                  "color1" : "jexl:startsWith(get(feature,'source'),'BLAT_mRNA_')==true?'yellow':'gray'",
                  "type" : "SvgFeatureRenderer",
                  "outline" : "black"
               },
               "displayId" : "mrnas/ncrnas_(best)-c_remanei_PRJNA53967-LinearBasicDisplay",
               "type" : "LinearBasicDisplay"
            }
         ],
         "assemblyNames" : [
            "c_remanei_PRJNA53967"
         ],
         "trackId" : "c_remanei_PRJNA53967_mrnas/ncrnas_(best)",
         "name" : "mRNAs/ncRNAs (best)",
         "description" : "Native (same species) full length cDNAs and ncRNAs aligned to the genome using BLAT. This track shows the best unique location for each cDNA."
      },
      {
         "formatDetails" : {
            "feature" : "jexl:{ JBrowse1: '<a href=\"/tools/genome/jbrowse-simple/?data=data/c_remanei_PRJNA53967' + '&loc=' +feature.refName+':'+feature.start+'..'+feature.end+ '\">'+feature.refName+':'+feature.start+'..'+feature.end+'</a>'}"
         },
         "displays" : [
            {
               "type" : "LinearBasicDisplay",
               "renderer" : {
                  "height" : 7,
                  "type" : "SvgFeatureRenderer"
               },
               "displayId" : "genblastg_cds_predictions-c_remanei_PRJNA53967-LinearBasicDisplay"
            }
         ],
         "adapter" : {
            "type" : "NCListAdapter",
            "rootUrlTemplate" : {
               "uri" : "https://s3.amazonaws.com/agrjbrowse/MOD-jbrowses/WormBase/WS288/c_remanei_PRJNA53967/tracks/genBlastG CDS predictions/{refseq}/trackData.jsonz",
               "locationType" : "UriLocation"
            }
         },
         "category" : [
            "Genes",
            "Ab-initio predictions"
         ],
         "type" : "FeatureTrack",
         "description" : "Data from 'genBlastG: using BLAST searches to build homologous gene models' (WBPaper00040677).",
         "name" : "genBlastG CDS predictions",
         "trackId" : "c_remanei_PRJNA53967_genblastg_cds_predictions",
         "assemblyNames" : [
            "c_remanei_PRJNA53967"
         ]
      },
      {
         "category" : [
            "Sequence Features",
            "Translated Features"
         ],
         "type" : "FeatureTrack",
         "displays" : [
            {
               "displayId" : "protein_motifs-c_remanei_PRJNA53967-LinearBasicDisplay",
               "renderer" : {
                  "color1" : "jexl:parent(feature)=='undefined'?'purple':get(parent(feature),'predictiontype')=='tmhmm'?'magenta':get(parent(feature),'predictiontype')=='seg'?'lightseagreen':get(parent(feature),'predictiontype')=='signalp'?'aquamarine':get(parent(feature),'predictiontype')=='ncoils'?'chartreuse':\nget(parent(feature),'predictiontype')=='pfam'?'lightsalmon':'purple'",
                  "height" : 7,
                  "type" : "SvgFeatureRenderer"
               },
               "type" : "LinearBasicDisplay"
            }
         ],
         "formatDetails" : {
            "feature" : "jexl:{ JBrowse1: '<a href=\"/tools/genome/jbrowse-simple/?data=data/c_remanei_PRJNA53967' + '&loc=' +feature.refName+':'+feature.start+'..'+feature.end+ '\">'+feature.refName+':'+feature.start+'..'+feature.end+'</a>'}"
         },
         "adapter" : {
            "rootUrlTemplate" : {
               "uri" : "https://s3.amazonaws.com/agrjbrowse/MOD-jbrowses/WormBase/WS288/c_remanei_PRJNA53967/tracks/Protein motifs/{refseq}/trackData.jsonz",
               "locationType" : "UriLocation"
            },
            "type" : "NCListAdapter"
         },
         "trackId" : "c_remanei_PRJNA53967_protein_motifs",
         "assemblyNames" : [
            "c_remanei_PRJNA53967"
         ],
         "name" : "Protein motifs",
         "description" : "This track shows the extent of predicted protein motifs. Note these spans correspond to amino acid coordinates interpolated onto the physical map.  Included are signal peptide (signalp), coiled coil (ncoils) and transmembrane (tmhmm) domains, regions of low complexity (seg), and Pfam annotated motif homologies."
      },
      {
         "description" : "Protein-coding gene structures result from the integration of a variety of prediction methods and data sources followed by manual review and revison by WormBase curators. tRNAs are predicted by tRNAscan, and other non-coding RNA transcripts are taken from a variety of literature sources. The purple and blue colors indicate transcripts on the forward and reverse strands respectively. Dark purple areas represent 5' and 3' UTRs of protein-coding transcripts, assigned automatically using the extents of overlapping ESTs and full-length cDNAs. The UTR predictions have not been reviewed by WormBase curators, and some are known to contain artifacts. Grey transcripts represent either non-coding transcripts of protein coding genes or transcripts of non-coding genes.",
         "name" : "Curated Genes",
         "trackId" : "c_remanei_PRJNA53967_curated_genes",
         "assemblyNames" : [
            "c_remanei_PRJNA53967"
         ],
         "displays" : [
            {
               "type" : "LinearBasicDisplay",
               "displayId" : "curated_genes-c_remanei_PRJNA53967-LinearBasicDisplay",
               "renderer" : {
                  "color1" : "jexl:get(feature,'type')!='CDS'?'gray':get(feature,'strand')>0?'violet':'turquoise'",
                  "labels" : {
                     "name" : "jexl:get(feature,'locus') || get(feature,'sequence_name')"
                  },
                  "type" : "SvgFeatureRenderer",
                  "color3" : "#965567",
                  "maxHeight" : 5000
               }
            }
         ],
         "formatDetails" : {
            "feature" : "jexl:{ JBrowse1: '<a href=\"/tools/genome/jbrowse-simple/?data=data/c_remanei_PRJNA53967' + '&loc=' +feature.refName+':'+feature.start+'..'+feature.end+ '\">'+feature.name+'</a>', WormBase: feature.source=='WormBase'?'<a href=\"/get?name='+feature.name+';class=Gene\">Gene Page</a>':''}"
         },
         "adapter" : {
            "type" : "NCListAdapter",
            "rootUrlTemplate" : {
               "locationType" : "UriLocation",
               "uri" : "https://s3.amazonaws.com/agrjbrowse/MOD-jbrowses/WormBase/WS288/c_remanei_PRJNA53967/tracks/Curated_Genes/{refseq}/trackData.jsonz"
            }
         },
         "category" : [
            "Genes",
            "Curated Genes"
         ],
         "type" : "FeatureTrack"
      },
      {
         "description" : "Repetitive regions identified by RepeatMasker.",
         "name" : "Repeat Region (RepeatMasker)",
         "trackId" : "c_remanei_PRJNA53967_repeat_region_(repeatmasker)",
         "assemblyNames" : [
            "c_remanei_PRJNA53967"
         ],
         "displays" : [
            {
               "renderer" : {
                  "height" : 4,
                  "color1" : "bisque",
                  "showLabels" : false,
                  "showDescriptions" : false,
                  "type" : "SvgFeatureRenderer"
               },
               "displayId" : "repeat_region_(repeatmasker)-c_remanei_PRJNA53967-LinearBasicDisplay",
               "type" : "LinearBasicDisplay"
            }
         ],
         "adapter" : {
            "rootUrlTemplate" : {
               "locationType" : "UriLocation",
               "uri" : "https://s3.amazonaws.com/agrjbrowse/MOD-jbrowses/WormBase/WS288/c_remanei_PRJNA53967/tracks/Repeat Region (RepeatMasker)/{refseq}/trackData.jsonz"
            },
            "type" : "NCListAdapter"
         },
         "category" : [
            "Genome Structure",
            "Repeats"
         ],
         "type" : "FeatureTrack"
      },
      {
         "category" : [
            "Sequence Similarity",
            "Proteins"
         ],
         "type" : "FeatureTrack",
         "displays" : [
            {
               "mouseover" : "jexl:get(feature,'clone')",
               "type" : "LinearBasicDisplay",
               "renderer" : {
                  "type" : "SvgFeatureRenderer",
                  "showLabels" : false,
                  "color1" : "orange",
                  "height" : 4
               },
               "displayId" : "T_muris_proteins-c_remanei_PRJNA53967-LinearBasicDisplay"
            }
         ],
         "adapter" : {
            "type" : "NCListAdapter",
            "rootUrlTemplate" : {
               "uri" : "https://s3.amazonaws.com/agrjbrowse/MOD-jbrowses/WormBase/WS288/c_remanei_PRJNA53967/tracks/T. muris proteins/{refseq}/trackData.jsonz",
               "locationType" : "UriLocation"
            }
         },
         "trackId" : "c_remanei_PRJNA53967_T_muris_proteins",
         "assemblyNames" : [
            "c_remanei_PRJNA53967"
         ],
         "name" : "T. muris proteins",
         "description" : "Matches to WormBase T. muris proteins, aligned with BLASTX (nucleotide to protein, via six-frame translation)."
      },
      {
         "name" : "RNASeq introns",
         "description" : "These are introns formed by aligned RNASeq reads spanning a region of the genome. Alignments of short read sequences from all available RNASeq projects were used. The number of reads spanning the introns is indicated by the thickness of the display.",
         "trackId" : "c_remanei_PRJNA53967_rnaseq_introns",
         "assemblyNames" : [
            "c_remanei_PRJNA53967"
         ],
         "displays" : [
            {
               "mouseover" : "jexl:get(feature,'score')+' reads'",
               "type" : "LinearBasicDisplay",
               "renderer" : {
                  "showLabels" : false,
                  "height" : "jexl:get(feature,'score')>100?50:get(feature,'score')<8?4:floor(get(feature,'score')/2)",
                  "color1" : "green",
                  "showDescriptions" : false,
                  "type" : "SvgFeatureRenderer"
               },
               "displayId" : "rnaseq_introns-c_remanei_PRJNA53967-LinearBasicDisplay"
            }
         ],
         "adapter" : {
            "type" : "NCListAdapter",
            "rootUrlTemplate" : {
               "uri" : "https://s3.amazonaws.com/agrjbrowse/MOD-jbrowses/WormBase/WS288/c_remanei_PRJNA53967/tracks/RNASeq introns/{refseq}/trackData.jsonz",
               "locationType" : "UriLocation"
            }
         },
         "category" : [
            "Expression"
         ],
         "type" : "FeatureTrack"
      },
      {
         "name" : "RNASeq Splice Junctions (common)",
         "description" : "These are introns formed by aligned RNASeq reads spanning a region of the genome. Alignments of short read sequences from all available RNASeq projects were used. These junctions are considered 'common' in that there are more than 500 reads confirming their existence. The number of reads spanning the introns is indicated by the darkness of the color (shades of cyan for reverse, shades of violet for forward).  Darker is more reads.",
         "trackId" : "c_remanei_PRJNA53967_rnaseq_splice_junctions_(common)",
         "assemblyNames" : [
            "c_remanei_PRJNA53967"
         ],
         "displays" : [
            {
               "mouseover" : "jexl:get(feature,'score')+' reads'",
               "type" : "LinearBasicDisplay",
               "renderer" : {
                  "showDescriptions" : false,
                  "type" : "SvgFeatureRenderer",
                  "showLabels" : false,
                  "color1" : "jexl:get(feature,'score')>20000?(get(feature,'strand')>0?'#730073':'#007373'):get(feature,'strand')>0?'#'+hex(round(255-(140*(get(feature,'score')/20000))))+'00'+hex(round(255-(140*(get(feature,'score')/20000)))):'#00'+hex(round(255-(140*(get(feature,'score')/20000))))+hex(round(255-(140*(get(feature,'score')/20000))))"
               },
               "displayId" : "rnaseq_splice_junctions_(common)-c_remanei_PRJNA53967-LinearBasicDisplay"
            }
         ],
         "adapter" : {
            "rootUrlTemplate" : {
               "locationType" : "UriLocation",
               "uri" : "https://s3.amazonaws.com/agrjbrowse/MOD-jbrowses/WormBase/WS288/c_remanei_PRJNA53967/tracks/RNASeq Splice Junctions (common)/{refseq}/trackData.jsonz"
            },
            "type" : "NCListAdapter"
         },
         "category" : [
            "Expression"
         ],
         "type" : "FeatureTrack"
      },
      {
         "trackId" : "c_remanei_PRJNA53967_rnaseq_splice_junctions_(rare)",
         "assemblyNames" : [
            "c_remanei_PRJNA53967"
         ],
         "description" : "These are introns formed by aligned RNASeq reads spanning a region of the genome. Alignments of short read sequences from all available RNASeq projects were used. These junctions are considered 'rare' in that there are fewer than 500 reads confirming their existence. The number of reads spanning the introns is indicated by the darkness of the color (shades of cyan for reverse, shades of violet for forward).  Darker is more reads.",
         "name" : "RNASeq Splice Junctions (rare)",
         "category" : [
            "Expression"
         ],
         "type" : "FeatureTrack",
         "displays" : [
            {
               "renderer" : {
                  "maxHeight" : 5000,
                  "type" : "SvgFeatureRenderer",
                  "showDescriptions" : false,
                  "showLabels" : false,
                  "color1" : "jexl:get(feature,'score')>20000?(get(feature,'strand')>0?'#730073':'#007373'):get(feature,'strand')>0?'#'+hex(round(255-(140*(get(feature,'score')/20000))))+'00'+hex(round(255-(140*(get(feature,'score')/20000)))):'#00'+hex(round(255-(140*(get(feature,'score')/20000))))+hex(round(255-(140*(get(feature,'score')/20000))))",
                  "height" : "jexl:4"
               },
               "displayId" : "rnaseq_splice_junctions_(rare)-c_remanei_PRJNA53967-LinearBasicDisplay",
               "mouseover" : "jexl:get(feature,'score')+' reads'",
               "type" : "LinearBasicDisplay"
            }
         ],
         "adapter" : {
            "type" : "NCListAdapter",
            "rootUrlTemplate" : {
               "locationType" : "UriLocation",
               "uri" : "https://s3.amazonaws.com/agrjbrowse/MOD-jbrowses/WormBase/WS288/c_remanei_PRJNA53967/tracks/RNASeq Splice Junctions (rare)/{refseq}/trackData.jsonz"
            }
         }
      },
      {
         "description" : "Matches to WormBase C. briggsae proteins, aligned with BLASTX (nucleotide to protein, via six-frame translation).",
         "name" : "C. briggsae proteins",
         "trackId" : "c_remanei_PRJNA53967_C_briggsae_proteins",
         "assemblyNames" : [
            "c_remanei_PRJNA53967"
         ],
         "displays" : [
            {
               "type" : "LinearBasicDisplay",
               "mouseover" : "jexl:get(feature,'clone')",
               "displayId" : "C_briggsae_proteins-c_remanei_PRJNA53967-LinearBasicDisplay",
               "renderer" : {
                  "type" : "SvgFeatureRenderer",
                  "height" : 4,
                  "color1" : "orange",
                  "showLabels" : false
               }
            }
         ],
         "adapter" : {
            "type" : "NCListAdapter",
            "rootUrlTemplate" : {
               "uri" : "https://s3.amazonaws.com/agrjbrowse/MOD-jbrowses/WormBase/WS288/c_remanei_PRJNA53967/tracks/C. briggsae proteins/{refseq}/trackData.jsonz",
               "locationType" : "UriLocation"
            }
         },
         "category" : [
            "Sequence Similarity",
            "Proteins"
         ],
         "type" : "FeatureTrack"
      },
      {
         "category" : [
            "Sequence Similarity",
            "Proteins"
         ],
         "type" : "FeatureTrack",
         "displays" : [
            {
               "renderer" : {
                  "showLabels" : false,
                  "color1" : "orange",
                  "height" : 4,
                  "type" : "SvgFeatureRenderer"
               },
               "displayId" : "S_ratti_proteins-c_remanei_PRJNA53967-LinearBasicDisplay",
               "mouseover" : "jexl:get(feature,'clone')",
               "type" : "LinearBasicDisplay"
            }
         ],
         "adapter" : {
            "rootUrlTemplate" : {
               "uri" : "https://s3.amazonaws.com/agrjbrowse/MOD-jbrowses/WormBase/WS288/c_remanei_PRJNA53967/tracks/S. ratti proteins/{refseq}/trackData.jsonz",
               "locationType" : "UriLocation"
            },
            "type" : "NCListAdapter"
         },
         "trackId" : "c_remanei_PRJNA53967_S_ratti_proteins",
         "assemblyNames" : [
            "c_remanei_PRJNA53967"
         ],
         "name" : "S. ratti proteins",
         "description" : "Matches to WormBase S. ratti proteins, aligned with BLASTX (nucleotide to protein, via six-frame translation)."
      },
      {
         "category" : [
            "Sequence Similarity",
            "Proteins"
         ],
         "type" : "FeatureTrack",
         "displays" : [
            {
               "renderer" : {
                  "type" : "SvgFeatureRenderer",
                  "color1" : "orange",
                  "height" : 4,
                  "showLabels" : false
               },
               "displayId" : "C_elegans_proteins-c_remanei_PRJNA53967-LinearBasicDisplay",
               "mouseover" : "jexl:get(feature,'clone')",
               "type" : "LinearBasicDisplay"
            }
         ],
         "adapter" : {
            "rootUrlTemplate" : {
               "locationType" : "UriLocation",
               "uri" : "https://s3.amazonaws.com/agrjbrowse/MOD-jbrowses/WormBase/WS288/c_remanei_PRJNA53967/tracks/C. elegans proteins/{refseq}/trackData.jsonz"
            },
            "type" : "NCListAdapter"
         },
         "trackId" : "c_remanei_PRJNA53967_C_elegans_proteins",
         "assemblyNames" : [
            "c_remanei_PRJNA53967"
         ],
         "description" : "Matches to WormBase C. elegans proteins, aligned with BLASTX (nucleotide to protein, via six-frame translation).",
         "name" : "C. elegans proteins"
      },
      {
         "category" : [
            "Expression"
         ],
         "type" : "FeatureTrack",
         "displays" : [
            {
               "type" : "LinearBasicDisplay",
               "mouseover" : "jexl:'Score: '+get(feature,'score')",
               "displayId" : "rnaseq-c_remanei_PRJNA53967-LinearBasicDisplay",
               "renderer" : {
                  "color1" : "black",
                  "type" : "SvgFeatureRenderer",
                  "height" : "jexl:get(feature,'score')>100?50:floor(get(feature,'score')/2)>4?floor(get(feature,'score')/2):4",
                  "showLabels" : false,
                  "showDescriptions" : false,
                  "displayMode" : "collapse"
               }
            }
         ],
         "adapter" : {
            "type" : "NCListAdapter",
            "rootUrlTemplate" : {
               "uri" : "https://s3.amazonaws.com/agrjbrowse/MOD-jbrowses/WormBase/WS288/c_remanei_PRJNA53967/tracks/RNASeq/{refseq}/trackData.jsonz",
               "locationType" : "UriLocation"
            }
         },
         "trackId" : "c_remanei_PRJNA53967_rnaseq",
         "assemblyNames" : [
            "c_remanei_PRJNA53967"
         ],
         "description" : "These boxes indicate alignments of short read sequences from all available RNASeq projects. The number of reads has been normalised by averaging over the number of libraries. The height of all boxes indicates the relative score of the feature.",
         "name" : "RNASeq"
      },
      {
         "description" : "Exact tandem and inverted repetitive elements.",
         "name" : "Tandem and Inverted Repeats",
         "assemblyNames" : [
            "c_remanei_PRJNA53967"
         ],
         "trackId" : "c_remanei_PRJNA53967_tandem_and_inverted_repeats",
         "adapter" : {
            "rootUrlTemplate" : {
               "locationType" : "UriLocation",
               "uri" : "https://s3.amazonaws.com/agrjbrowse/MOD-jbrowses/WormBase/WS288/c_remanei_PRJNA53967/tracks/Tandem and Inverted Repeats/{refseq}/trackData.jsonz"
            },
            "type" : "NCListAdapter"
         },
         "displays" : [
            {
               "displayId" : "tandem_and_inverted_repeats-c_remanei_PRJNA53967-LinearBasicDisplay",
               "renderer" : {
                  "type" : "SvgFeatureRenderer",
                  "showDescriptions" : false,
                  "color1" : "bisque",
                  "showLabels" : false
               },
               "type" : "LinearBasicDisplay"
            }
         ],
         "type" : "FeatureTrack",
         "category" : [
            "Genome Structure",
            "Repeats"
         ]
      },
      {
         "assemblyNames" : [
            "c_remanei_PRJNA53967"
         ],
         "type" : "FeatureTrack",
         "trackId" : "c_remanei_PRJNA53967_C_remanei_proteins",
         "category" : [
            "Sequence Similarity",
            "Proteins"
         ],
         "adapter" : {
            "rootUrlTemplate" : {
               "uri" : "https://s3.amazonaws.com/agrjbrowse/MOD-jbrowses/WormBase/WS288/c_remanei_PRJNA53967/tracks/C. remanei proteins/{refseq}/trackData.jsonz",
               "locationType" : "UriLocation"
            },
            "type" : "NCListAdapter"
         },
         "name" : "C. remanei proteins",
         "description" : "Matches to WormBase C. remanei proteins, aligned with BLASTX (nucleotide to protein, via six-frame translation).",
         "displays" : [
            {
               "type" : "LinearBasicDisplay",
               "mouseover" : "jexl:get(feature,'clone')",
               "displayId" : "C_remanei_proteins-c_remanei_PRJNA53967-LinearBasicDisplay",
               "renderer" : {
                  "showLabels" : false,
                  "color1" : "orange",
                  "height" : 4,
                  "type" : "SvgFeatureRenderer"
               }
            }
         ]
      },
      {
         "name" : "Contig submissions",
         "description" : "This track shows the location and coordinates of contigs (mostly cosmids) submitted to GenBank/EMBL.",
         "trackId" : "c_remanei_PRJNA53967_contig_submissions",
         "assemblyNames" : [
            "c_remanei_PRJNA53967"
         ],
         "formatDetails" : {
            "feature" : "jexl:{ JBrowse1: '<a href=\"/tools/genome/jbrowse-simple/?data=data/c_remanei_PRJNA53967' + '&loc=' +feature.refName+':'+feature.start+'..'+feature.end+ '\">'+feature.refName+':'+feature.start+'..'+feature.end+'</a>'}"
         },
         "displays" : [
            {
               "renderer" : {
                  "color1" : "sienna",
                  "height" : 7,
                  "type" : "SvgFeatureRenderer"
               },
               "displayId" : "contig_submissions-c_remanei_PRJNA53967-LinearBasicDisplay",
               "type" : "LinearBasicDisplay"
            }
         ],
         "adapter" : {
            "rootUrlTemplate" : {
               "locationType" : "UriLocation",
               "uri" : "https://s3.amazonaws.com/agrjbrowse/MOD-jbrowses/WormBase/WS288/c_remanei_PRJNA53967/tracks/Contig submissions/{refseq}/trackData.jsonz"
            },
            "type" : "NCListAdapter"
         },
         "category" : [
            "Genome Structure",
            "Assembly & Curation"
         ],
         "type" : "FeatureTrack"
      },
      {
         "name" : "S. cerevisiae proteins",
         "description" : "Matches to WormBase S. cerevisiae proteins, aligned with BLASTX (nucleotide to protein, via six-frame translation).",
         "trackId" : "c_remanei_PRJNA53967_S_cerevisiae_proteins",
         "assemblyNames" : [
            "c_remanei_PRJNA53967"
         ],
         "displays" : [
            {
               "type" : "LinearBasicDisplay",
               "mouseover" : "jexl:get(feature,'clone')",
               "displayId" : "S_cerevisiae_proteins-c_remanei_PRJNA53967-LinearBasicDisplay",
               "renderer" : {
                  "showLabels" : false,
                  "height" : 4,
                  "color1" : "orange",
                  "type" : "SvgFeatureRenderer"
               }
            }
         ],
         "adapter" : {
            "type" : "NCListAdapter",
            "rootUrlTemplate" : {
               "locationType" : "UriLocation",
               "uri" : "https://s3.amazonaws.com/agrjbrowse/MOD-jbrowses/WormBase/WS288/c_remanei_PRJNA53967/tracks/S. cerevisiae proteins/{refseq}/trackData.jsonz"
            }
         },
         "category" : [
            "Sequence Similarity",
            "Proteins"
         ],
         "type" : "FeatureTrack"
      },
      {
         "adapter" : {
            "rootUrlTemplate" : {
               "locationType" : "UriLocation",
               "uri" : "https://s3.amazonaws.com/agrjbrowse/MOD-jbrowses/WormBase/WS288/c_remanei_PRJNA53967/tracks/C. brenneri proteins/{refseq}/trackData.jsonz"
            },
            "type" : "NCListAdapter"
         },
         "displays" : [
            {
               "displayId" : "C_brenneri_proteins-c_remanei_PRJNA53967-LinearBasicDisplay",
               "renderer" : {
                  "showLabels" : false,
                  "color1" : "orange",
                  "height" : 4,
                  "type" : "SvgFeatureRenderer"
               },
               "type" : "LinearBasicDisplay",
               "mouseover" : "jexl:get(feature,'clone')"
            }
         ],
         "type" : "FeatureTrack",
         "category" : [
            "Sequence Similarity",
            "Proteins"
         ],
         "name" : "C. brenneri proteins",
         "description" : "Matches to WormBase C. brenneri proteins, aligned with BLASTX (nucleotide to protein, via six-frame translation).",
         "assemblyNames" : [
            "c_remanei_PRJNA53967"
         ],
         "trackId" : "c_remanei_PRJNA53967_C_brenneri_proteins"
      },
      {
         "category" : [
            "Sequence Similarity",
            "Proteins"
         ],
         "type" : "FeatureTrack",
         "displays" : [
            {
               "renderer" : {
                  "type" : "SvgFeatureRenderer",
                  "showLabels" : false,
                  "color1" : "orange",
                  "height" : 4
               },
               "displayId" : "B_malayi_proteins-c_remanei_PRJNA53967-LinearBasicDisplay",
               "mouseover" : "jexl:get(feature,'clone')",
               "type" : "LinearBasicDisplay"
            }
         ],
         "adapter" : {
            "rootUrlTemplate" : {
               "locationType" : "UriLocation",
               "uri" : "https://s3.amazonaws.com/agrjbrowse/MOD-jbrowses/WormBase/WS288/c_remanei_PRJNA53967/tracks/B. malayi proteins/{refseq}/trackData.jsonz"
            },
            "type" : "NCListAdapter"
         },
         "trackId" : "c_remanei_PRJNA53967_B_malayi_proteins",
         "assemblyNames" : [
            "c_remanei_PRJNA53967"
         ],
         "name" : "B. malayi proteins",
         "description" : "Matches to WormBase B. malayi proteins, aligned with BLASTX (nucleotide to protein, via six-frame translation)."
      },
      {
         "adapter" : {
            "rootUrlTemplate" : {
               "uri" : "https://s3.amazonaws.com/agrjbrowse/MOD-jbrowses/WormBase/WS288/c_remanei_PRJNA53967/tracks/RNASeq Asymmetries/{refseq}/trackData.jsonz",
               "locationType" : "UriLocation"
            },
            "type" : "NCListAdapter"
         },
         "displays" : [
            {
               "renderer" : {
                  "height" : 24,
                  "color1" : "jexl:get(feature,'source')=='RNASeq_R_asymmetry'?'red': get(feature,'source')=='RNASeq_F_asymmetry'?'green':'black'",
                  "showLabels" : false,
                  "type" : "SvgFeatureRenderer",
                  "displayMode" : "collapse"
               },
               "displayId" : "rnaseq_asymmetries-c_remanei_PRJNA53967-LinearBasicDisplay",
               "mouseover" : "jexl:'Score: '+get(feature,'score')",
               "type" : "LinearBasicDisplay"
            }
         ],
         "type" : "FeatureTrack",
         "category" : [
            "Expression"
         ],
         "name" : "RNASeq Asymmetries",
         "description" : "Red boxes indicate regions where there are more than 2 times as many forward sense RNASeq reads aligned to the genome as reverse sense reads. This asymmetrical signal has been found empirically to be a sensitive marker for the ends of transcripts. Green boxes indicate regions where there are more than 2 times as many reverse sense RNASeq reads aligned to the genome as forward sense reads. This asymmetrical signal has been found empirically to be sensitive marker for the ends of transcripts. The height of all boxes indicates the relative score of the feature.",
         "assemblyNames" : [
            "c_remanei_PRJNA53967"
         ],
         "trackId" : "c_remanei_PRJNA53967_rnaseq_asymmetries"
      },
      {
         "type" : "FeatureTrack",
         "category" : [
            "Sequence Similarity",
            "Proteins"
         ],
         "adapter" : {
            "rootUrlTemplate" : {
               "uri" : "https://s3.amazonaws.com/agrjbrowse/MOD-jbrowses/WormBase/WS288/c_remanei_PRJNA53967/tracks/Other UniProt proteins/{refseq}/trackData.jsonz",
               "locationType" : "UriLocation"
            },
            "type" : "NCListAdapter"
         },
         "displays" : [
            {
               "displayId" : "other_uniprot_proteins-c_remanei_PRJNA53967-LinearBasicDisplay",
               "renderer" : {
                  "height" : 4,
                  "color1" : "orange",
                  "showLabels" : false,
                  "showDescriptions" : false,
                  "type" : "SvgFeatureRenderer"
               },
               "type" : "LinearBasicDisplay"
            }
         ],
         "assemblyNames" : [
            "c_remanei_PRJNA53967"
         ],
         "trackId" : "c_remanei_PRJNA53967_other_uniprot_proteins",
         "name" : "Other UniProt proteins",
         "description" : "Matches to proteins from a slimmed-down version of UniProt (with proteins from WormBase core nematodes, human, fly and yeast removed), aligned with BLASTX (nucleotide to protein, via six-frame translation)."
      },
      {
         "trackId" : "c_remanei_PRJNA53967_links_and_superlinks",
         "assemblyNames" : [
            "c_remanei_PRJNA53967"
         ],
         "name" : "Links and Superlinks",
         "description" : "This track shows the location and coordinates of contigs created during the assembly of the C. elegans genome.",
         "category" : [
            "Genome Structure",
            "Assembly & Curation"
         ],
         "type" : "FeatureTrack",
         "displays" : [
            {
               "type" : "LinearBasicDisplay",
               "displayId" : "links_and_superlinks-c_remanei_PRJNA53967-LinearBasicDisplay",
               "renderer" : {
                  "type" : "SvgFeatureRenderer",
                  "height" : 4,
                  "color1" : "black"
               }
            }
         ],
         "formatDetails" : {
            "feature" : "jexl:{ JBrowse1: '<a href=\"/tools/genome/jbrowse-simple/?data=data/c_remanei_PRJNA53967' + '&loc=' +feature.refName+':'+feature.start+'..'+feature.end+ '\">'+feature.refName+':'+feature.start+'..'+feature.end+'</a>'}"
         },
         "adapter" : {
            "rootUrlTemplate" : {
               "uri" : "https://s3.amazonaws.com/agrjbrowse/MOD-jbrowses/WormBase/WS288/c_remanei_PRJNA53967/tracks/Links and Superlinks/{refseq}/trackData.jsonz",
               "locationType" : "UriLocation"
            },
            "type" : "NCListAdapter"
         }
      },
      {
         "description" : "This track contains Affymetrix GeneChip and Washington University GSC microarray probe sets.",
         "name" : "Microarray oligo probes",
         "assemblyNames" : [
            "c_remanei_PRJNA53967"
         ],
         "trackId" : "c_remanei_PRJNA53967_microarray_oligo_probes",
         "adapter" : {
            "rootUrlTemplate" : {
               "uri" : "https://s3.amazonaws.com/agrjbrowse/MOD-jbrowses/WormBase/WS288/c_remanei_PRJNA53967/tracks/Microarray oligo probes/{refseq}/trackData.jsonz",
               "locationType" : "UriLocation"
            },
            "type" : "NCListAdapter"
         },
         "displays" : [
            {
               "displayId" : "microarray_oligo_probes-c_remanei_PRJNA53967-LinearBasicDisplay",
               "renderer" : {
                  "color1" : "black",
                  "height" : 4,
                  "type" : "SvgFeatureRenderer"
               },
               "type" : "LinearBasicDisplay"
            }
         ],
         "formatDetails" : {
            "feature" : "jexl:{ JBrowse1: '<a href=\"/tools/genome/jbrowse-simple/?data=data/c_remanei_PRJNA53967' + '&loc=' +feature.refName+':'+feature.start+'..'+feature.end+ '\">'+feature.refName+':'+feature.start+'..'+feature.end+'</a>'}"
         },
         "type" : "FeatureTrack",
         "category" : [
            "Reagents"
         ]
      },
      {
         "description" : "Low-complexity regions identified by Dust.",
         "name" : "Low complextity region (Dust)",
         "assemblyNames" : [
            "c_remanei_PRJNA53967"
         ],
         "trackId" : "c_remanei_PRJNA53967_low_complextity_region_(dust)",
         "adapter" : {
            "rootUrlTemplate" : {
               "locationType" : "UriLocation",
               "uri" : "https://s3.amazonaws.com/agrjbrowse/MOD-jbrowses/WormBase/WS288/c_remanei_PRJNA53967/tracks/Low complextity region (Dust)/{refseq}/trackData.jsonz"
            },
            "type" : "NCListAdapter"
         },
         "displays" : [
            {
               "displayId" : "low_complextity_region_(dust)-c_remanei_PRJNA53967-LinearBasicDisplay",
               "renderer" : {
                  "showLabels" : false,
                  "color1" : "bisque",
                  "height" : 4,
                  "showDescriptions" : false,
                  "type" : "SvgFeatureRenderer"
               },
               "type" : "LinearBasicDisplay"
            }
         ],
         "type" : "FeatureTrack",
         "category" : [
            "Genome Structure",
            "Repeats"
         ]
      },
      {
         "category" : [
            "Sequence Similarity",
            "Proteins"
         ],
         "type" : "FeatureTrack",
         "displays" : [
            {
               "type" : "LinearBasicDisplay",
               "mouseover" : "jexl:get(feature,'clone')",
               "displayId" : "D_melanogaster_proteins-c_remanei_PRJNA53967-LinearBasicDisplay",
               "renderer" : {
                  "color1" : "orange",
                  "height" : 4,
                  "showLabels" : false,
                  "type" : "SvgFeatureRenderer"
               }
            }
         ],
         "adapter" : {
            "rootUrlTemplate" : {
               "uri" : "https://s3.amazonaws.com/agrjbrowse/MOD-jbrowses/WormBase/WS288/c_remanei_PRJNA53967/tracks/D. melanogaster proteins/{refseq}/trackData.jsonz",
               "locationType" : "UriLocation"
            },
            "type" : "NCListAdapter"
         },
         "trackId" : "c_remanei_PRJNA53967_D_melanogaster_proteins",
         "assemblyNames" : [
            "c_remanei_PRJNA53967"
         ],
         "name" : "D. melanogaster proteins",
         "description" : "Matches to WormBase D. melanogaster proteins, aligned with BLASTX (nucleotide to protein, via six-frame translation)."
      },
      {
         "displays" : [
            {
               "displayId" : "H_sapiens_proteins-c_remanei_PRJNA53967-LinearBasicDisplay",
               "renderer" : {
                  "showLabels" : false,
                  "height" : 4,
                  "color1" : "orange",
                  "type" : "SvgFeatureRenderer"
               },
               "type" : "LinearBasicDisplay",
               "mouseover" : "jexl:get(feature,'clone')"
            }
         ],
         "adapter" : {
            "type" : "NCListAdapter",
            "rootUrlTemplate" : {
               "uri" : "https://s3.amazonaws.com/agrjbrowse/MOD-jbrowses/WormBase/WS288/c_remanei_PRJNA53967/tracks/H. sapiens proteins/{refseq}/trackData.jsonz",
               "locationType" : "UriLocation"
            }
         },
         "category" : [
            "Sequence Similarity",
            "Proteins"
         ],
         "type" : "FeatureTrack",
         "description" : "Matches to WormBase H. sapiens proteins, aligned with BLASTX (nucleotide to protein, via six-frame translation).",
         "name" : "H. sapiens proteins",
         "trackId" : "c_remanei_PRJNA53967_H_sapiens_proteins",
         "assemblyNames" : [
            "c_remanei_PRJNA53967"
         ]
      },
      {
         "displays" : [
            {
               "renderer" : {
                  "type" : "SvgFeatureRenderer",
                  "color1" : "orange",
                  "height" : 4,
                  "showLabels" : false
               },
               "displayId" : "O_volvulus_proteins-c_remanei_PRJNA53967-LinearBasicDisplay",
               "mouseover" : "jexl:get(feature,'clone')",
               "type" : "LinearBasicDisplay"
            }
         ],
         "name" : "O. volvulus proteins",
         "description" : "Matches to WormBase O. volvulus proteins, aligned with BLASTX (nucleotide to protein, via six-frame translation).",
         "adapter" : {
            "type" : "NCListAdapter",
            "rootUrlTemplate" : {
               "locationType" : "UriLocation",
               "uri" : "https://s3.amazonaws.com/agrjbrowse/MOD-jbrowses/WormBase/WS288/c_remanei_PRJNA53967/tracks/O. volvulus proteins/{refseq}/trackData.jsonz"
            }
         },
         "category" : [
            "Sequence Similarity",
            "Proteins"
         ],
         "trackId" : "c_remanei_PRJNA53967_O_volvulus_proteins",
         "type" : "FeatureTrack",
         "assemblyNames" : [
            "c_remanei_PRJNA53967"
         ]
      },
      {
         "assemblyNames" : [
            "c_remanei_PRJNA53967"
         ],
         "trackId" : "c_remanei_PRJNA53967_ests",
         "description" : "Native (same-species) Expressed Sequence Tags (ESTs), aligned to the genome using <a href='http://genome.cse.ucsc.edu/cgi-bin/hgBlat'>BLAT</a>. This track shows the best unique location for each EST. The paired 5' and 3' ESTs from the same cDNA clone are connected by a dashed line and a colored light green. ESTs with no mate are yellow, and ESTs with a mate that is 'far away' are dark green.",
         "name" : "ESTs",
         "type" : "FeatureTrack",
         "category" : [
            "Genes",
            "Supporting Evidence"
         ],
         "adapter" : {
            "rootUrlTemplate" : {
               "uri" : "https://s3.amazonaws.com/agrjbrowse/MOD-jbrowses/WormBase/WS288/c_remanei_PRJNA53967/tracks/ESTs (best)/{refseq}/trackData.jsonz",
               "locationType" : "UriLocation"
            },
            "type" : "NCListAdapter"
         },
         "formatDetails" : {
            "feature" : "jexl:{ JBrowse1: '<a href=\"/tools/genome/jbrowse-simple/?data=data/c_remanei_PRJNA53967' + '&loc=' +feature.refName+':'+feature.start+'..'+feature.end+ '\">'+feature.refName+':'+feature.start+'..'+feature.end+'</a>'}"
         },
         "displays" : [
            {
               "displayId" : "ests-c_remanei_PRJNA53967-LinearBasicDisplay",
               "renderer" : {
                  "color1" : "jexl:parent(feature)=='undefined'?'red':get(parent(feature),'has_mate')==1?'limegreen':get(parent(feature),'has_mate')==2?'green':get(parent(feature),'has_mate')==0?'gold':'black'",
                  "maxHeight" : 5000,
                  "type" : "SvgFeatureRenderer"
               },
               "type" : "LinearBasicDisplay"
            }
         ]
      },
      {
         "assemblyNames" : [
            "c_remanei_PRJNA53967"
         ],
         "trackId" : "c_remanei_PRJNA53967_P_pacificus_proteins",
         "name" : "P. pacificus proteins",
         "description" : "Matches to WormBase P. pacificus proteins, aligned with BLASTX (nucleotide to protein, via six-frame translation).",
         "type" : "FeatureTrack",
         "category" : [
            "Sequence Similarity",
            "Proteins"
         ],
         "adapter" : {
            "rootUrlTemplate" : {
               "uri" : "https://s3.amazonaws.com/agrjbrowse/MOD-jbrowses/WormBase/WS288/c_remanei_PRJNA53967/tracks/P. pacificus proteins/{refseq}/trackData.jsonz",
               "locationType" : "UriLocation"
            },
            "type" : "NCListAdapter"
         },
         "displays" : [
            {
               "mouseover" : "jexl:get(feature,'clone')",
               "type" : "LinearBasicDisplay",
               "renderer" : {
                  "height" : 4,
                  "color1" : "orange",
                  "showLabels" : false,
                  "type" : "SvgFeatureRenderer"
               },
               "displayId" : "P_pacificus_proteins-c_remanei_PRJNA53967-LinearBasicDisplay"
            }
         ]
      },
      {
         "adapter" : {
            "type" : "NCListAdapter",
            "rootUrlTemplate" : {
               "locationType" : "UriLocation",
               "uri" : "https://s3.amazonaws.com/agrjbrowse/MOD-jbrowses/WormBase/WS288/c_remanei_PRJNA53967/tracks/C. japonica proteins/{refseq}/trackData.jsonz"
            }
         },
         "displays" : [
            {
               "mouseover" : "jexl:get(feature,'clone')",
               "type" : "LinearBasicDisplay",
               "renderer" : {
                  "color1" : "orange",
                  "height" : 4,
                  "showLabels" : false,
                  "type" : "SvgFeatureRenderer"
               },
               "displayId" : "C_japonica_proteins-c_remanei_PRJNA53967-LinearBasicDisplay"
            }
         ],
         "type" : "FeatureTrack",
         "category" : [
            "Sequence Similarity",
            "Proteins"
         ],
         "name" : "C. japonica proteins",
         "description" : "Matches to WormBase C. japonica proteins, aligned with BLASTX (nucleotide to protein, via six-frame translation).",
         "assemblyNames" : [
            "c_remanei_PRJNA53967"
         ],
         "trackId" : "c_remanei_PRJNA53967_C_japonica_proteins"
      },
      {
         "description" : "These are introns formed by aligned RNASeq reads spanning a region of the genome. Alignments of short read sequences from all available RNASeq projects were used. The number of reads spanning the introns is indicated by the thickness of the display.",
         "name" : "RNASeq introns",
         "assemblyNames" : [
            "c_remanei_PRJNA53967"
         ],
         "trackId" : "c_remanei_PRJNA53967_rnaseq_introns",
         "adapter" : {
            "type" : "NCListAdapter",
            "rootUrlTemplate" : {
               "locationType" : "UriLocation",
               "uri" : "https://s3.amazonaws.com/agrjbrowse/MOD-jbrowses/WormBase/WS288/c_remanei_PRJNA53967/tracks/RNASeq introns/{refseq}/trackData.jsonz"
            }
         },
         "displays" : [
            {
               "type" : "LinearBasicDisplay",
               "mouseover" : "jexl:get(feature,'score')+' reads'",
               "displayId" : "rnaseq_introns-c_remanei_PRJNA53967-LinearBasicDisplay",
               "renderer" : {
                  "showLabels" : false,
                  "height" : "jexl:get(feature,'score')>100?50:get(feature,'score')<8?4:floor(get(feature,'score')/2)",
                  "color1" : "green",
                  "showDescriptions" : false,
                  "type" : "SvgFeatureRenderer"
               }
            }
         ],
         "type" : "FeatureTrack",
         "category" : [
            "Expression"
         ]
      },
      {
         "category" : [
            "Expression"
         ],
         "type" : "FeatureTrack",
         "displays" : [
            {
               "type" : "LinearBasicDisplay",
               "mouseover" : "jexl:get(feature,'score')+' reads'",
               "displayId" : "rnaseq_splice_junctions_(common)-c_remanei_PRJNA53967-LinearBasicDisplay",
               "renderer" : {
                  "color1" : "jexl:get(feature,'score')>1000?(get(feature,'strand')>0?'#730073':'#007373'):get(feature,'strand')>0?'#'+hex(round(255-(140*(get(feature,'score')/1000))))+'00'+hex(round(255-(140*(get(feature,'score')/1000)))):'#00'+hex(round(255-(140*(get(feature,'score')/1000))))+hex(round(255-(140*(get(feature,'score')/1000))))",
                  "showLabels" : false,
                  "type" : "SvgFeatureRenderer",
                  "showDescriptions" : false
               }
            }
         ],
         "adapter" : {
            "type" : "NCListAdapter",
            "rootUrlTemplate" : {
               "locationType" : "UriLocation",
               "uri" : "https://s3.amazonaws.com/agrjbrowse/MOD-jbrowses/WormBase/WS288/c_remanei_PRJNA53967/tracks/RNASeq Splice Junctions (common)/{refseq}/trackData.jsonz"
            }
         },
         "trackId" : "c_remanei_PRJNA53967_rnaseq_splice_junctions_(common)",
         "assemblyNames" : [
            "c_remanei_PRJNA53967"
         ],
         "description" : "These are introns formed by aligned RNASeq reads spanning a region of the genome. Alignments of short read sequences from all available RNASeq projects were used. These junctions are considered 'common' in that there are more than 500 reads confirming their existence. The number of reads spanning the introns is indicated by the darkness of the color (shades of cyan for reverse, shades of violet for forward).  Darker is more reads.",
         "name" : "RNASeq Splice Junctions (common)"
      },
      {
         "category" : [
            "Expression"
         ],
         "type" : "FeatureTrack",
         "displays" : [
            {
               "type" : "LinearBasicDisplay",
               "mouseover" : "jexl:get(feature,'score')+' reads'",
               "displayId" : "rnaseq_splice_junctions_(rare)-c_remanei_PRJNA53967-LinearBasicDisplay",
               "renderer" : {
                  "type" : "SvgFeatureRenderer",
                  "maxHeight" : 5000,
                  "color1" : "jexl:get(feature,'score')>1000?(get(feature,'strand')>0?'#730073':'#007373'):get(feature,'strand')>0?'#'+hex(round(255-(140*(get(feature,'score')/1000))))+'00'+hex(round(255-(140*(get(feature,'score')/1000)))):'#00'+hex(round(255-(140*(get(feature,'score')/1000))))+hex(round(255-(140*(get(feature,'score')/1000))))",
                  "showDescriptions" : false,
                  "height" : "jexl:4",
                  "showLabels" : false
               }
            }
         ],
         "adapter" : {
            "type" : "NCListAdapter",
            "rootUrlTemplate" : {
               "uri" : "https://s3.amazonaws.com/agrjbrowse/MOD-jbrowses/WormBase/WS288/c_remanei_PRJNA53967/tracks/RNASeq Splice Junctions (rare)/{refseq}/trackData.jsonz",
               "locationType" : "UriLocation"
            }
         },
         "trackId" : "c_remanei_PRJNA53967_rnaseq_splice_junctions_(rare)",
         "assemblyNames" : [
            "c_remanei_PRJNA53967"
         ],
         "description" : "These are introns formed by aligned RNASeq reads spanning a region of the genome. Alignments of short read sequences from all available RNASeq projects were used. These junctions are considered 'rare' in that there are fewer than 500 reads confirming their existence. The number of reads spanning the introns is indicated by the darkness of the color (shades of cyan for reverse, shades of violet for forward).  Darker is more reads.",
         "name" : "RNASeq Splice Junctions (rare)"
      }
   ],
   "assemblies" : [
      {
         "name" : "c_remanei_PRJNA53967",
         "displayName" : "c_remanei_PRJNA53967",
         "sequence" : {
            "displays" : [
               {
                  "displayId" : "c_remanei_PRJNA53967-LinearReferenceSequenceDisplay",
                  "type" : "LinearReferenceSequenceDisplay"
               }
            ],
            "adapter" : {
               "faiLocation" : {
                  "locationType" : "UriLocation",
                  "uri" : "https://s3.amazonaws.com/wormbase-modencode/fasta/current/c_remanei.PRJNA53967.WS284.genomic.fa.gz.fai"
               },
               "type" : "BgzipFastaAdapter",
               "gziLocation" : {
                  "locationType" : "UriLocation",
                  "uri" : "https://s3.amazonaws.com/wormbase-modencode/fasta/current/c_remanei.PRJNA53967.WS284.genomic.fa.gz.gzi"
               },
               "fastaLocation" : {
                  "uri" : "https://s3.amazonaws.com/wormbase-modencode/fasta/current/c_remanei.PRJNA53967.WS284.genomic.fa.gz",
                  "locationType" : "UriLocation"
               }
            },
            "trackId" : "c_remanei_PRJNA53967-1646426635733",
            "type" : "ReferenceSequenceTrack"
         }
      }
   ]
}
