{
   "tracks" : [
      {
         "assemblyNames" : [
            "t_muris_PRJEB126"
         ],
         "trackId" : "t_muris_PRJEB126_curated_genes",
         "description" : "Protein-coding gene structures result from the integration of a variety of prediction methods and data sources followed by manual review and revison by WormBase curators. tRNAs are predicted by tRNAscan, and other non-coding RNA transcripts are taken from a variety of literature sources. The purple and blue colors indicate transcripts on the forward and reverse strands respectively. Dark purple areas represent 5' and 3' UTRs of protein-coding transcripts, assigned automatically using the extents of overlapping ESTs and full-length cDNAs. The UTR predictions have not been reviewed by WormBase curators, and some are known to contain artifacts. Grey transcripts represent either non-coding transcripts of protein coding genes or transcripts of non-coding genes.",
         "name" : "Curated Genes",
         "type" : "FeatureTrack",
         "category" : [
            "Genes",
            "Curated Genes"
         ],
         "adapter" : {
            "type" : "NCListAdapter",
            "rootUrlTemplate" : {
               "locationType" : "UriLocation",
               "uri" : "https://s3.amazonaws.com/agrjbrowse/MOD-jbrowses/WormBase/WS288/t_muris_PRJEB126/tracks/Curated_Genes/{refseq}/trackData.jsonz"
            }
         },
         "formatDetails" : {
            "feature" : "jexl:{ JBrowse1: '<a href=\"/tools/genome/jbrowse-simple/?data=data/t_muris_PRJEB126' + '&loc=' +feature.refName+':'+feature.start+'..'+feature.end+ '\">'+feature.name+'</a>', WormBase: feature.source=='WormBase'?'<a href=\"/get?name='+feature.name+';class=Gene\">Gene Page</a>':''}"
         },
         "displays" : [
            {
               "renderer" : {
                  "type" : "SvgFeatureRenderer",
                  "color3" : "#965567",
                  "maxHeight" : 5000,
                  "color1" : "jexl:get(feature,'type')!='CDS'?'gray':get(feature,'strand')>0?'violet':'turquoise'",
                  "labels" : {
                     "name" : "jexl:get(feature,'locus') || get(feature,'sequence_name')"
                  }
               },
               "displayId" : "curated_genes-t_muris_PRJEB126-LinearBasicDisplay",
               "type" : "LinearBasicDisplay"
            }
         ]
      },
      {
         "description" : "This track shows the locations of the cosmids, fosmids, and YACs used for the physical mapping and sequencing of the C. elegans genome.  The clone termini do not necessarily correspond to the termini of submitted GenBank/EMBL entries. In some cases the exact termini of the clones is not known.  For example, YACs were sequenced using PCR amplification across gaps in the cosmid maps.  When a clone end is not known, it is shown as an arrow extending to the end of the display.  Such data is to be treated with caution.  The Vancouver fosmids can be ordered directly from <a href='http://www.geneservice.co.uk/products/clones/Celegans_Fos.jsp'>GeneService</a>.",
         "name" : "YACs, Fosmids, & Cosmids",
         "trackId" : "t_muris_PRJEB126_yacs_fosmids_cosmids",
         "assemblyNames" : [
            "t_muris_PRJEB126"
         ],
         "displays" : [
            {
               "renderer" : {
                  "type" : "SvgFeatureRenderer",
                  "color1" : "black",
                  "height" : 3
               },
               "displayId" : "yacs,_fosmids,_&_cosmids-t_muris_PRJEB126-LinearBasicDisplay",
               "type" : "LinearBasicDisplay"
            }
         ],
         "formatDetails" : {
            "feature" : "jexl:{ JBrowse1: '<a href=\"/tools/genome/jbrowse-simple/?data=data/t_muris_PRJEB126' + '&loc=' +feature.refName+':'+feature.start+'..'+feature.end+ '\">'+feature.refName+':'+feature.start+'..'+feature.end+'</a>'}"
         },
         "adapter" : {
            "type" : "NCListAdapter",
            "rootUrlTemplate" : {
               "locationType" : "UriLocation",
               "uri" : "https://s3.amazonaws.com/agrjbrowse/MOD-jbrowses/WormBase/WS288/t_muris_PRJEB126/tracks/YACs, Fosmids, & Cosmids/{refseq}/trackData.jsonz"
            }
         },
         "category" : [
            "Reagents"
         ],
         "type" : "FeatureTrack"
      },
      {
         "trackId" : "t_muris_PRJEB126_curated_genes_noncoding",
         "assemblyNames" : [
            "t_muris_PRJEB126"
         ],
         "description" : "Non-coding curated gene models, including ncRNA, tRNA, miRNA, snRNA, snoRNA, piRNA, lincRNA and antisense RNA.",
         "name" : "Curated Genes (noncoding)",
         "category" : [
            "Genes",
            "Curated Genes"
         ],
         "type" : "FeatureTrack",
         "displays" : [
            {
               "renderer" : {
                  "color1" : "gray",
                  "height" : 6,
                  "type" : "SvgFeatureRenderer"
               },
               "displayId" : "curated_genes_(noncoding)-t_muris_PRJEB126-LinearBasicDisplay",
               "type" : "LinearBasicDisplay"
            }
         ],
         "formatDetails" : {
            "feature" : "jexl:{ JBrowse1: '<a href=\"/tools/genome/jbrowse-simple/?data=data/t_muris_PRJEB126' + '&loc=' +feature.refName+':'+feature.start+'..'+feature.end+ '\">'+feature.name+'</a>'}"
         },
         "adapter" : {
            "rootUrlTemplate" : {
               "locationType" : "UriLocation",
               "uri" : "https://s3.amazonaws.com/agrjbrowse/MOD-jbrowses/WormBase/WS288/t_muris_PRJEB126/tracks/Curated Genes (noncoding)/{refseq}/trackData.jsonz"
            },
            "type" : "NCListAdapter"
         }
      },
      {
         "formatDetails" : {
            "feature" : "jexl:{ JBrowse1: '<a href=\"/tools/genome/jbrowse-simple/?data=data/t_muris_PRJEB126' + '&loc=' +feature.refName+':'+feature.start+'..'+feature.end+ '\">'+feature.name+'</a>'}"
         },
         "displays" : [
            {
               "renderer" : {
                  "color1" : "jexl:get(feature,'strand')>0?'violet':'turquoise'",
                  "type" : "SvgFeatureRenderer",
                  "color3" : "#965567",
                  "maxHeight" : 5000
               },
               "displayId" : "curated_genes_(protein_coding)-t_muris_PRJEB126-LinearBasicDisplay",
               "type" : "LinearBasicDisplay"
            }
         ],
         "adapter" : {
            "rootUrlTemplate" : {
               "uri" : "https://s3.amazonaws.com/agrjbrowse/MOD-jbrowses/WormBase/WS288/t_muris_PRJEB126/tracks/Curated Genes (protein coding)/{refseq}/trackData.jsonz",
               "locationType" : "UriLocation"
            },
            "type" : "NCListAdapter"
         },
         "category" : [
            "Genes",
            "Curated Genes"
         ],
         "type" : "FeatureTrack",
         "description" : "A subset of the full Curated Genes set limited to protein-coding genes only. Only the CDS is represented. Full models (with UTRs) can be seen on the 'Curated Genes' track.",
         "name" : "Curated Genes (protein coding)",
         "trackId" : "t_muris_PRJEB126_curated_genes_protein_coding",
         "assemblyNames" : [
            "t_muris_PRJEB126"
         ]
      },
      {
         "formatDetails" : {
            "feature" : "jexl:{ JBrowse1: '<a href=\"/tools/genome/jbrowse-simple/?data=data/t_muris_PRJEB126' + '&loc=' +feature.refName+':'+feature.start+'..'+feature.end+ '\">'+feature.refName+':'+feature.start+'..'+feature.end+'</a>'}"
         },
         "displays" : [
            {
               "type" : "LinearBasicDisplay",
               "displayId" : "protein_motifs-t_muris_PRJEB126-LinearBasicDisplay",
               "renderer" : {
                  "color1" : "jexl:parent(feature)=='undefined'?'purple':get(parent(feature),'predictiontype')=='tmhmm'?'magenta':get(parent(feature),'predictiontype')=='seg'?'lightseagreen':get(parent(feature),'predictiontype')=='signalp'?'aquamarine':get(parent(feature),'predictiontype')=='ncoils'?'chartreuse':\nget(parent(feature),'predictiontype')=='pfam'?'lightsalmon':'purple'",
                  "height" : 7,
                  "type" : "SvgFeatureRenderer"
               }
            }
         ],
         "adapter" : {
            "rootUrlTemplate" : {
               "locationType" : "UriLocation",
               "uri" : "https://s3.amazonaws.com/agrjbrowse/MOD-jbrowses/WormBase/WS288/t_muris_PRJEB126/tracks/Protein motifs/{refseq}/trackData.jsonz"
            },
            "type" : "NCListAdapter"
         },
         "category" : [
            "Sequence Features",
            "Translated Features"
         ],
         "type" : "FeatureTrack",
         "description" : "This track shows the extent of predicted protein motifs. Note these spans correspond to amino acid coordinates interpolated onto the physical map.  Included are signal peptide (signalp), coiled coil (ncoils) and transmembrane (tmhmm) domains, regions of low complexity (seg), and Pfam annotated motif homologies.",
         "name" : "Protein motifs",
         "trackId" : "t_muris_PRJEB126_protein_motifs",
         "assemblyNames" : [
            "t_muris_PRJEB126"
         ]
      },
      {
         "adapter" : {
            "type" : "NCListAdapter",
            "rootUrlTemplate" : {
               "uri" : "https://s3.amazonaws.com/agrjbrowse/MOD-jbrowses/WormBase/WS288/t_muris_PRJEB126/tracks/Gene Models (historical)/{refseq}/trackData.jsonz",
               "locationType" : "UriLocation"
            }
         },
         "formatDetails" : {
            "feature" : "jexl:{ JBrowse1: '<a href=\"/tools/genome/jbrowse-simple/?data=data/t_muris_PRJEB126' + '&loc=' +feature.refName+':'+feature.start+'..'+feature.end+ '\">'+feature.name+'</a>'}"
         },
         "displays" : [
            {
               "type" : "LinearBasicDisplay",
               "renderer" : {
                  "labels" : {
                     "description" : "jexl:get(feature,'type')"
                  },
                  "color1" : "jexl:get(feature,'strand')>0?'violet':'turquoise'",
                  "type" : "SvgFeatureRenderer"
               },
               "displayId" : "gene_models_(historical)-t_muris_PRJEB126-LinearBasicDisplay"
            }
         ],
         "type" : "FeatureTrack",
         "category" : [
            "Genes",
            "Curated Genes"
         ],
         "name" : "Gene Models (historical)",
         "description" : "Historical gene predictions.",
         "assemblyNames" : [
            "t_muris_PRJEB126"
         ],
         "trackId" : "t_muris_PRJEB126_gene_models_(historical)"
      },
      {
         "name" : "mRNAs/ncRNAs (best)",
         "description" : "Native (same species) full length cDNAs and ncRNAs aligned to the genome using BLAT. This track shows the best unique location for each cDNA.",
         "trackId" : "t_muris_PRJEB126_mrnas/ncrnas_(best)",
         "assemblyNames" : [
            "t_muris_PRJEB126"
         ],
         "displays" : [
            {
               "type" : "LinearBasicDisplay",
               "renderer" : {
                  "height" : 6,
                  "color1" : "jexl:startsWith(get(feature,'source'),'BLAT_mRNA_')==true?'yellow':'gray'",
                  "type" : "SvgFeatureRenderer",
                  "outline" : "black"
               },
               "displayId" : "mrnas/ncrnas_(best)-t_muris_PRJEB126-LinearBasicDisplay"
            }
         ],
         "formatDetails" : {
            "feature" : "jexl:{ JBrowse1: '<a href=\"/tools/genome/jbrowse-simple/?data=data/t_muris_PRJEB126' + '&loc=' +feature.refName+':'+feature.start+'..'+feature.end+ '\">'+feature.name+'</a>'}"
         },
         "adapter" : {
            "rootUrlTemplate" : {
               "locationType" : "UriLocation",
               "uri" : "https://s3.amazonaws.com/agrjbrowse/MOD-jbrowses/WormBase/WS288/t_muris_PRJEB126/tracks/mRNAs_ncRNAs (best)/{refseq}/trackData.jsonz"
            },
            "type" : "NCListAdapter"
         },
         "category" : [
            "Genes",
            "Supporting Evidence"
         ],
         "type" : "FeatureTrack"
      },
      {
         "category" : [
            "Sequence Similarity",
            "Proteins"
         ],
         "type" : "FeatureTrack",
         "displays" : [
            {
               "renderer" : {
                  "type" : "SvgFeatureRenderer",
                  "color1" : "orange",
                  "height" : 4,
                  "showLabels" : false
               },
               "displayId" : "S_cerevisiae_proteins-t_muris_PRJEB126-LinearBasicDisplay",
               "mouseover" : "jexl:get(feature,'clone')",
               "type" : "LinearBasicDisplay"
            }
         ],
         "adapter" : {
            "rootUrlTemplate" : {
               "uri" : "https://s3.amazonaws.com/agrjbrowse/MOD-jbrowses/WormBase/WS288/t_muris_PRJEB126/tracks/S. cerevisiae proteins/{refseq}/trackData.jsonz",
               "locationType" : "UriLocation"
            },
            "type" : "NCListAdapter"
         },
         "trackId" : "t_muris_PRJEB126_S_cerevisiae_proteins",
         "assemblyNames" : [
            "t_muris_PRJEB126"
         ],
         "name" : "S. cerevisiae proteins",
         "description" : "Matches to WormBase S. cerevisiae proteins, aligned with BLASTX (nucleotide to protein, via six-frame translation)."
      },
      {
         "category" : [
            "Sequence Similarity",
            "Proteins"
         ],
         "type" : "FeatureTrack",
         "displays" : [
            {
               "renderer" : {
                  "color1" : "orange",
                  "height" : 4,
                  "showLabels" : false,
                  "type" : "SvgFeatureRenderer"
               },
               "displayId" : "P_pacificus_proteins-t_muris_PRJEB126-LinearBasicDisplay",
               "mouseover" : "jexl:get(feature,'clone')",
               "type" : "LinearBasicDisplay"
            }
         ],
         "adapter" : {
            "rootUrlTemplate" : {
               "uri" : "https://s3.amazonaws.com/agrjbrowse/MOD-jbrowses/WormBase/WS288/t_muris_PRJEB126/tracks/P. pacificus proteins/{refseq}/trackData.jsonz",
               "locationType" : "UriLocation"
            },
            "type" : "NCListAdapter"
         },
         "trackId" : "t_muris_PRJEB126_P_pacificus_proteins",
         "assemblyNames" : [
            "t_muris_PRJEB126"
         ],
         "description" : "Matches to WormBase P. pacificus proteins, aligned with BLASTX (nucleotide to protein, via six-frame translation).",
         "name" : "P. pacificus proteins"
      },
      {
         "trackId" : "t_muris_PRJEB126_C_japonica_proteins",
         "assemblyNames" : [
            "t_muris_PRJEB126"
         ],
         "name" : "C. japonica proteins",
         "description" : "Matches to WormBase C. japonica proteins, aligned with BLASTX (nucleotide to protein, via six-frame translation).",
         "category" : [
            "Sequence Similarity",
            "Proteins"
         ],
         "type" : "FeatureTrack",
         "displays" : [
            {
               "type" : "LinearBasicDisplay",
               "mouseover" : "jexl:get(feature,'clone')",
               "displayId" : "C_japonica_proteins-t_muris_PRJEB126-LinearBasicDisplay",
               "renderer" : {
                  "color1" : "orange",
                  "height" : 4,
                  "showLabels" : false,
                  "type" : "SvgFeatureRenderer"
               }
            }
         ],
         "adapter" : {
            "type" : "NCListAdapter",
            "rootUrlTemplate" : {
               "uri" : "https://s3.amazonaws.com/agrjbrowse/MOD-jbrowses/WormBase/WS288/t_muris_PRJEB126/tracks/C. japonica proteins/{refseq}/trackData.jsonz",
               "locationType" : "UriLocation"
            }
         }
      },
      {
         "category" : [
            "Genes",
            "Supporting Evidence"
         ],
         "type" : "FeatureTrack",
         "displays" : [
            {
               "renderer" : {
                  "type" : "SvgFeatureRenderer",
                  "height" : 5,
                  "color1" : "mediumpurple",
                  "showLabels" : false
               },
               "displayId" : "trinity-assembled_rnaseq-t_muris_PRJEB126-LinearBasicDisplay",
               "type" : "LinearBasicDisplay"
            }
         ],
         "adapter" : {
            "rootUrlTemplate" : {
               "uri" : "https://s3.amazonaws.com/agrjbrowse/MOD-jbrowses/WormBase/WS288/t_muris_PRJEB126/tracks/Trinity-assembled RNAseq/{refseq}/trackData.jsonz",
               "locationType" : "UriLocation"
            },
            "type" : "NCListAdapter"
         },
         "trackId" : "t_muris_PRJEB126_trinity-assembled_rnaseq",
         "assemblyNames" : [
            "t_muris_PRJEB126"
         ],
         "description" : "Native (same species) RNAseq data was assembled with Trinity and then aligned to the genome with BLAT",
         "name" : "Trinity-assembled RNAseq"
      },
      {
         "adapter" : {
            "rootUrlTemplate" : {
               "locationType" : "UriLocation",
               "uri" : "https://s3.amazonaws.com/agrjbrowse/MOD-jbrowses/WormBase/WS288/t_muris_PRJEB126/tracks/RNASeq Asymmetries/{refseq}/trackData.jsonz"
            },
            "type" : "NCListAdapter"
         },
         "displays" : [
            {
               "type" : "LinearBasicDisplay",
               "mouseover" : "jexl:'Score: '+get(feature,'score')",
               "displayId" : "rnaseq_asymmetries-t_muris_PRJEB126-LinearBasicDisplay",
               "renderer" : {
                  "type" : "SvgFeatureRenderer",
                  "displayMode" : "collapse",
                  "showLabels" : false,
                  "color1" : "jexl:get(feature,'source')=='RNASeq_R_asymmetry'?'red': get(feature,'source')=='RNASeq_F_asymmetry'?'green':'black'",
                  "height" : 24
               }
            }
         ],
         "type" : "FeatureTrack",
         "category" : [
            "Expression"
         ],
         "name" : "RNASeq Asymmetries",
         "description" : "Red boxes indicate regions where there are more than 2 times as many forward sense RNASeq reads aligned to the genome as reverse sense reads. This asymmetrical signal has been found empirically to be a sensitive marker for the ends of transcripts. Green boxes indicate regions where there are more than 2 times as many reverse sense RNASeq reads aligned to the genome as forward sense reads. This asymmetrical signal has been found empirically to be sensitive marker for the ends of transcripts. The height of all boxes indicates the relative score of the feature.",
         "assemblyNames" : [
            "t_muris_PRJEB126"
         ],
         "trackId" : "t_muris_PRJEB126_rnaseq_asymmetries"
      },
      {
         "adapter" : {
            "rootUrlTemplate" : {
               "locationType" : "UriLocation",
               "uri" : "https://s3.amazonaws.com/agrjbrowse/MOD-jbrowses/WormBase/WS288/t_muris_PRJEB126/tracks/RNASeq introns/{refseq}/trackData.jsonz"
            },
            "type" : "NCListAdapter"
         },
         "displays" : [
            {
               "type" : "LinearBasicDisplay",
               "mouseover" : "jexl:get(feature,'score')+' reads'",
               "displayId" : "rnaseq_introns-t_muris_PRJEB126-LinearBasicDisplay",
               "renderer" : {
                  "showDescriptions" : false,
                  "type" : "SvgFeatureRenderer",
                  "color1" : "green",
                  "height" : "jexl:get(feature,'score')>100?50:get(feature,'score')<8?4:floor(get(feature,'score')/2)",
                  "showLabels" : false
               }
            }
         ],
         "type" : "FeatureTrack",
         "category" : [
            "Expression"
         ],
         "description" : "These are introns formed by aligned RNASeq reads spanning a region of the genome. Alignments of short read sequences from all available RNASeq projects were used. The number of reads spanning the introns is indicated by the thickness of the display.",
         "name" : "RNASeq introns",
         "assemblyNames" : [
            "t_muris_PRJEB126"
         ],
         "trackId" : "t_muris_PRJEB126_rnaseq_introns"
      },
      {
         "assemblyNames" : [
            "t_muris_PRJEB126"
         ],
         "trackId" : "t_muris_PRJEB126_rnaseq_splice_junctions_(common)",
         "name" : "RNASeq Splice Junctions (common)",
         "description" : "These are introns formed by aligned RNASeq reads spanning a region of the genome. Alignments of short read sequences from all available RNASeq projects were used. These junctions are considered 'common' in that there are more than 500 reads confirming their existence. The number of reads spanning the introns is indicated by the darkness of the color (shades of cyan for reverse, shades of violet for forward).  Darker is more reads.",
         "type" : "FeatureTrack",
         "category" : [
            "Expression"
         ],
         "adapter" : {
            "rootUrlTemplate" : {
               "uri" : "https://s3.amazonaws.com/agrjbrowse/MOD-jbrowses/WormBase/WS288/t_muris_PRJEB126/tracks/RNASeq Splice Junctions (common)/{refseq}/trackData.jsonz",
               "locationType" : "UriLocation"
            },
            "type" : "NCListAdapter"
         },
         "displays" : [
            {
               "type" : "LinearBasicDisplay",
               "mouseover" : "jexl:get(feature,'score')+' reads'",
               "displayId" : "rnaseq_splice_junctions_(common)-t_muris_PRJEB126-LinearBasicDisplay",
               "renderer" : {
                  "type" : "SvgFeatureRenderer",
                  "showDescriptions" : false,
                  "color1" : "jexl:get(feature,'score')>20000?(get(feature,'strand')>0?'#730073':'#007373'):get(feature,'strand')>0?'#'+hex(round(255-(140*(get(feature,'score')/20000))))+'00'+hex(round(255-(140*(get(feature,'score')/20000)))):'#00'+hex(round(255-(140*(get(feature,'score')/20000))))+hex(round(255-(140*(get(feature,'score')/20000))))",
                  "showLabels" : false
               }
            }
         ]
      },
      {
         "displays" : [
            {
               "mouseover" : "jexl:get(feature,'score')+' reads'",
               "type" : "LinearBasicDisplay",
               "renderer" : {
                  "height" : "jexl:4",
                  "showLabels" : false,
                  "showDescriptions" : false,
                  "color1" : "jexl:get(feature,'score')>20000?(get(feature,'strand')>0?'#730073':'#007373'):get(feature,'strand')>0?'#'+hex(round(255-(140*(get(feature,'score')/20000))))+'00'+hex(round(255-(140*(get(feature,'score')/20000)))):'#00'+hex(round(255-(140*(get(feature,'score')/20000))))+hex(round(255-(140*(get(feature,'score')/20000))))",
                  "type" : "SvgFeatureRenderer",
                  "maxHeight" : 5000
               },
               "displayId" : "rnaseq_splice_junctions_(rare)-t_muris_PRJEB126-LinearBasicDisplay"
            }
         ],
         "adapter" : {
            "type" : "NCListAdapter",
            "rootUrlTemplate" : {
               "uri" : "https://s3.amazonaws.com/agrjbrowse/MOD-jbrowses/WormBase/WS288/t_muris_PRJEB126/tracks/RNASeq Splice Junctions (rare)/{refseq}/trackData.jsonz",
               "locationType" : "UriLocation"
            }
         },
         "category" : [
            "Expression"
         ],
         "type" : "FeatureTrack",
         "description" : "These are introns formed by aligned RNASeq reads spanning a region of the genome. Alignments of short read sequences from all available RNASeq projects were used. These junctions are considered 'rare' in that there are fewer than 500 reads confirming their existence. The number of reads spanning the introns is indicated by the darkness of the color (shades of cyan for reverse, shades of violet for forward).  Darker is more reads.",
         "name" : "RNASeq Splice Junctions (rare)",
         "trackId" : "t_muris_PRJEB126_rnaseq_splice_junctions_(rare)",
         "assemblyNames" : [
            "t_muris_PRJEB126"
         ]
      },
      {
         "type" : "FeatureTrack",
         "assemblyNames" : [
            "t_muris_PRJEB126"
         ],
         "trackId" : "t_muris_PRJEB126_H_sapiens_proteins",
         "category" : [
            "Sequence Similarity",
            "Proteins"
         ],
         "adapter" : {
            "rootUrlTemplate" : {
               "uri" : "https://s3.amazonaws.com/agrjbrowse/MOD-jbrowses/WormBase/WS288/t_muris_PRJEB126/tracks/H. sapiens proteins/{refseq}/trackData.jsonz",
               "locationType" : "UriLocation"
            },
            "type" : "NCListAdapter"
         },
         "displays" : [
            {
               "type" : "LinearBasicDisplay",
               "mouseover" : "jexl:get(feature,'clone')",
               "displayId" : "H_sapiens_proteins-t_muris_PRJEB126-LinearBasicDisplay",
               "renderer" : {
                  "height" : 4,
                  "color1" : "orange",
                  "showLabels" : false,
                  "type" : "SvgFeatureRenderer"
               }
            }
         ],
         "name" : "H. sapiens proteins",
         "description" : "Matches to WormBase H. sapiens proteins, aligned with BLASTX (nucleotide to protein, via six-frame translation)."
      },
      {
         "name" : "S. ratti proteins",
         "description" : "Matches to WormBase S. ratti proteins, aligned with BLASTX (nucleotide to protein, via six-frame translation).",
         "trackId" : "t_muris_PRJEB126_S_ratti_proteins",
         "assemblyNames" : [
            "t_muris_PRJEB126"
         ],
         "displays" : [
            {
               "type" : "LinearBasicDisplay",
               "mouseover" : "jexl:get(feature,'clone')",
               "displayId" : "S_ratti_proteins-t_muris_PRJEB126-LinearBasicDisplay",
               "renderer" : {
                  "type" : "SvgFeatureRenderer",
                  "showLabels" : false,
                  "color1" : "orange",
                  "height" : 4
               }
            }
         ],
         "adapter" : {
            "type" : "NCListAdapter",
            "rootUrlTemplate" : {
               "locationType" : "UriLocation",
               "uri" : "https://s3.amazonaws.com/agrjbrowse/MOD-jbrowses/WormBase/WS288/t_muris_PRJEB126/tracks/S. ratti proteins/{refseq}/trackData.jsonz"
            }
         },
         "category" : [
            "Sequence Similarity",
            "Proteins"
         ],
         "type" : "FeatureTrack"
      },
      {
         "category" : [
            "Sequence Similarity",
            "Proteins"
         ],
         "type" : "FeatureTrack",
         "displays" : [
            {
               "displayId" : "B_malayi_proteins-t_muris_PRJEB126-LinearBasicDisplay",
               "renderer" : {
                  "showLabels" : false,
                  "height" : 4,
                  "color1" : "orange",
                  "type" : "SvgFeatureRenderer"
               },
               "type" : "LinearBasicDisplay",
               "mouseover" : "jexl:get(feature,'clone')"
            }
         ],
         "adapter" : {
            "rootUrlTemplate" : {
               "locationType" : "UriLocation",
               "uri" : "https://s3.amazonaws.com/agrjbrowse/MOD-jbrowses/WormBase/WS288/t_muris_PRJEB126/tracks/B. malayi proteins/{refseq}/trackData.jsonz"
            },
            "type" : "NCListAdapter"
         },
         "trackId" : "t_muris_PRJEB126_B_malayi_proteins",
         "assemblyNames" : [
            "t_muris_PRJEB126"
         ],
         "name" : "B. malayi proteins",
         "description" : "Matches to WormBase B. malayi proteins, aligned with BLASTX (nucleotide to protein, via six-frame translation)."
      },
      {
         "description" : "Exact tandem and inverted repetitive elements.",
         "name" : "Tandem and Inverted Repeats",
         "assemblyNames" : [
            "t_muris_PRJEB126"
         ],
         "trackId" : "t_muris_PRJEB126_tandem_and_inverted_repeats",
         "adapter" : {
            "type" : "NCListAdapter",
            "rootUrlTemplate" : {
               "locationType" : "UriLocation",
               "uri" : "https://s3.amazonaws.com/agrjbrowse/MOD-jbrowses/WormBase/WS288/t_muris_PRJEB126/tracks/Tandem and Inverted Repeats/{refseq}/trackData.jsonz"
            }
         },
         "displays" : [
            {
               "type" : "LinearBasicDisplay",
               "displayId" : "tandem_and_inverted_repeats-t_muris_PRJEB126-LinearBasicDisplay",
               "renderer" : {
                  "showDescriptions" : false,
                  "type" : "SvgFeatureRenderer",
                  "color1" : "bisque",
                  "showLabels" : false
               }
            }
         ],
         "type" : "FeatureTrack",
         "category" : [
            "Genome Structure",
            "Repeats"
         ]
      },
      {
         "displays" : [
            {
               "displayId" : "C_briggsae_proteins-t_muris_PRJEB126-LinearBasicDisplay",
               "renderer" : {
                  "type" : "SvgFeatureRenderer",
                  "showLabels" : false,
                  "color1" : "orange",
                  "height" : 4
               },
               "type" : "LinearBasicDisplay",
               "mouseover" : "jexl:get(feature,'clone')"
            }
         ],
         "adapter" : {
            "rootUrlTemplate" : {
               "uri" : "https://s3.amazonaws.com/agrjbrowse/MOD-jbrowses/WormBase/WS288/t_muris_PRJEB126/tracks/C. briggsae proteins/{refseq}/trackData.jsonz",
               "locationType" : "UriLocation"
            },
            "type" : "NCListAdapter"
         },
         "category" : [
            "Sequence Similarity",
            "Proteins"
         ],
         "type" : "FeatureTrack",
         "description" : "Matches to WormBase C. briggsae proteins, aligned with BLASTX (nucleotide to protein, via six-frame translation).",
         "name" : "C. briggsae proteins",
         "trackId" : "t_muris_PRJEB126_C_briggsae_proteins",
         "assemblyNames" : [
            "t_muris_PRJEB126"
         ]
      },
      {
         "trackId" : "t_muris_PRJEB126_other_uniprot_proteins",
         "assemblyNames" : [
            "t_muris_PRJEB126"
         ],
         "name" : "Other UniProt proteins",
         "description" : "Matches to proteins from a slimmed-down version of UniProt (with proteins from WormBase core nematodes, human, fly and yeast removed), aligned with BLASTX (nucleotide to protein, via six-frame translation).",
         "category" : [
            "Sequence Similarity",
            "Proteins"
         ],
         "type" : "FeatureTrack",
         "displays" : [
            {
               "renderer" : {
                  "color1" : "orange",
                  "height" : 4,
                  "showLabels" : false,
                  "showDescriptions" : false,
                  "type" : "SvgFeatureRenderer"
               },
               "displayId" : "other_uniprot_proteins-t_muris_PRJEB126-LinearBasicDisplay",
               "type" : "LinearBasicDisplay"
            }
         ],
         "adapter" : {
            "type" : "NCListAdapter",
            "rootUrlTemplate" : {
               "uri" : "https://s3.amazonaws.com/agrjbrowse/MOD-jbrowses/WormBase/WS288/t_muris_PRJEB126/tracks/Other UniProt proteins/{refseq}/trackData.jsonz",
               "locationType" : "UriLocation"
            }
         }
      },
      {
         "trackId" : "t_muris_PRJEB126_ests",
         "assemblyNames" : [
            "t_muris_PRJEB126"
         ],
         "name" : "ESTs",
         "description" : "Native (same-species) Expressed Sequence Tags (ESTs), aligned to the genome using <a href='http://genome.cse.ucsc.edu/cgi-bin/hgBlat'>BLAT</a>. This track shows the best unique location for each EST. The paired 5' and 3' ESTs from the same cDNA clone are connected by a dashed line and a colored light green. ESTs with no mate are yellow, and ESTs with a mate that is 'far away' are dark green.",
         "category" : [
            "Genes",
            "Supporting Evidence"
         ],
         "type" : "FeatureTrack",
         "displays" : [
            {
               "type" : "LinearBasicDisplay",
               "displayId" : "ests-t_muris_PRJEB126-LinearBasicDisplay",
               "renderer" : {
                  "color1" : "jexl:parent(feature)=='undefined'?'red':get(parent(feature),'has_mate')==1?'limegreen':get(parent(feature),'has_mate')==2?'green':get(parent(feature),'has_mate')==0?'gold':'black'",
                  "maxHeight" : 5000,
                  "type" : "SvgFeatureRenderer"
               }
            }
         ],
         "formatDetails" : {
            "feature" : "jexl:{ JBrowse1: '<a href=\"/tools/genome/jbrowse-simple/?data=data/t_muris_PRJEB126' + '&loc=' +feature.refName+':'+feature.start+'..'+feature.end+ '\">'+feature.refName+':'+feature.start+'..'+feature.end+'</a>'}"
         },
         "adapter" : {
            "type" : "NCListAdapter",
            "rootUrlTemplate" : {
               "locationType" : "UriLocation",
               "uri" : "https://s3.amazonaws.com/agrjbrowse/MOD-jbrowses/WormBase/WS288/t_muris_PRJEB126/tracks/ESTs (best)/{refseq}/trackData.jsonz"
            }
         }
      },
      {
         "adapter" : {
            "rootUrlTemplate" : {
               "locationType" : "UriLocation",
               "uri" : "https://s3.amazonaws.com/agrjbrowse/MOD-jbrowses/WormBase/WS288/t_muris_PRJEB126/tracks/D. melanogaster proteins/{refseq}/trackData.jsonz"
            },
            "type" : "NCListAdapter"
         },
         "displays" : [
            {
               "renderer" : {
                  "color1" : "orange",
                  "height" : 4,
                  "showLabels" : false,
                  "type" : "SvgFeatureRenderer"
               },
               "displayId" : "D_melanogaster_proteins-t_muris_PRJEB126-LinearBasicDisplay",
               "mouseover" : "jexl:get(feature,'clone')",
               "type" : "LinearBasicDisplay"
            }
         ],
         "description" : "Matches to WormBase D. melanogaster proteins, aligned with BLASTX (nucleotide to protein, via six-frame translation).",
         "name" : "D. melanogaster proteins",
         "type" : "FeatureTrack",
         "assemblyNames" : [
            "t_muris_PRJEB126"
         ],
         "trackId" : "t_muris_PRJEB126_D_melanogaster_proteins",
         "category" : [
            "Sequence Similarity",
            "Proteins"
         ]
      },
      {
         "description" : "Matches to WormBase C. elegans proteins, aligned with BLASTX (nucleotide to protein, via six-frame translation).",
         "name" : "C. elegans proteins",
         "trackId" : "t_muris_PRJEB126_C_elegans_proteins",
         "assemblyNames" : [
            "t_muris_PRJEB126"
         ],
         "displays" : [
            {
               "mouseover" : "jexl:get(feature,'clone')",
               "type" : "LinearBasicDisplay",
               "renderer" : {
                  "type" : "SvgFeatureRenderer",
                  "showLabels" : false,
                  "color1" : "orange",
                  "height" : 4
               },
               "displayId" : "C_elegans_proteins-t_muris_PRJEB126-LinearBasicDisplay"
            }
         ],
         "adapter" : {
            "rootUrlTemplate" : {
               "uri" : "https://s3.amazonaws.com/agrjbrowse/MOD-jbrowses/WormBase/WS288/t_muris_PRJEB126/tracks/C. elegans proteins/{refseq}/trackData.jsonz",
               "locationType" : "UriLocation"
            },
            "type" : "NCListAdapter"
         },
         "category" : [
            "Sequence Similarity",
            "Proteins"
         ],
         "type" : "FeatureTrack"
      },
      {
         "trackId" : "t_muris_PRJEB126_contig_submissions",
         "assemblyNames" : [
            "t_muris_PRJEB126"
         ],
         "description" : "This track shows the location and coordinates of contigs (mostly cosmids) submitted to GenBank/EMBL.",
         "name" : "Contig submissions",
         "category" : [
            "Genome Structure",
            "Assembly & Curation"
         ],
         "type" : "FeatureTrack",
         "formatDetails" : {
            "feature" : "jexl:{ JBrowse1: '<a href=\"/tools/genome/jbrowse-simple/?data=data/t_muris_PRJEB126' + '&loc=' +feature.refName+':'+feature.start+'..'+feature.end+ '\">'+feature.refName+':'+feature.start+'..'+feature.end+'</a>'}"
         },
         "displays" : [
            {
               "type" : "LinearBasicDisplay",
               "displayId" : "contig_submissions-t_muris_PRJEB126-LinearBasicDisplay",
               "renderer" : {
                  "type" : "SvgFeatureRenderer",
                  "height" : 7,
                  "color1" : "sienna"
               }
            }
         ],
         "adapter" : {
            "type" : "NCListAdapter",
            "rootUrlTemplate" : {
               "locationType" : "UriLocation",
               "uri" : "https://s3.amazonaws.com/agrjbrowse/MOD-jbrowses/WormBase/WS288/t_muris_PRJEB126/tracks/Contig submissions/{refseq}/trackData.jsonz"
            }
         }
      },
      {
         "trackId" : "t_muris_PRJEB126_C_remanei_proteins",
         "assemblyNames" : [
            "t_muris_PRJEB126"
         ],
         "description" : "Matches to WormBase C. remanei proteins, aligned with BLASTX (nucleotide to protein, via six-frame translation).",
         "name" : "C. remanei proteins",
         "category" : [
            "Sequence Similarity",
            "Proteins"
         ],
         "type" : "FeatureTrack",
         "displays" : [
            {
               "type" : "LinearBasicDisplay",
               "mouseover" : "jexl:get(feature,'clone')",
               "displayId" : "C_remanei_proteins-t_muris_PRJEB126-LinearBasicDisplay",
               "renderer" : {
                  "type" : "SvgFeatureRenderer",
                  "color1" : "orange",
                  "height" : 4,
                  "showLabels" : false
               }
            }
         ],
         "adapter" : {
            "rootUrlTemplate" : {
               "locationType" : "UriLocation",
               "uri" : "https://s3.amazonaws.com/agrjbrowse/MOD-jbrowses/WormBase/WS288/t_muris_PRJEB126/tracks/C. remanei proteins/{refseq}/trackData.jsonz"
            },
            "type" : "NCListAdapter"
         }
      },
      {
         "adapter" : {
            "type" : "NCListAdapter",
            "rootUrlTemplate" : {
               "uri" : "https://s3.amazonaws.com/agrjbrowse/MOD-jbrowses/WormBase/WS288/t_muris_PRJEB126/tracks/Repeat Region (RepeatMasker)/{refseq}/trackData.jsonz",
               "locationType" : "UriLocation"
            }
         },
         "displays" : [
            {
               "type" : "LinearBasicDisplay",
               "displayId" : "repeat_region_(repeatmasker)-t_muris_PRJEB126-LinearBasicDisplay",
               "renderer" : {
                  "type" : "SvgFeatureRenderer",
                  "showDescriptions" : false,
                  "color1" : "bisque",
                  "height" : 4,
                  "showLabels" : false
               }
            }
         ],
         "type" : "FeatureTrack",
         "category" : [
            "Genome Structure",
            "Repeats"
         ],
         "description" : "Repetitive regions identified by RepeatMasker.",
         "name" : "Repeat Region (RepeatMasker)",
         "assemblyNames" : [
            "t_muris_PRJEB126"
         ],
         "trackId" : "t_muris_PRJEB126_repeat_region_(repeatmasker)"
      },
      {
         "displays" : [
            {
               "type" : "LinearBasicDisplay",
               "displayId" : "low_complextity_region_(dust)-t_muris_PRJEB126-LinearBasicDisplay",
               "renderer" : {
                  "type" : "SvgFeatureRenderer",
                  "showDescriptions" : false,
                  "showLabels" : false,
                  "color1" : "bisque",
                  "height" : 4
               }
            }
         ],
         "description" : "Low-complexity regions identified by Dust.",
         "name" : "Low complextity region (Dust)",
         "adapter" : {
            "rootUrlTemplate" : {
               "locationType" : "UriLocation",
               "uri" : "https://s3.amazonaws.com/agrjbrowse/MOD-jbrowses/WormBase/WS288/t_muris_PRJEB126/tracks/Low complextity region (Dust)/{refseq}/trackData.jsonz"
            },
            "type" : "NCListAdapter"
         },
         "category" : [
            "Genome Structure",
            "Repeats"
         ],
         "trackId" : "t_muris_PRJEB126_low_complextity_region_(dust)",
         "type" : "FeatureTrack",
         "assemblyNames" : [
            "t_muris_PRJEB126"
         ]
      },
      {
         "type" : "FeatureTrack",
         "category" : [
            "Sequence Similarity",
            "Proteins"
         ],
         "adapter" : {
            "rootUrlTemplate" : {
               "uri" : "https://s3.amazonaws.com/agrjbrowse/MOD-jbrowses/WormBase/WS288/t_muris_PRJEB126/tracks/T. muris proteins/{refseq}/trackData.jsonz",
               "locationType" : "UriLocation"
            },
            "type" : "NCListAdapter"
         },
         "displays" : [
            {
               "displayId" : "T_muris_proteins-t_muris_PRJEB126-LinearBasicDisplay",
               "renderer" : {
                  "showLabels" : false,
                  "color1" : "orange",
                  "height" : 4,
                  "type" : "SvgFeatureRenderer"
               },
               "type" : "LinearBasicDisplay",
               "mouseover" : "jexl:get(feature,'clone')"
            }
         ],
         "assemblyNames" : [
            "t_muris_PRJEB126"
         ],
         "trackId" : "t_muris_PRJEB126_T_muris_proteins",
         "name" : "T. muris proteins",
         "description" : "Matches to WormBase T. muris proteins, aligned with BLASTX (nucleotide to protein, via six-frame translation)."
      },
      {
         "name" : "C. brenneri proteins",
         "description" : "Matches to WormBase C. brenneri proteins, aligned with BLASTX (nucleotide to protein, via six-frame translation).",
         "assemblyNames" : [
            "t_muris_PRJEB126"
         ],
         "trackId" : "t_muris_PRJEB126_C_brenneri_proteins",
         "adapter" : {
            "type" : "NCListAdapter",
            "rootUrlTemplate" : {
               "uri" : "https://s3.amazonaws.com/agrjbrowse/MOD-jbrowses/WormBase/WS288/t_muris_PRJEB126/tracks/C. brenneri proteins/{refseq}/trackData.jsonz",
               "locationType" : "UriLocation"
            }
         },
         "displays" : [
            {
               "mouseover" : "jexl:get(feature,'clone')",
               "type" : "LinearBasicDisplay",
               "renderer" : {
                  "type" : "SvgFeatureRenderer",
                  "showLabels" : false,
                  "height" : 4,
                  "color1" : "orange"
               },
               "displayId" : "C_brenneri_proteins-t_muris_PRJEB126-LinearBasicDisplay"
            }
         ],
         "type" : "FeatureTrack",
         "category" : [
            "Sequence Similarity",
            "Proteins"
         ]
      },
      {
         "adapter" : {
            "type" : "NCListAdapter",
            "rootUrlTemplate" : {
               "uri" : "https://s3.amazonaws.com/agrjbrowse/MOD-jbrowses/WormBase/WS288/t_muris_PRJEB126/tracks/O. volvulus proteins/{refseq}/trackData.jsonz",
               "locationType" : "UriLocation"
            }
         },
         "displays" : [
            {
               "mouseover" : "jexl:get(feature,'clone')",
               "type" : "LinearBasicDisplay",
               "renderer" : {
                  "color1" : "orange",
                  "height" : 4,
                  "showLabels" : false,
                  "type" : "SvgFeatureRenderer"
               },
               "displayId" : "O_volvulus_proteins-t_muris_PRJEB126-LinearBasicDisplay"
            }
         ],
         "type" : "FeatureTrack",
         "category" : [
            "Sequence Similarity",
            "Proteins"
         ],
         "description" : "Matches to WormBase O. volvulus proteins, aligned with BLASTX (nucleotide to protein, via six-frame translation).",
         "name" : "O. volvulus proteins",
         "assemblyNames" : [
            "t_muris_PRJEB126"
         ],
         "trackId" : "t_muris_PRJEB126_O_volvulus_proteins"
      },
      {
         "category" : [
            "Expression"
         ],
         "type" : "FeatureTrack",
         "displays" : [
            {
               "displayId" : "rnaseq-t_muris_PRJEB126-LinearBasicDisplay",
               "renderer" : {
                  "type" : "SvgFeatureRenderer",
                  "color1" : "black",
                  "displayMode" : "collapse",
                  "showDescriptions" : false,
                  "height" : "jexl:get(feature,'score')>100?50:floor(get(feature,'score')/2)>4?floor(get(feature,'score')/2):4",
                  "showLabels" : false
               },
               "type" : "LinearBasicDisplay",
               "mouseover" : "jexl:'Score: '+get(feature,'score')"
            }
         ],
         "adapter" : {
            "rootUrlTemplate" : {
               "locationType" : "UriLocation",
               "uri" : "https://s3.amazonaws.com/agrjbrowse/MOD-jbrowses/WormBase/WS288/t_muris_PRJEB126/tracks/RNASeq/{refseq}/trackData.jsonz"
            },
            "type" : "NCListAdapter"
         },
         "trackId" : "t_muris_PRJEB126_rnaseq",
         "assemblyNames" : [
            "t_muris_PRJEB126"
         ],
         "name" : "RNASeq",
         "description" : "These boxes indicate alignments of short read sequences from all available RNASeq projects. The number of reads has been normalised by averaging over the number of libraries. The height of all boxes indicates the relative score of the feature."
      },
      {
         "category" : [
            "Genome Structure",
            "Assembly & Curation"
         ],
         "type" : "FeatureTrack",
         "formatDetails" : {
            "feature" : "jexl:{ JBrowse1: '<a href=\"/tools/genome/jbrowse-simple/?data=data/t_muris_PRJEB126' + '&loc=' +feature.refName+':'+feature.start+'..'+feature.end+ '\">'+feature.refName+':'+feature.start+'..'+feature.end+'</a>'}"
         },
         "displays" : [
            {
               "renderer" : {
                  "type" : "SvgFeatureRenderer",
                  "color1" : "black",
                  "height" : 4
               },
               "displayId" : "links_and_superlinks-t_muris_PRJEB126-LinearBasicDisplay",
               "type" : "LinearBasicDisplay"
            }
         ],
         "adapter" : {
            "rootUrlTemplate" : {
               "locationType" : "UriLocation",
               "uri" : "https://s3.amazonaws.com/agrjbrowse/MOD-jbrowses/WormBase/WS288/t_muris_PRJEB126/tracks/Links and Superlinks/{refseq}/trackData.jsonz"
            },
            "type" : "NCListAdapter"
         },
         "trackId" : "t_muris_PRJEB126_links_and_superlinks",
         "assemblyNames" : [
            "t_muris_PRJEB126"
         ],
         "description" : "This track shows the location and coordinates of contigs created during the assembly of the C. elegans genome.",
         "name" : "Links and Superlinks"
      },
      {
         "displays" : [
            {
               "renderer" : {
                  "type" : "SvgFeatureRenderer",
                  "showDescriptions" : false,
                  "showLabels" : false,
                  "height" : 4,
                  "color1" : "jexl:get(feature,'source')=='BLAT_Caen_mRNA_BEST'?'lightblue':'green'"
               },
               "displayId" : "collapsed_isoseq_structures-t_muris_PRJEB126-LinearBasicDisplay",
               "type" : "LinearBasicDisplay"
            }
         ],
         "adapter" : {
            "type" : "NCListAdapter",
            "rootUrlTemplate" : {
               "locationType" : "UriLocation",
               "uri" : "https://s3.amazonaws.com/agrjbrowse/MOD-jbrowses/WormBase/WS288/t_muris_PRJEB126/tracks/Collapsed IsoSeq structures/{refseq}/trackData.jsonz"
            }
         },
         "category" : [
            "Genes",
            "Supporting Evidence"
         ],
         "type" : "FeatureTrack",
         "name" : "Collapsed IsoSeq structures",
         "description" : "Aligned and filtered full-length non-chimeric IsoSeq reads with similar alignments collapsed into one representative structure.",
         "trackId" : "t_muris_PRJEB126_collapsed_isoseq_structures",
         "assemblyNames" : [
            "t_muris_PRJEB126"
         ]
      },
      {
         "trackId" : "t_muris_PRJEB126_isoseq_collection_alignments",
         "assemblyNames" : [
            "t_muris_PRJEB126"
         ],
         "name" : "IsoSeq collection alignments",
         "description" : "PacBio IsoSeq (RSII) reads from adult male and adult female T. muris libraries, generated by the Parasite Genomics group at the Wellcome Sanger Institute. Full-length non-chimeric reads were aligned with GMAP.",
         "category" : [
            "Expression"
         ],
         "type" : "AlignmentsTrack",
         "displays" : [
            {
               "displayId" : "t_muris_PRJEB126_isoseq_collection_alignments-LinearAlignmentsDisplay",
               "type" : "LinearAlignmentsDisplay"
            },
            {
               "type" : "LinearPileupDisplay",
               "displayId" : "t_muris_PRJEB126_isoseq_collection_alignments-LinearPileupDisplay"
            },
            {
               "type" : "LinearSNPCoverageDisplay",
               "displayId" : "t_muris_PRJEB126_isoseq_collection_alignments-LinearSNPCoverageDisplay"
            }
         ],
         "adapter" : {
            "index" : {
               "location" : {
                  "locationType" : "UriLocation",
                  "uri" : "https://s3.amazonaws.com/wormbase-modencode/jbrowse/data/t_muris_PRJEB126/Tmuris_isoseq.bam.bai"
               }
            },
            "bamLocation" : {
               "locationType" : "UriLocation",
               "uri" : "https://s3.amazonaws.com/wormbase-modencode/jbrowse/data/t_muris_PRJEB126/Tmuris_isoseq.bam"
            },
            "type" : "BamAdapter"
         }
      },
      {
         "type" : "FeatureTrack",
         "category" : [
            "Expression"
         ],
         "adapter" : {
            "rootUrlTemplate" : {
               "locationType" : "UriLocation",
               "uri" : "https://s3.amazonaws.com/agrjbrowse/MOD-jbrowses/WormBase/WS288/t_muris_PRJEB126/tracks/RNASeq introns/{refseq}/trackData.jsonz"
            },
            "type" : "NCListAdapter"
         },
         "displays" : [
            {
               "displayId" : "rnaseq_introns-t_muris_PRJEB126-LinearBasicDisplay",
               "renderer" : {
                  "showLabels" : false,
                  "color1" : "green",
                  "height" : "jexl:get(feature,'score')>100?50:get(feature,'score')<8?4:floor(get(feature,'score')/2)",
                  "showDescriptions" : false,
                  "type" : "SvgFeatureRenderer"
               },
               "type" : "LinearBasicDisplay",
               "mouseover" : "jexl:get(feature,'score')+' reads'"
            }
         ],
         "assemblyNames" : [
            "t_muris_PRJEB126"
         ],
         "trackId" : "t_muris_PRJEB126_rnaseq_introns",
         "description" : "These are introns formed by aligned RNASeq reads spanning a region of the genome. Alignments of short read sequences from all available RNASeq projects were used. The number of reads spanning the introns is indicated by the thickness of the display.",
         "name" : "RNASeq introns"
      },
      {
         "assemblyNames" : [
            "t_muris_PRJEB126"
         ],
         "trackId" : "t_muris_PRJEB126_rnaseq_splice_junctions_(common)",
         "description" : "These are introns formed by aligned RNASeq reads spanning a region of the genome. Alignments of short read sequences from all available RNASeq projects were used. These junctions are considered 'common' in that there are more than 500 reads confirming their existence. The number of reads spanning the introns is indicated by the darkness of the color (shades of cyan for reverse, shades of violet for forward).  Darker is more reads.",
         "name" : "RNASeq Splice Junctions (common)",
         "type" : "FeatureTrack",
         "category" : [
            "Expression"
         ],
         "adapter" : {
            "type" : "NCListAdapter",
            "rootUrlTemplate" : {
               "uri" : "https://s3.amazonaws.com/agrjbrowse/MOD-jbrowses/WormBase/WS288/t_muris_PRJEB126/tracks/RNASeq Splice Junctions (common)/{refseq}/trackData.jsonz",
               "locationType" : "UriLocation"
            }
         },
         "displays" : [
            {
               "mouseover" : "jexl:get(feature,'score')+' reads'",
               "type" : "LinearBasicDisplay",
               "renderer" : {
                  "showLabels" : false,
                  "color1" : "jexl:get(feature,'score')>1000?(get(feature,'strand')>0?'#730073':'#007373'):get(feature,'strand')>0?'#'+hex(round(255-(140*(get(feature,'score')/1000))))+'00'+hex(round(255-(140*(get(feature,'score')/1000)))):'#00'+hex(round(255-(140*(get(feature,'score')/1000))))+hex(round(255-(140*(get(feature,'score')/1000))))",
                  "showDescriptions" : false,
                  "type" : "SvgFeatureRenderer"
               },
               "displayId" : "rnaseq_splice_junctions_(common)-t_muris_PRJEB126-LinearBasicDisplay"
            }
         ]
      },
      {
         "category" : [
            "Expression"
         ],
         "type" : "FeatureTrack",
         "displays" : [
            {
               "renderer" : {
                  "showDescriptions" : false,
                  "height" : "jexl:4",
                  "showLabels" : false,
                  "type" : "SvgFeatureRenderer",
                  "maxHeight" : 5000,
                  "color1" : "jexl:get(feature,'score')>1000?(get(feature,'strand')>0?'#730073':'#007373'):get(feature,'strand')>0?'#'+hex(round(255-(140*(get(feature,'score')/1000))))+'00'+hex(round(255-(140*(get(feature,'score')/1000)))):'#00'+hex(round(255-(140*(get(feature,'score')/1000))))+hex(round(255-(140*(get(feature,'score')/1000))))"
               },
               "displayId" : "rnaseq_splice_junctions_(rare)-t_muris_PRJEB126-LinearBasicDisplay",
               "mouseover" : "jexl:get(feature,'score')+' reads'",
               "type" : "LinearBasicDisplay"
            }
         ],
         "adapter" : {
            "rootUrlTemplate" : {
               "uri" : "https://s3.amazonaws.com/agrjbrowse/MOD-jbrowses/WormBase/WS288/t_muris_PRJEB126/tracks/RNASeq Splice Junctions (rare)/{refseq}/trackData.jsonz",
               "locationType" : "UriLocation"
            },
            "type" : "NCListAdapter"
         },
         "trackId" : "t_muris_PRJEB126_rnaseq_splice_junctions_(rare)",
         "assemblyNames" : [
            "t_muris_PRJEB126"
         ],
         "name" : "RNASeq Splice Junctions (rare)",
         "description" : "These are introns formed by aligned RNASeq reads spanning a region of the genome. Alignments of short read sequences from all available RNASeq projects were used. These junctions are considered 'rare' in that there are fewer than 500 reads confirming their existence. The number of reads spanning the introns is indicated by the darkness of the color (shades of cyan for reverse, shades of violet for forward).  Darker is more reads."
      }
   ],
   "assemblies" : [
      {
         "name" : "t_muris_PRJEB126",
         "sequence" : {
            "type" : "ReferenceSequenceTrack",
            "trackId" : "t_muris_PRJEB126-1646426635733",
            "adapter" : {
               "faiLocation" : {
                  "uri" : "https://s3.amazonaws.com/wormbase-modencode/fasta/current/t_muris.PRJEB126.WS284.genomic.fa.gz.fai",
                  "locationType" : "UriLocation"
               },
               "type" : "BgzipFastaAdapter",
               "fastaLocation" : {
                  "locationType" : "UriLocation",
                  "uri" : "https://s3.amazonaws.com/wormbase-modencode/fasta/current/t_muris.PRJEB126.WS284.genomic.fa.gz"
               },
               "gziLocation" : {
                  "uri" : "https://s3.amazonaws.com/wormbase-modencode/fasta/current/t_muris.PRJEB126.WS284.genomic.fa.gz.gzi",
                  "locationType" : "UriLocation"
               }
            },
            "displays" : [
               {
                  "displayId" : "t_muris_PRJEB126-LinearReferenceSequenceDisplay",
                  "type" : "LinearReferenceSequenceDisplay"
               }
            ]
         },
         "displayName" : "t_muris_PRJEB126"
      }
   ]
}
