{
   "tracks" : [
      {
         "displays" : [
            {
               "renderer" : {
                  "labels" : {
                     "description" : "jexl:get(feature,'type') || get(feature,'description')"
                  },
                  "color1" : "purple",
                  "type" : "SvgFeatureRenderer"
               },
               "type" : "LinearBasicDisplay",
               "displayId" : "polya_sites_and_signal_sequences-b_malayi_PRJNA10729-LinearBasicDisplay"
            }
         ],
         "assemblyNames" : [
            "b_malayi_PRJNA10729"
         ],
         "formatDetails" : {
            "feature" : "jexl:{ JBrowse1: '<a href=\"/tools/genome/jbrowse-simple/?data=data/b_malayi_PRJNA10729' + '&loc=' +feature.refName+':'+feature.start+'..'+feature.end+ '\">'+feature.refName+':'+feature.start+'..'+feature.end+'</a>'}"
         },
         "description" : "High-confidence polyadenylation signal sequences and sites calculated by an algorithm trained with verified sites from full-length mRNAs. Signals are indicated with a diamond; sites with a triangle.",
         "adapter" : {
            "rootUrlTemplate" : {
               "locationType" : "UriLocation",
               "uri" : "https://s3.amazonaws.com/agrjbrowse/MOD-jbrowses/WormBase/WS287/b_malayi_PRJNA10729/tracks/PolyA sites and signal sequences/{refseq}/trackData.jsonz"
            },
            "type" : "NCListAdapter"
         },
         "trackId" : "b_malayi_PRJNA10729_polya_sites_and_signal_sequences",
         "category" : [
            "Sequence Features",
            "Signals & Motifs"
         ],
         "type" : "FeatureTrack",
         "name" : "PolyA sites and signal sequences"
      },
      {
         "name" : "Gene Models (historical)",
         "type" : "FeatureTrack",
         "category" : [
            "Genes",
            "Curated Genes"
         ],
         "formatDetails" : {
            "feature" : "jexl:{ JBrowse1: '<a href=\"/tools/genome/jbrowse-simple/?data=data/b_malayi_PRJNA10729' + '&loc=' +feature.refName+':'+feature.start+'..'+feature.end+ '\">'+feature.name+'</a>'}"
         },
         "description" : "Historical gene predictions.",
         "assemblyNames" : [
            "b_malayi_PRJNA10729"
         ],
         "displays" : [
            {
               "displayId" : "gene_models_(historical)-b_malayi_PRJNA10729-LinearBasicDisplay",
               "renderer" : {
                  "type" : "SvgFeatureRenderer",
                  "color1" : "jexl:get(feature,'strand')>0?'violet':'turquoise'",
                  "labels" : {
                     "description" : "jexl:get(feature,'type')"
                  }
               },
               "type" : "LinearBasicDisplay"
            }
         ],
         "trackId" : "b_malayi_PRJNA10729_gene_models_(historical)",
         "adapter" : {
            "rootUrlTemplate" : {
               "uri" : "https://s3.amazonaws.com/agrjbrowse/MOD-jbrowses/WormBase/WS287/b_malayi_PRJNA10729/tracks/Gene Models (historical)/{refseq}/trackData.jsonz",
               "locationType" : "UriLocation"
            },
            "type" : "NCListAdapter"
         }
      },
      {
         "assemblyNames" : [
            "b_malayi_PRJNA10729"
         ],
         "displays" : [
            {
               "displayId" : "mrnas/ncrnas_(best)-b_malayi_PRJNA10729-LinearBasicDisplay",
               "type" : "LinearBasicDisplay",
               "renderer" : {
                  "height" : 6,
                  "type" : "SvgFeatureRenderer",
                  "outline" : "black",
                  "color1" : "jexl:startsWith(get(feature,'source'),'BLAT_mRNA_')==true?'yellow':'gray'"
               }
            }
         ],
         "formatDetails" : {
            "feature" : "jexl:{ JBrowse1: '<a href=\"/tools/genome/jbrowse-simple/?data=data/b_malayi_PRJNA10729' + '&loc=' +feature.refName+':'+feature.start+'..'+feature.end+ '\">'+feature.name+'</a>'}"
         },
         "description" : "Native (same species) full length cDNAs and ncRNAs aligned to the genome using BLAT. This track shows the best unique location for each cDNA.",
         "adapter" : {
            "rootUrlTemplate" : {
               "uri" : "https://s3.amazonaws.com/agrjbrowse/MOD-jbrowses/WormBase/WS287/b_malayi_PRJNA10729/tracks/mRNAs_ncRNAs (best)/{refseq}/trackData.jsonz",
               "locationType" : "UriLocation"
            },
            "type" : "NCListAdapter"
         },
         "trackId" : "b_malayi_PRJNA10729_mrnas/ncrnas_(best)",
         "category" : [
            "Genes",
            "Supporting Evidence"
         ],
         "type" : "FeatureTrack",
         "name" : "mRNAs/ncRNAs (best)"
      },
      {
         "displays" : [
            {
               "renderer" : {
                  "type" : "SvgFeatureRenderer",
                  "color1" : "darkgreen"
               },
               "type" : "LinearBasicDisplay",
               "displayId" : "dicistronic_mrnas-b_malayi_PRJNA10729-LinearBasicDisplay"
            }
         ],
         "assemblyNames" : [
            "b_malayi_PRJNA10729"
         ],
         "description" : "Dicistronic mRNA operons - manually observed by curators",
         "formatDetails" : {
            "feature" : "jexl:{ JBrowse1: '<a href=\"/tools/genome/jbrowse-simple/?data=data/b_malayi_PRJNA10729' + '&loc=' +feature.refName+':'+feature.start+'..'+feature.end+ '\">'+feature.refName+':'+feature.start+'..'+feature.end+'</a>'}"
         },
         "adapter" : {
            "rootUrlTemplate" : {
               "uri" : "https://s3.amazonaws.com/agrjbrowse/MOD-jbrowses/WormBase/WS287/b_malayi_PRJNA10729/tracks/Dicistronic mRNAs/{refseq}/trackData.jsonz",
               "locationType" : "UriLocation"
            },
            "type" : "NCListAdapter"
         },
         "trackId" : "b_malayi_PRJNA10729_dicistronic_mrnas",
         "category" : [
            "Genes",
            "Curated Genes"
         ],
         "name" : "Dicistronic mRNAs",
         "type" : "FeatureTrack"
      },
      {
         "category" : [
            "Genes",
            "Curated Genes"
         ],
         "type" : "FeatureTrack",
         "name" : "Transposon Genes",
         "adapter" : {
            "type" : "NCListAdapter",
            "rootUrlTemplate" : {
               "uri" : "https://s3.amazonaws.com/agrjbrowse/MOD-jbrowses/WormBase/WS287/b_malayi_PRJNA10729/tracks/Transposon Genes/{refseq}/trackData.jsonz",
               "locationType" : "UriLocation"
            }
         },
         "trackId" : "b_malayi_PRJNA10729_transposon_genes",
         "displays" : [
            {
               "type" : "LinearBasicDisplay",
               "renderer" : {
                  "labels" : {
                     "description" : "jexl:get(feature,'type')=='pseudogenic_transcript'?'transposon pseudogene':'transposon mRNA'"
                  },
                  "height" : 6,
                  "type" : "SvgFeatureRenderer",
                  "color1" : "gray"
               },
               "displayId" : "transposon_genes-b_malayi_PRJNA10729-LinearBasicDisplay"
            }
         ],
         "assemblyNames" : [
            "b_malayi_PRJNA10729"
         ],
         "description" : "These are transposon spans reviewed by WormBase curators.",
         "formatDetails" : {
            "feature" : "jexl:{ JBrowse1: '<a href=\"/tools/genome/jbrowse-simple/?data=data/b_malayi_PRJNA10729' + '&loc=' +feature.refName+':'+feature.start+'..'+feature.end+ '\">'+feature.name+'</a>'}"
         }
      },
      {
         "displays" : [
            {
               "displayId" : "protein_motifs-b_malayi_PRJNA10729-LinearBasicDisplay",
               "type" : "LinearBasicDisplay",
               "renderer" : {
                  "color1" : "jexl:parent(feature)=='undefined'?'purple':get(parent(feature),'predictiontype')=='tmhmm'?'magenta':get(parent(feature),'predictiontype')=='seg'?'lightseagreen':get(parent(feature),'predictiontype')=='signalp'?'aquamarine':get(parent(feature),'predictiontype')=='ncoils'?'chartreuse':\nget(parent(feature),'predictiontype')=='pfam'?'lightsalmon':'purple'",
                  "height" : 7,
                  "type" : "SvgFeatureRenderer"
               }
            }
         ],
         "assemblyNames" : [
            "b_malayi_PRJNA10729"
         ],
         "formatDetails" : {
            "feature" : "jexl:{ JBrowse1: '<a href=\"/tools/genome/jbrowse-simple/?data=data/b_malayi_PRJNA10729' + '&loc=' +feature.refName+':'+feature.start+'..'+feature.end+ '\">'+feature.refName+':'+feature.start+'..'+feature.end+'</a>'}"
         },
         "description" : "This track shows the extent of predicted protein motifs. Note these spans correspond to amino acid coordinates interpolated onto the physical map.  Included are signal peptide (signalp), coiled coil (ncoils) and transmembrane (tmhmm) domains, regions of low complexity (seg), and Pfam annotated motif homologies.",
         "adapter" : {
            "type" : "NCListAdapter",
            "rootUrlTemplate" : {
               "uri" : "https://s3.amazonaws.com/agrjbrowse/MOD-jbrowses/WormBase/WS287/b_malayi_PRJNA10729/tracks/Protein motifs/{refseq}/trackData.jsonz",
               "locationType" : "UriLocation"
            }
         },
         "trackId" : "b_malayi_PRJNA10729_protein_motifs",
         "category" : [
            "Sequence Features",
            "Translated Features"
         ],
         "type" : "FeatureTrack",
         "name" : "Protein motifs"
      },
      {
         "trackId" : "b_malayi_PRJNA10729_curated_genes_noncoding",
         "adapter" : {
            "type" : "NCListAdapter",
            "rootUrlTemplate" : {
               "locationType" : "UriLocation",
               "uri" : "https://s3.amazonaws.com/agrjbrowse/MOD-jbrowses/WormBase/WS287/b_malayi_PRJNA10729/tracks/Curated Genes (noncoding)/{refseq}/trackData.jsonz"
            }
         },
         "formatDetails" : {
            "feature" : "jexl:{ JBrowse1: '<a href=\"/tools/genome/jbrowse-simple/?data=data/b_malayi_PRJNA10729' + '&loc=' +feature.refName+':'+feature.start+'..'+feature.end+ '\">'+feature.name+'</a>'}"
         },
         "description" : "Non-coding curated gene models, including ncRNA, tRNA, miRNA, snRNA, snoRNA, piRNA, lincRNA and antisense RNA.",
         "assemblyNames" : [
            "b_malayi_PRJNA10729"
         ],
         "displays" : [
            {
               "displayId" : "curated_genes_(noncoding)-b_malayi_PRJNA10729-LinearBasicDisplay",
               "type" : "LinearBasicDisplay",
               "renderer" : {
                  "type" : "SvgFeatureRenderer",
                  "height" : 6,
                  "color1" : "gray"
               }
            }
         ],
         "name" : "Curated Genes (noncoding)",
         "type" : "FeatureTrack",
         "category" : [
            "Genes",
            "Curated Genes"
         ]
      },
      {
         "name" : "Trans-spliced acceptor",
         "type" : "FeatureTrack",
         "category" : [
            "Sequence Features",
            "Signals & Motifs"
         ],
         "trackId" : "b_malayi_PRJNA10729_trans-spliced_acceptor",
         "adapter" : {
            "rootUrlTemplate" : {
               "uri" : "https://s3.amazonaws.com/agrjbrowse/MOD-jbrowses/WormBase/WS287/b_malayi_PRJNA10729/tracks/Trans-spliced acceptor/{refseq}/trackData.jsonz",
               "locationType" : "UriLocation"
            },
            "type" : "NCListAdapter"
         },
         "formatDetails" : {
            "feature" : "jexl:{ JBrowse1: '<a href=\"/tools/genome/jbrowse-simple/?data=data/b_malayi_PRJNA10729' + '&loc=' +feature.refName+':'+feature.start+'..'+feature.end+ '\">'+feature.refName+':'+feature.start+'..'+feature.end+'</a>'}"
         },
         "description" : "This track contains SL1 and SL2 trans-spliced acceptors from a variety of sources: SL1 and SL2 trans-spliced acceptors published by Blumenthal et al, Nature (2002), Trans-Spliced Exon Coupled RNA End Determination (TEC-RED) Hwang et al, PNAS (2004), EST/mRNA sequence data, RNASeq read data from ENA. SL1 acceptors are show in red, SL2 in green. Direction of transcription is indicated by arrow direction.",
         "assemblyNames" : [
            "b_malayi_PRJNA10729"
         ],
         "displays" : [
            {
               "renderer" : {
                  "color1" : "jexl:get(feature,'source')=='SL1'?'red':get(feature,'source')=='SL2'?'green':'black'",
                  "type" : "SvgFeatureRenderer",
                  "labels" : {
                     "description" : "jexl:get(feature,'source') || get(feature,'description')"
                  }
               },
               "type" : "LinearBasicDisplay",
               "displayId" : "trans-spliced_acceptor-b_malayi_PRJNA10729-LinearBasicDisplay"
            }
         ]
      },
      {
         "description" : "Protein-coding gene structures result from the integration of a variety of prediction methods and data sources followed by manual review and revison by WormBase curators. tRNAs are predicted by tRNAscan, and other non-coding RNA transcripts are taken from a variety of literature sources. The purple and blue colors indicate transcripts on the forward and reverse strands respectively. Dark purple areas represent 5' and 3' UTRs of protein-coding transcripts, assigned automatically using the extents of overlapping ESTs and full-length cDNAs. The UTR predictions have not been reviewed by WormBase curators, and some are known to contain artifacts. Grey transcripts represent either non-coding transcripts of protein coding genes or transcripts of non-coding genes.",
         "formatDetails" : {
            "feature" : "jexl:{ JBrowse1: '<a href=\"/tools/genome/jbrowse-simple/?data=data/b_malayi_PRJNA10729' + '&loc=' +feature.refName+':'+feature.start+'..'+feature.end+ '\">'+feature.name+'</a>'}"
         },
         "displays" : [
            {
               "type" : "LinearBasicDisplay",
               "renderer" : {
                  "color3" : "#965567",
                  "labels" : {
                     "name" : "jexl:get(feature,'locus') || get(feature,'sequence_name')"
                  },
                  "type" : "SvgFeatureRenderer",
                  "color1" : "jexl:get(feature,'type')!='CDS'?'gray':get(feature,'strand')>0?'violet':'turquoise'"
               },
               "displayId" : "curated_genes-b_malayi_PRJNA10729-LinearBasicDisplay"
            }
         ],
         "assemblyNames" : [
            "b_malayi_PRJNA10729"
         ],
         "trackId" : "b_malayi_PRJNA10729_curated_genes",
         "adapter" : {
            "type" : "NCListAdapter",
            "rootUrlTemplate" : {
               "locationType" : "UriLocation",
               "uri" : "https://s3.amazonaws.com/agrjbrowse/MOD-jbrowses/WormBase/WS287/b_malayi_PRJNA10729/tracks/Curated_Genes/{refseq}/trackData.jsonz"
            }
         },
         "type" : "FeatureTrack",
         "name" : "Curated Genes",
         "category" : [
            "Genes",
            "Curated Genes"
         ]
      },
      {
         "assemblyNames" : [
            "b_malayi_PRJNA10729"
         ],
         "displays" : [
            {
               "renderer" : {
                  "color3" : "#965567",
                  "type" : "SvgFeatureRenderer",
                  "color1" : "jexl:get(feature,'strand')>0?'violet':'turquoise'"
               },
               "type" : "LinearBasicDisplay",
               "displayId" : "curated_genes_(protein_coding)-b_malayi_PRJNA10729-LinearBasicDisplay"
            }
         ],
         "formatDetails" : {
            "feature" : "jexl:{ JBrowse1: '<a href=\"/tools/genome/jbrowse-simple/?data=data/b_malayi_PRJNA10729' + '&loc=' +feature.refName+':'+feature.start+'..'+feature.end+ '\">'+feature.name+'</a>'}"
         },
         "description" : "A subset of the full Curated Genes set limited to protein-coding genes only. Only the CDS is represented. Full models (with UTRs) can be seen on the 'Curated Genes' track.",
         "adapter" : {
            "type" : "NCListAdapter",
            "rootUrlTemplate" : {
               "uri" : "https://s3.amazonaws.com/agrjbrowse/MOD-jbrowses/WormBase/WS287/b_malayi_PRJNA10729/tracks/Curated Genes (protein coding)/{refseq}/trackData.jsonz",
               "locationType" : "UriLocation"
            }
         },
         "trackId" : "b_malayi_PRJNA10729_curated_genes_protein_coding",
         "category" : [
            "Genes",
            "Curated Genes"
         ],
         "type" : "FeatureTrack",
         "name" : "Curated Genes (protein coding)"
      },
      {
         "adapter" : {
            "rootUrlTemplate" : {
               "uri" : "https://s3.amazonaws.com/agrjbrowse/MOD-jbrowses/WormBase/WS287/b_malayi_PRJNA10729/tracks/YACs, Fosmids, & Cosmids/{refseq}/trackData.jsonz",
               "locationType" : "UriLocation"
            },
            "type" : "NCListAdapter"
         },
         "trackId" : "b_malayi_PRJNA10729_yacs_fosmids_cosmids",
         "assemblyNames" : [
            "b_malayi_PRJNA10729"
         ],
         "displays" : [
            {
               "type" : "LinearBasicDisplay",
               "renderer" : {
                  "color1" : "black",
                  "type" : "SvgFeatureRenderer",
                  "height" : 3
               },
               "displayId" : "yacs,_fosmids,_&_cosmids-b_malayi_PRJNA10729-LinearBasicDisplay"
            }
         ],
         "formatDetails" : {
            "feature" : "jexl:{ JBrowse1: '<a href=\"/tools/genome/jbrowse-simple/?data=data/b_malayi_PRJNA10729' + '&loc=' +feature.refName+':'+feature.start+'..'+feature.end+ '\">'+feature.refName+':'+feature.start+'..'+feature.end+'</a>'}"
         },
         "description" : "This track shows the locations of the cosmids, fosmids, and YACs used for the physical mapping and sequencing of the C. elegans genome.  The clone termini do not necessarily correspond to the termini of submitted GenBank/EMBL entries. In some cases the exact termini of the clones is not known.  For example, YACs were sequenced using PCR amplification across gaps in the cosmid maps.  When a clone end is not known, it is shown as an arrow extending to the end of the display.  Such data is to be treated with caution.  The Vancouver fosmids can be ordered directly from <a href='http://www.geneservice.co.uk/products/clones/Celegans_Fos.jsp'>GeneService</a>.",
         "category" : [
            "Reagents"
         ],
         "name" : "YACs, Fosmids, & Cosmids",
         "type" : "FeatureTrack"
      },
      {
         "trackId" : "b_malayi_PRJNA10729_curated_genes_pseudogenes",
         "adapter" : {
            "type" : "NCListAdapter",
            "rootUrlTemplate" : {
               "uri" : "https://s3.amazonaws.com/agrjbrowse/MOD-jbrowses/WormBase/WS287/b_malayi_PRJNA10729/tracks/Curated Genes (pseudogenes)/{refseq}/trackData.jsonz",
               "locationType" : "UriLocation"
            }
         },
         "formatDetails" : {
            "feature" : "jexl:{ JBrowse1: '<a href=\"/tools/genome/jbrowse-simple/?data=data/b_malayi_PRJNA10729' + '&loc=' +feature.refName+':'+feature.start+'..'+feature.end+ '\">'+feature.name+'</a>'}"
         },
         "description" : "A subset of the full Curated Genes set limited to pseudogenes only. Pseudogenes of tRNA are lighter gray and pseudogenes of rRNA are darker gray than pseudogenes of protein coding genes.",
         "assemblyNames" : [
            "b_malayi_PRJNA10729"
         ],
         "displays" : [
            {
               "renderer" : {
                  "color1" : "gray",
                  "type" : "SvgFeatureRenderer",
                  "height" : 6
               },
               "type" : "LinearBasicDisplay",
               "displayId" : "curated_genes_(pseudogenes)-b_malayi_PRJNA10729-LinearBasicDisplay"
            }
         ],
         "type" : "FeatureTrack",
         "name" : "Curated Genes (pseudogenes)",
         "category" : [
            "Genes",
            "Curated Genes"
         ]
      },
      {
         "name" : "Low complextity region (Dust)",
         "type" : "FeatureTrack",
         "category" : [
            "Genome Structure",
            "Repeats"
         ],
         "trackId" : "b_malayi_PRJNA10729_low_complextity_region_(dust)",
         "adapter" : {
            "type" : "NCListAdapter",
            "rootUrlTemplate" : {
               "locationType" : "UriLocation",
               "uri" : "https://s3.amazonaws.com/agrjbrowse/MOD-jbrowses/WormBase/WS287/b_malayi_PRJNA10729/tracks/Low complextity region (Dust)/{refseq}/trackData.jsonz"
            }
         },
         "description" : "Low-complexity regions identified by Dust.",
         "displays" : [
            {
               "displayId" : "low_complextity_region_(dust)-b_malayi_PRJNA10729-LinearBasicDisplay",
               "type" : "LinearBasicDisplay",
               "renderer" : {
                  "showLabels" : false,
                  "showDescriptions" : false,
                  "type" : "SvgFeatureRenderer",
                  "height" : 4,
                  "color1" : "bisque"
               }
            }
         ],
         "assemblyNames" : [
            "b_malayi_PRJNA10729"
         ]
      },
      {
         "formatDetails" : {
            "feature" : "jexl:{ JBrowse1: '<a href=\"/tools/genome/jbrowse-simple/?data=data/b_malayi_PRJNA10729' + '&loc=' +feature.refName+':'+feature.start+'..'+feature.end+ '\">'+feature.refName+':'+feature.start+'..'+feature.end+'</a>'}"
         },
         "description" : "This track shows peptides identified in mass spec proteomics experiments.",
         "displays" : [
            {
               "renderer" : {
                  "type" : "SvgFeatureRenderer",
                  "height" : 7,
                  "color1" : "red"
               },
               "type" : "LinearBasicDisplay",
               "displayId" : "mass_spec_peptides-b_malayi_PRJNA10729-LinearBasicDisplay"
            }
         ],
         "assemblyNames" : [
            "b_malayi_PRJNA10729"
         ],
         "trackId" : "b_malayi_PRJNA10729_mass_spec_peptides",
         "adapter" : {
            "rootUrlTemplate" : {
               "locationType" : "UriLocation",
               "uri" : "https://s3.amazonaws.com/agrjbrowse/MOD-jbrowses/WormBase/WS287/b_malayi_PRJNA10729/tracks/Mass spec peptides/{refseq}/trackData.jsonz"
            },
            "type" : "NCListAdapter"
         },
         "type" : "FeatureTrack",
         "name" : "Mass spec peptides",
         "category" : [
            "Sequence Features",
            "Translated Features"
         ]
      },
      {
         "description" : "Repetitive regions identified by RepeatMasker.",
         "displays" : [
            {
               "type" : "LinearBasicDisplay",
               "renderer" : {
                  "color1" : "bisque",
                  "type" : "SvgFeatureRenderer",
                  "height" : 4,
                  "showDescriptions" : false,
                  "showLabels" : false
               },
               "displayId" : "repeat_region_(repeatmasker)-b_malayi_PRJNA10729-LinearBasicDisplay"
            }
         ],
         "assemblyNames" : [
            "b_malayi_PRJNA10729"
         ],
         "trackId" : "b_malayi_PRJNA10729_repeat_region_(repeatmasker)",
         "adapter" : {
            "rootUrlTemplate" : {
               "locationType" : "UriLocation",
               "uri" : "https://s3.amazonaws.com/agrjbrowse/MOD-jbrowses/WormBase/WS287/b_malayi_PRJNA10729/tracks/Repeat Region (RepeatMasker)/{refseq}/trackData.jsonz"
            },
            "type" : "NCListAdapter"
         },
         "type" : "FeatureTrack",
         "name" : "Repeat Region (RepeatMasker)",
         "category" : [
            "Genome Structure",
            "Repeats"
         ]
      },
      {
         "assemblyNames" : [
            "b_malayi_PRJNA10729"
         ],
         "displays" : [
            {
               "mouseover" : "jexl:'Score: '+get(feature,'score')",
               "displayId" : "rnaseq-b_malayi_PRJNA10729-LinearBasicDisplay",
               "type" : "LinearBasicDisplay",
               "renderer" : {
                  "color1" : "black",
                  "type" : "SvgFeatureRenderer",
                  "height" : "jexl:get(feature,'score')>100?50:floor(get(feature,'score')/2)>4?floor(get(feature,'score')/2):4",
                  "displayMode" : "collapse",
                  "showLabels" : false
               }
            }
         ],
         "description" : "These boxes indicate alignments of short read sequences from all available RNASeq projects. The number of reads has been normalised by averaging over the number of libraries. The height of all boxes indicates the relative score of the feature.",
         "adapter" : {
            "type" : "NCListAdapter",
            "rootUrlTemplate" : {
               "locationType" : "UriLocation",
               "uri" : "https://s3.amazonaws.com/agrjbrowse/MOD-jbrowses/WormBase/WS287/b_malayi_PRJNA10729/tracks/RNASeq/{refseq}/trackData.jsonz"
            }
         },
         "trackId" : "b_malayi_PRJNA10729_rnaseq",
         "category" : [
            "Expression"
         ],
         "type" : "FeatureTrack",
         "name" : "RNASeq"
      },
      {
         "adapter" : {
            "rootUrlTemplate" : {
               "locationType" : "UriLocation",
               "uri" : "https://s3.amazonaws.com/agrjbrowse/MOD-jbrowses/WormBase/WS287/b_malayi_PRJNA10729/tracks/Contig submissions/{refseq}/trackData.jsonz"
            },
            "type" : "NCListAdapter"
         },
         "trackId" : "b_malayi_PRJNA10729_contig_submissions",
         "displays" : [
            {
               "type" : "LinearBasicDisplay",
               "renderer" : {
                  "color1" : "sienna",
                  "height" : 7,
                  "type" : "SvgFeatureRenderer"
               },
               "displayId" : "contig_submissions-b_malayi_PRJNA10729-LinearBasicDisplay"
            }
         ],
         "assemblyNames" : [
            "b_malayi_PRJNA10729"
         ],
         "formatDetails" : {
            "feature" : "jexl:{ JBrowse1: '<a href=\"/tools/genome/jbrowse-simple/?data=data/b_malayi_PRJNA10729' + '&loc=' +feature.refName+':'+feature.start+'..'+feature.end+ '\">'+feature.refName+':'+feature.start+'..'+feature.end+'</a>'}"
         },
         "description" : "This track shows the location and coordinates of contigs (mostly cosmids) submitted to GenBank/EMBL.",
         "category" : [
            "Genome Structure",
            "Assembly & Curation"
         ],
         "type" : "FeatureTrack",
         "name" : "Contig submissions"
      },
      {
         "adapter" : {
            "type" : "NCListAdapter",
            "rootUrlTemplate" : {
               "uri" : "https://s3.amazonaws.com/agrjbrowse/MOD-jbrowses/WormBase/WS287/b_malayi_PRJNA10729/tracks/O. volvulus proteins/{refseq}/trackData.jsonz",
               "locationType" : "UriLocation"
            }
         },
         "trackId" : "b_malayi_PRJNA10729_O_volvulus_proteins",
         "displays" : [
            {
               "mouseover" : "jexl:get(feature,'clone')",
               "type" : "LinearBasicDisplay",
               "renderer" : {
                  "showLabels" : false,
                  "type" : "SvgFeatureRenderer",
                  "height" : 4,
                  "color1" : "orange"
               },
               "displayId" : "O_volvulus_proteins-b_malayi_PRJNA10729-LinearBasicDisplay"
            }
         ],
         "assemblyNames" : [
            "b_malayi_PRJNA10729"
         ],
         "description" : "Matches to WormBase O. volvulus proteins, aligned with BLASTX (nucleotide to protein, via six-frame translation).",
         "category" : [
            "Sequence Similarity",
            "Proteins"
         ],
         "type" : "FeatureTrack",
         "name" : "O. volvulus proteins"
      },
      {
         "trackId" : "b_malayi_PRJNA10729_C_briggsae_proteins",
         "adapter" : {
            "rootUrlTemplate" : {
               "locationType" : "UriLocation",
               "uri" : "https://s3.amazonaws.com/agrjbrowse/MOD-jbrowses/WormBase/WS287/b_malayi_PRJNA10729/tracks/C. briggsae proteins/{refseq}/trackData.jsonz"
            },
            "type" : "NCListAdapter"
         },
         "description" : "Matches to WormBase C. briggsae proteins, aligned with BLASTX (nucleotide to protein, via six-frame translation).",
         "displays" : [
            {
               "displayId" : "C_briggsae_proteins-b_malayi_PRJNA10729-LinearBasicDisplay",
               "type" : "LinearBasicDisplay",
               "renderer" : {
                  "type" : "SvgFeatureRenderer",
                  "height" : 4,
                  "color1" : "orange",
                  "showLabels" : false
               },
               "mouseover" : "jexl:get(feature,'clone')"
            }
         ],
         "assemblyNames" : [
            "b_malayi_PRJNA10729"
         ],
         "type" : "FeatureTrack",
         "name" : "C. briggsae proteins",
         "category" : [
            "Sequence Similarity",
            "Proteins"
         ]
      },
      {
         "type" : "FeatureTrack",
         "name" : "C. brenneri proteins",
         "category" : [
            "Sequence Similarity",
            "Proteins"
         ],
         "description" : "Matches to WormBase C. brenneri proteins, aligned with BLASTX (nucleotide to protein, via six-frame translation).",
         "assemblyNames" : [
            "b_malayi_PRJNA10729"
         ],
         "displays" : [
            {
               "type" : "LinearBasicDisplay",
               "renderer" : {
                  "type" : "SvgFeatureRenderer",
                  "height" : 4,
                  "color1" : "orange",
                  "showLabels" : false
               },
               "displayId" : "C_brenneri_proteins-b_malayi_PRJNA10729-LinearBasicDisplay",
               "mouseover" : "jexl:get(feature,'clone')"
            }
         ],
         "trackId" : "b_malayi_PRJNA10729_C_brenneri_proteins",
         "adapter" : {
            "rootUrlTemplate" : {
               "uri" : "https://s3.amazonaws.com/agrjbrowse/MOD-jbrowses/WormBase/WS287/b_malayi_PRJNA10729/tracks/C. brenneri proteins/{refseq}/trackData.jsonz",
               "locationType" : "UriLocation"
            },
            "type" : "NCListAdapter"
         }
      },
      {
         "adapter" : {
            "rootUrlTemplate" : {
               "locationType" : "UriLocation",
               "uri" : "https://s3.amazonaws.com/agrjbrowse/MOD-jbrowses/WormBase/WS287/b_malayi_PRJNA10729/tracks/D. melanogaster proteins/{refseq}/trackData.jsonz"
            },
            "type" : "NCListAdapter"
         },
         "trackId" : "b_malayi_PRJNA10729_D_melanogaster_proteins",
         "displays" : [
            {
               "displayId" : "D_melanogaster_proteins-b_malayi_PRJNA10729-LinearBasicDisplay",
               "renderer" : {
                  "type" : "SvgFeatureRenderer",
                  "height" : 4,
                  "color1" : "orange",
                  "showLabels" : false
               },
               "type" : "LinearBasicDisplay",
               "mouseover" : "jexl:get(feature,'clone')"
            }
         ],
         "assemblyNames" : [
            "b_malayi_PRJNA10729"
         ],
         "description" : "Matches to WormBase D. melanogaster proteins, aligned with BLASTX (nucleotide to protein, via six-frame translation).",
         "category" : [
            "Sequence Similarity",
            "Proteins"
         ],
         "type" : "FeatureTrack",
         "name" : "D. melanogaster proteins"
      },
      {
         "description" : "Matches to WormBase H. sapiens proteins, aligned with BLASTX (nucleotide to protein, via six-frame translation).",
         "assemblyNames" : [
            "b_malayi_PRJNA10729"
         ],
         "displays" : [
            {
               "displayId" : "H_sapiens_proteins-b_malayi_PRJNA10729-LinearBasicDisplay",
               "type" : "LinearBasicDisplay",
               "renderer" : {
                  "color1" : "orange",
                  "height" : 4,
                  "type" : "SvgFeatureRenderer",
                  "showLabels" : false
               },
               "mouseover" : "jexl:get(feature,'clone')"
            }
         ],
         "trackId" : "b_malayi_PRJNA10729_H_sapiens_proteins",
         "adapter" : {
            "type" : "NCListAdapter",
            "rootUrlTemplate" : {
               "locationType" : "UriLocation",
               "uri" : "https://s3.amazonaws.com/agrjbrowse/MOD-jbrowses/WormBase/WS287/b_malayi_PRJNA10729/tracks/H. sapiens proteins/{refseq}/trackData.jsonz"
            }
         },
         "name" : "H. sapiens proteins",
         "type" : "FeatureTrack",
         "category" : [
            "Sequence Similarity",
            "Proteins"
         ]
      },
      {
         "type" : "FeatureTrack",
         "name" : "RNASeq introns",
         "category" : [
            "Expression"
         ],
         "trackId" : "b_malayi_PRJNA10729_rnaseq_introns",
         "adapter" : {
            "rootUrlTemplate" : {
               "locationType" : "UriLocation",
               "uri" : "https://s3.amazonaws.com/agrjbrowse/MOD-jbrowses/WormBase/WS287/b_malayi_PRJNA10729/tracks/RNASeq introns/{refseq}/trackData.jsonz"
            },
            "type" : "NCListAdapter"
         },
         "description" : "These are introns formed by aligned RNASeq reads spanning a region of the genome. Alignments of short read sequences from all available RNASeq projects were used. The number of reads spanning the introns is indicated by the thickness of the display.",
         "assemblyNames" : [
            "b_malayi_PRJNA10729"
         ],
         "displays" : [
            {
               "mouseover" : "jexl:get(feature,'score')+' reads'",
               "type" : "LinearBasicDisplay",
               "renderer" : {
                  "height" : "jexl:get(feature,'score')>100?50:get(feature,'score')<8?4:floor(get(feature,'score')/2)",
                  "type" : "SvgFeatureRenderer",
                  "color1" : "green",
                  "showLabels" : false,
                  "showDescriptions" : false
               },
               "displayId" : "rnaseq_introns-b_malayi_PRJNA10729-LinearBasicDisplay"
            }
         ]
      },
      {
         "trackId" : "b_malayi_PRJNA10729_rnaseq_splice_junctions_(common)",
         "adapter" : {
            "rootUrlTemplate" : {
               "uri" : "https://s3.amazonaws.com/agrjbrowse/MOD-jbrowses/WormBase/WS287/b_malayi_PRJNA10729/tracks/RNASeq Splice Junctions (common)/{refseq}/trackData.jsonz",
               "locationType" : "UriLocation"
            },
            "type" : "NCListAdapter"
         },
         "description" : "These are introns formed by aligned RNASeq reads spanning a region of the genome. Alignments of short read sequences from all available RNASeq projects were used. These junctions are considered 'common' in that there are more than 500 reads confirming their existence. The number of reads spanning the introns is indicated by the darkness of the color (shades of cyan for reverse, shades of violet for forward).  Darker is more reads.",
         "displays" : [
            {
               "mouseover" : "jexl:get(feature,'score')+' reads'",
               "displayId" : "rnaseq_splice_junctions_(common)-b_malayi_PRJNA10729-LinearBasicDisplay",
               "type" : "LinearBasicDisplay",
               "renderer" : {
                  "showLabels" : false,
                  "color1" : "jexl:get(feature,'score')>20000?(get(feature,'strand')>0?'#730073':'#007373'):get(feature,'strand')>0?'#'+hex(round(255-(140*(get(feature,'score')/20000))))+'00'+hex(round(255-(140*(get(feature,'score')/20000)))):'#00'+hex(round(255-(140*(get(feature,'score')/20000))))+hex(round(255-(140*(get(feature,'score')/20000))))",
                  "type" : "SvgFeatureRenderer"
               }
            }
         ],
         "assemblyNames" : [
            "b_malayi_PRJNA10729"
         ],
         "name" : "RNASeq Splice Junctions (common)",
         "type" : "FeatureTrack",
         "category" : [
            "Expression"
         ]
      },
      {
         "adapter" : {
            "rootUrlTemplate" : {
               "uri" : "https://s3.amazonaws.com/agrjbrowse/MOD-jbrowses/WormBase/WS287/b_malayi_PRJNA10729/tracks/RNASeq Splice Junctions (rare)/{refseq}/trackData.jsonz",
               "locationType" : "UriLocation"
            },
            "type" : "NCListAdapter"
         },
         "trackId" : "b_malayi_PRJNA10729_rnaseq_splice_junctions_(rare)",
         "assemblyNames" : [
            "b_malayi_PRJNA10729"
         ],
         "displays" : [
            {
               "mouseover" : "jexl:get(feature,'score')+' reads'",
               "displayId" : "rnaseq_splice_junctions_(rare)-b_malayi_PRJNA10729-LinearBasicDisplay",
               "renderer" : {
                  "showLabels" : false,
                  "type" : "SvgFeatureRenderer",
                  "height" : "jexl:4",
                  "color1" : "jexl:get(feature,'score')>20000?(get(feature,'strand')>0?'#730073':'#007373'):get(feature,'strand')>0?'#'+hex(round(255-(140*(get(feature,'score')/20000))))+'00'+hex(round(255-(140*(get(feature,'score')/20000)))):'#00'+hex(round(255-(140*(get(feature,'score')/20000))))+hex(round(255-(140*(get(feature,'score')/20000))))"
               },
               "type" : "LinearBasicDisplay"
            }
         ],
         "description" : "These are introns formed by aligned RNASeq reads spanning a region of the genome. Alignments of short read sequences from all available RNASeq projects were used. These junctions are considered 'rare' in that there are fewer than 500 reads confirming their existence. The number of reads spanning the introns is indicated by the darkness of the color (shades of cyan for reverse, shades of violet for forward).  Darker is more reads.",
         "category" : [
            "Expression"
         ],
         "name" : "RNASeq Splice Junctions (rare)",
         "type" : "FeatureTrack"
      },
      {
         "type" : "FeatureTrack",
         "name" : "C. elegans proteins",
         "category" : [
            "Sequence Similarity",
            "Proteins"
         ],
         "trackId" : "b_malayi_PRJNA10729_C_elegans_proteins",
         "adapter" : {
            "type" : "NCListAdapter",
            "rootUrlTemplate" : {
               "uri" : "https://s3.amazonaws.com/agrjbrowse/MOD-jbrowses/WormBase/WS287/b_malayi_PRJNA10729/tracks/C. elegans proteins/{refseq}/trackData.jsonz",
               "locationType" : "UriLocation"
            }
         },
         "description" : "Matches to WormBase C. elegans proteins, aligned with BLASTX (nucleotide to protein, via six-frame translation).",
         "displays" : [
            {
               "mouseover" : "jexl:get(feature,'clone')",
               "renderer" : {
                  "color1" : "orange",
                  "height" : 4,
                  "type" : "SvgFeatureRenderer",
                  "showLabels" : false
               },
               "type" : "LinearBasicDisplay",
               "displayId" : "C_elegans_proteins-b_malayi_PRJNA10729-LinearBasicDisplay"
            }
         ],
         "assemblyNames" : [
            "b_malayi_PRJNA10729"
         ]
      },
      {
         "category" : [
            "Genes",
            "Supporting Evidence"
         ],
         "type" : "FeatureTrack",
         "name" : "Trinity-assembled RNAseq",
         "assemblyNames" : [
            "b_malayi_PRJNA10729"
         ],
         "displays" : [
            {
               "displayId" : "trinity-assembled_rnaseq-b_malayi_PRJNA10729-LinearBasicDisplay",
               "renderer" : {
                  "height" : 5,
                  "type" : "SvgFeatureRenderer",
                  "color1" : "mediumpurple",
                  "showLabels" : false
               },
               "type" : "LinearBasicDisplay"
            }
         ],
         "description" : "Native (same species) RNAseq data was assembled with Trinity and then aligned to the genome with BLAT",
         "adapter" : {
            "rootUrlTemplate" : {
               "locationType" : "UriLocation",
               "uri" : "https://s3.amazonaws.com/agrjbrowse/MOD-jbrowses/WormBase/WS287/b_malayi_PRJNA10729/tracks/Trinity-assembled RNAseq/{refseq}/trackData.jsonz"
            },
            "type" : "NCListAdapter"
         },
         "trackId" : "b_malayi_PRJNA10729_trinity-assembled_rnaseq"
      },
      {
         "displays" : [
            {
               "displayId" : "tandem_and_inverted_repeats-b_malayi_PRJNA10729-LinearBasicDisplay",
               "renderer" : {
                  "color1" : "bisque",
                  "type" : "SvgFeatureRenderer",
                  "showDescriptions" : false,
                  "showLabels" : false
               },
               "type" : "LinearBasicDisplay"
            }
         ],
         "assemblyNames" : [
            "b_malayi_PRJNA10729"
         ],
         "description" : "Exact tandem and inverted repetitive elements.",
         "adapter" : {
            "type" : "NCListAdapter",
            "rootUrlTemplate" : {
               "locationType" : "UriLocation",
               "uri" : "https://s3.amazonaws.com/agrjbrowse/MOD-jbrowses/WormBase/WS287/b_malayi_PRJNA10729/tracks/Tandem and Inverted Repeats/{refseq}/trackData.jsonz"
            }
         },
         "trackId" : "b_malayi_PRJNA10729_tandem_and_inverted_repeats",
         "category" : [
            "Genome Structure",
            "Repeats"
         ],
         "type" : "FeatureTrack",
         "name" : "Tandem and Inverted Repeats"
      },
      {
         "displays" : [
            {
               "displayId" : "T_muris_proteins-b_malayi_PRJNA10729-LinearBasicDisplay",
               "renderer" : {
                  "showLabels" : false,
                  "color1" : "orange",
                  "height" : 4,
                  "type" : "SvgFeatureRenderer"
               },
               "type" : "LinearBasicDisplay",
               "mouseover" : "jexl:get(feature,'clone')"
            }
         ],
         "assemblyNames" : [
            "b_malayi_PRJNA10729"
         ],
         "description" : "Matches to WormBase T. muris proteins, aligned with BLASTX (nucleotide to protein, via six-frame translation).",
         "adapter" : {
            "type" : "NCListAdapter",
            "rootUrlTemplate" : {
               "uri" : "https://s3.amazonaws.com/agrjbrowse/MOD-jbrowses/WormBase/WS287/b_malayi_PRJNA10729/tracks/T. muris proteins/{refseq}/trackData.jsonz",
               "locationType" : "UriLocation"
            }
         },
         "trackId" : "b_malayi_PRJNA10729_T_muris_proteins",
         "category" : [
            "Sequence Similarity",
            "Proteins"
         ],
         "name" : "T. muris proteins",
         "type" : "FeatureTrack"
      },
      {
         "category" : [
            "Sequence Similarity",
            "Proteins"
         ],
         "type" : "FeatureTrack",
         "name" : "S. ratti proteins",
         "displays" : [
            {
               "mouseover" : "jexl:get(feature,'clone')",
               "displayId" : "S_ratti_proteins-b_malayi_PRJNA10729-LinearBasicDisplay",
               "type" : "LinearBasicDisplay",
               "renderer" : {
                  "showLabels" : false,
                  "color1" : "orange",
                  "height" : 4,
                  "type" : "SvgFeatureRenderer"
               }
            }
         ],
         "assemblyNames" : [
            "b_malayi_PRJNA10729"
         ],
         "description" : "Matches to WormBase S. ratti proteins, aligned with BLASTX (nucleotide to protein, via six-frame translation).",
         "adapter" : {
            "rootUrlTemplate" : {
               "uri" : "https://s3.amazonaws.com/agrjbrowse/MOD-jbrowses/WormBase/WS287/b_malayi_PRJNA10729/tracks/S. ratti proteins/{refseq}/trackData.jsonz",
               "locationType" : "UriLocation"
            },
            "type" : "NCListAdapter"
         },
         "trackId" : "b_malayi_PRJNA10729_S_ratti_proteins"
      },
      {
         "trackId" : "b_malayi_PRJNA10729_other_uniprot_proteins",
         "adapter" : {
            "type" : "NCListAdapter",
            "rootUrlTemplate" : {
               "uri" : "https://s3.amazonaws.com/agrjbrowse/MOD-jbrowses/WormBase/WS287/b_malayi_PRJNA10729/tracks/Other UniProt proteins/{refseq}/trackData.jsonz",
               "locationType" : "UriLocation"
            }
         },
         "description" : "Matches to proteins from a slimmed-down version of UniProt (with proteins from WormBase core nematodes, human, fly and yeast removed), aligned with BLASTX (nucleotide to protein, via six-frame translation).",
         "assemblyNames" : [
            "b_malayi_PRJNA10729"
         ],
         "displays" : [
            {
               "renderer" : {
                  "showDescriptions" : false,
                  "showLabels" : false,
                  "height" : 4,
                  "type" : "SvgFeatureRenderer",
                  "color1" : "orange"
               },
               "type" : "LinearBasicDisplay",
               "displayId" : "other_uniprot_proteins-b_malayi_PRJNA10729-LinearBasicDisplay"
            }
         ],
         "type" : "FeatureTrack",
         "name" : "Other UniProt proteins",
         "category" : [
            "Sequence Similarity",
            "Proteins"
         ]
      },
      {
         "name" : "RNASeq Asymmetries",
         "type" : "FeatureTrack",
         "category" : [
            "Expression"
         ],
         "description" : "Red boxes indicate regions where there are more than 2 times as many forward sense RNASeq reads aligned to the genome as reverse sense reads. This asymmetrical signal has been found empirically to be a sensitive marker for the ends of transcripts. Green boxes indicate regions where there are more than 2 times as many reverse sense RNASeq reads aligned to the genome as forward sense reads. This asymmetrical signal has been found empirically to be sensitive marker for the ends of transcripts. The height of all boxes indicates the relative score of the feature.",
         "assemblyNames" : [
            "b_malayi_PRJNA10729"
         ],
         "displays" : [
            {
               "mouseover" : "jexl:'Score: '+get(feature,'score')",
               "displayId" : "rnaseq_asymmetries-b_malayi_PRJNA10729-LinearBasicDisplay",
               "type" : "LinearBasicDisplay",
               "renderer" : {
                  "color1" : "jexl:get(feature,'source')=='RNASeq_R_asymmetry'?'red': get(feature,'source')=='RNASeq_F_asymmetry'?'green':'black'",
                  "height" : 24,
                  "type" : "SvgFeatureRenderer",
                  "showLabels" : false,
                  "displayMode" : "collapse"
               }
            }
         ],
         "trackId" : "b_malayi_PRJNA10729_rnaseq_asymmetries",
         "adapter" : {
            "type" : "NCListAdapter",
            "rootUrlTemplate" : {
               "locationType" : "UriLocation",
               "uri" : "https://s3.amazonaws.com/agrjbrowse/MOD-jbrowses/WormBase/WS287/b_malayi_PRJNA10729/tracks/RNASeq Asymmetries/{refseq}/trackData.jsonz"
            }
         }
      },
      {
         "description" : "This track shows the location and coordinates of contigs created during the assembly of the C. elegans genome.",
         "formatDetails" : {
            "feature" : "jexl:{ JBrowse1: '<a href=\"/tools/genome/jbrowse-simple/?data=data/b_malayi_PRJNA10729' + '&loc=' +feature.refName+':'+feature.start+'..'+feature.end+ '\">'+feature.refName+':'+feature.start+'..'+feature.end+'</a>'}"
         },
         "assemblyNames" : [
            "b_malayi_PRJNA10729"
         ],
         "displays" : [
            {
               "displayId" : "links_and_superlinks-b_malayi_PRJNA10729-LinearBasicDisplay",
               "renderer" : {
                  "color1" : "black",
                  "height" : 4,
                  "type" : "SvgFeatureRenderer"
               },
               "type" : "LinearBasicDisplay"
            }
         ],
         "trackId" : "b_malayi_PRJNA10729_links_and_superlinks",
         "adapter" : {
            "type" : "NCListAdapter",
            "rootUrlTemplate" : {
               "locationType" : "UriLocation",
               "uri" : "https://s3.amazonaws.com/agrjbrowse/MOD-jbrowses/WormBase/WS287/b_malayi_PRJNA10729/tracks/Links and Superlinks/{refseq}/trackData.jsonz"
            }
         },
         "name" : "Links and Superlinks",
         "type" : "FeatureTrack",
         "category" : [
            "Genome Structure",
            "Assembly & Curation"
         ]
      },
      {
         "name" : "Nanopore matches",
         "type" : "FeatureTrack",
         "category" : [
            "Genes",
            "Supporting Evidence"
         ],
         "trackId" : "b_malayi_PRJNA10729_nanopore_matches",
         "adapter" : {
            "rootUrlTemplate" : {
               "uri" : "https://s3.amazonaws.com/agrjbrowse/MOD-jbrowses/WormBase/WS287/b_malayi_PRJNA10729/tracks/Nanopore matches/{refseq}/trackData.jsonz",
               "locationType" : "UriLocation"
            },
            "type" : "NCListAdapter"
         },
         "description" : "This Nanopore transcript data is from the paper 'The full-length transcriptome of C. elegans using direct RNA sequencing' Roach et al. https://doi.org/10.1101/598763. Where several transcripts are nearly identical, they are represented by a single transcript and the number of transcripts is recorded in the read coverage. Sequencing is from 3' to 5' and randomly terminates, so the 5' end of transcripts is often incomplete.",
         "assemblyNames" : [
            "b_malayi_PRJNA10729"
         ],
         "displays" : [
            {
               "displayId" : "nanopore_matches-b_malayi_PRJNA10729-LinearBasicDisplay",
               "type" : "LinearBasicDisplay",
               "renderer" : {
                  "type" : "SvgFeatureRenderer",
                  "height" : 4,
                  "color1" : "jexl:get(feature,'source')=='BLAT_Caen_mRNA'?'lightblue':'green'",
                  "showLabels" : false
               }
            }
         ]
      },
      {
         "type" : "FeatureTrack",
         "name" : "S. cerevisiae proteins",
         "category" : [
            "Sequence Similarity",
            "Proteins"
         ],
         "trackId" : "b_malayi_PRJNA10729_S_cerevisiae_proteins",
         "adapter" : {
            "rootUrlTemplate" : {
               "uri" : "https://s3.amazonaws.com/agrjbrowse/MOD-jbrowses/WormBase/WS287/b_malayi_PRJNA10729/tracks/S. cerevisiae proteins/{refseq}/trackData.jsonz",
               "locationType" : "UriLocation"
            },
            "type" : "NCListAdapter"
         },
         "description" : "Matches to WormBase S. cerevisiae proteins, aligned with BLASTX (nucleotide to protein, via six-frame translation).",
         "assemblyNames" : [
            "b_malayi_PRJNA10729"
         ],
         "displays" : [
            {
               "mouseover" : "jexl:get(feature,'clone')",
               "type" : "LinearBasicDisplay",
               "renderer" : {
                  "showLabels" : false,
                  "type" : "SvgFeatureRenderer",
                  "height" : 4,
                  "color1" : "orange"
               },
               "displayId" : "S_cerevisiae_proteins-b_malayi_PRJNA10729-LinearBasicDisplay"
            }
         ]
      },
      {
         "displays" : [
            {
               "displayId" : "B_malayi_proteins-b_malayi_PRJNA10729-LinearBasicDisplay",
               "type" : "LinearBasicDisplay",
               "renderer" : {
                  "type" : "SvgFeatureRenderer",
                  "height" : 4,
                  "color1" : "orange",
                  "showLabels" : false
               },
               "mouseover" : "jexl:get(feature,'clone')"
            }
         ],
         "assemblyNames" : [
            "b_malayi_PRJNA10729"
         ],
         "description" : "Matches to WormBase B. malayi proteins, aligned with BLASTX (nucleotide to protein, via six-frame translation).",
         "adapter" : {
            "type" : "NCListAdapter",
            "rootUrlTemplate" : {
               "locationType" : "UriLocation",
               "uri" : "https://s3.amazonaws.com/agrjbrowse/MOD-jbrowses/WormBase/WS287/b_malayi_PRJNA10729/tracks/B. malayi proteins/{refseq}/trackData.jsonz"
            }
         },
         "trackId" : "b_malayi_PRJNA10729_B_malayi_proteins",
         "category" : [
            "Sequence Similarity",
            "Proteins"
         ],
         "type" : "FeatureTrack",
         "name" : "B. malayi proteins"
      },
      {
         "trackId" : "b_malayi_PRJNA10729_C_japonica_proteins",
         "adapter" : {
            "rootUrlTemplate" : {
               "uri" : "https://s3.amazonaws.com/agrjbrowse/MOD-jbrowses/WormBase/WS287/b_malayi_PRJNA10729/tracks/C. japonica proteins/{refseq}/trackData.jsonz",
               "locationType" : "UriLocation"
            },
            "type" : "NCListAdapter"
         },
         "description" : "Matches to WormBase C. japonica proteins, aligned with BLASTX (nucleotide to protein, via six-frame translation).",
         "displays" : [
            {
               "type" : "LinearBasicDisplay",
               "renderer" : {
                  "showLabels" : false,
                  "color1" : "orange",
                  "height" : 4,
                  "type" : "SvgFeatureRenderer"
               },
               "displayId" : "C_japonica_proteins-b_malayi_PRJNA10729-LinearBasicDisplay",
               "mouseover" : "jexl:get(feature,'clone')"
            }
         ],
         "assemblyNames" : [
            "b_malayi_PRJNA10729"
         ],
         "name" : "C. japonica proteins",
         "type" : "FeatureTrack",
         "category" : [
            "Sequence Similarity",
            "Proteins"
         ]
      },
      {
         "assemblyNames" : [
            "b_malayi_PRJNA10729"
         ],
         "displays" : [
            {
               "mouseover" : "jexl:get(feature,'clone')",
               "renderer" : {
                  "showLabels" : false,
                  "color1" : "orange",
                  "type" : "SvgFeatureRenderer",
                  "height" : 4
               },
               "type" : "LinearBasicDisplay",
               "displayId" : "C_remanei_proteins-b_malayi_PRJNA10729-LinearBasicDisplay"
            }
         ],
         "description" : "Matches to WormBase C. remanei proteins, aligned with BLASTX (nucleotide to protein, via six-frame translation).",
         "adapter" : {
            "type" : "NCListAdapter",
            "rootUrlTemplate" : {
               "locationType" : "UriLocation",
               "uri" : "https://s3.amazonaws.com/agrjbrowse/MOD-jbrowses/WormBase/WS287/b_malayi_PRJNA10729/tracks/C. remanei proteins/{refseq}/trackData.jsonz"
            }
         },
         "trackId" : "b_malayi_PRJNA10729_C_remanei_proteins",
         "category" : [
            "Sequence Similarity",
            "Proteins"
         ],
         "type" : "FeatureTrack",
         "name" : "C. remanei proteins"
      },
      {
         "type" : "FeatureTrack",
         "name" : "ESTs",
         "category" : [
            "Genes",
            "Supporting Evidence"
         ],
         "formatDetails" : {
            "feature" : "jexl:{ JBrowse1: '<a href=\"/tools/genome/jbrowse-simple/?data=data/b_malayi_PRJNA10729' + '&loc=' +feature.refName+':'+feature.start+'..'+feature.end+ '\">'+feature.refName+':'+feature.start+'..'+feature.end+'</a>'}"
         },
         "description" : "Native (same-species) Expressed Sequence Tags (ESTs), aligned to the genome using <a href='http://genome.cse.ucsc.edu/cgi-bin/hgBlat'>BLAT</a>. This track shows the best unique location for each EST. The paired 5' and 3' ESTs from the same cDNA clone are connected by a dashed line and a colored light green. ESTs with no mate are yellow, and ESTs with a mate that is 'far away' are dark green.",
         "assemblyNames" : [
            "b_malayi_PRJNA10729"
         ],
         "displays" : [
            {
               "displayId" : "ests-b_malayi_PRJNA10729-LinearBasicDisplay",
               "type" : "LinearBasicDisplay",
               "renderer" : {
                  "type" : "SvgFeatureRenderer",
                  "color1" : "jexl:parent(feature)=='undefined'?'red':get(parent(feature),'has_mate')==1?'limegreen':get(parent(feature),'has_mate')==2?'green':get(parent(feature),'has_mate')==0?'gold':'black'"
               }
            }
         ],
         "trackId" : "b_malayi_PRJNA10729_ests",
         "adapter" : {
            "rootUrlTemplate" : {
               "locationType" : "UriLocation",
               "uri" : "https://s3.amazonaws.com/agrjbrowse/MOD-jbrowses/WormBase/WS287/b_malayi_PRJNA10729/tracks/ESTs (best)/{refseq}/trackData.jsonz"
            },
            "type" : "NCListAdapter"
         }
      },
      {
         "description" : "Matches to WormBase P. pacificus proteins, aligned with BLASTX (nucleotide to protein, via six-frame translation).",
         "displays" : [
            {
               "renderer" : {
                  "showLabels" : false,
                  "height" : 4,
                  "type" : "SvgFeatureRenderer",
                  "color1" : "orange"
               },
               "type" : "LinearBasicDisplay",
               "displayId" : "P_pacificus_proteins-b_malayi_PRJNA10729-LinearBasicDisplay",
               "mouseover" : "jexl:get(feature,'clone')"
            }
         ],
         "assemblyNames" : [
            "b_malayi_PRJNA10729"
         ],
         "trackId" : "b_malayi_PRJNA10729_P_pacificus_proteins",
         "adapter" : {
            "rootUrlTemplate" : {
               "uri" : "https://s3.amazonaws.com/agrjbrowse/MOD-jbrowses/WormBase/WS287/b_malayi_PRJNA10729/tracks/P. pacificus proteins/{refseq}/trackData.jsonz",
               "locationType" : "UriLocation"
            },
            "type" : "NCListAdapter"
         },
         "type" : "FeatureTrack",
         "name" : "P. pacificus proteins",
         "category" : [
            "Sequence Similarity",
            "Proteins"
         ]
      }
   ],
   "assemblies" : [
      {
         "sequence" : {
            "displays" : [
               {
                  "displayId" : "b_malayi_PRJNA10729-LinearReferenceSequenceDisplay",
                  "type" : "LinearReferenceSequenceDisplay"
               }
            ],
            "adapter" : {
               "type" : "BgzipFastaAdapter",
               "faiLocation" : {
                  "locationType" : "UriLocation",
                  "uri" : "https://s3.amazonaws.com/wormbase-modencode/fasta/current/b_malayi.PRJNA10729.WS284.genomic.fa.gz.fai"
               },
               "fastaLocation" : {
                  "locationType" : "UriLocation",
                  "uri" : "https://s3.amazonaws.com/wormbase-modencode/fasta/current/b_malayi.PRJNA10729.WS284.genomic.fa.gz"
               },
               "gziLocation" : {
                  "uri" : "https://s3.amazonaws.com/wormbase-modencode/fasta/current/b_malayi.PRJNA10729.WS284.genomic.fa.gz.gzi",
                  "locationType" : "UriLocation"
               }
            },
            "trackId" : "b_malayi_PRJNA10729-1646426635733",
            "type" : "ReferenceSequenceTrack"
         },
         "displayName" : "b_malayi_PRJNA10729",
         "name" : "b_malayi_PRJNA10729"
      }
   ]
}
