{
   "tracks" : [
      {
         "assemblyNames" : [
            "c_angaria_PRJNA51225"
         ],
         "adapter" : {
            "rootUrlTemplate" : {
               "uri" : "https://s3.amazonaws.com/agrjbrowse/MOD-jbrowses/WormBase/WS287/c_angaria_PRJNA51225/tracks/Curated Genes (protein coding)/{refseq}/trackData.jsonz",
               "locationType" : "UriLocation"
            },
            "type" : "NCListAdapter"
         },
         "name" : "Curated Genes (protein coding)",
         "displays" : [
            {
               "displayId" : "curated_genes_(protein_coding)-c_angaria_PRJNA51225-LinearBasicDisplay",
               "renderer" : {
                  "color1" : "jexl:get(feature,'strand')>0?'violet':'turquoise'",
                  "color3" : "#965567",
                  "type" : "SvgFeatureRenderer"
               },
               "type" : "LinearBasicDisplay"
            }
         ],
         "description" : "A subset of the full Curated Genes set limited to protein-coding genes only. Only the CDS is represented. Full models (with UTRs) can be seen on the 'Curated Genes' track.",
         "trackId" : "c_angaria_PRJNA51225_curated_genes_protein_coding",
         "category" : [
            "Genes",
            "Curated Genes"
         ],
         "type" : "FeatureTrack"
      },
      {
         "displays" : [
            {
               "renderer" : {
                  "type" : "SvgFeatureRenderer",
                  "labels" : {
                     "name" : "jexl:get(feature,'locus') || get(feature,'sequence_name')"
                  },
                  "color3" : "#965567",
                  "color1" : "jexl:get(feature,'type')!='CDS'?'gray':get(feature,'strand')>0?'violet':'turquoise'"
               },
               "displayId" : "curated_genes-c_angaria_PRJNA51225-LinearBasicDisplay",
               "type" : "LinearBasicDisplay"
            }
         ],
         "description" : "Protein-coding gene structures result from the integration of a variety of prediction methods and data sources followed by manual review and revison by WormBase curators. tRNAs are predicted by tRNAscan, and other non-coding RNA transcripts are taken from a variety of literature sources. The purple and blue colors indicate transcripts on the forward and reverse strands respectively. Dark purple areas represent 5' and 3' UTRs of protein-coding transcripts, assigned automatically using the extents of overlapping ESTs and full-length cDNAs. The UTR predictions have not been reviewed by WormBase curators, and some are known to contain artifacts. Grey transcripts represent either non-coding transcripts of protein coding genes or transcripts of non-coding genes.",
         "name" : "Curated Genes",
         "assemblyNames" : [
            "c_angaria_PRJNA51225"
         ],
         "adapter" : {
            "type" : "NCListAdapter",
            "rootUrlTemplate" : {
               "locationType" : "UriLocation",
               "uri" : "https://s3.amazonaws.com/agrjbrowse/MOD-jbrowses/WormBase/WS287/c_angaria_PRJNA51225/tracks/Curated_Genes/{refseq}/trackData.jsonz"
            }
         },
         "trackId" : "c_angaria_PRJNA51225_curated_genes",
         "type" : "FeatureTrack",
         "category" : [
            "Genes",
            "Curated Genes"
         ]
      },
      {
         "trackId" : "c_angaria_PRJNA51225_other_uniprot_proteins",
         "category" : [
            "Sequence Similarity",
            "Proteins"
         ],
         "type" : "FeatureTrack",
         "assemblyNames" : [
            "c_angaria_PRJNA51225"
         ],
         "adapter" : {
            "rootUrlTemplate" : {
               "locationType" : "UriLocation",
               "uri" : "https://s3.amazonaws.com/agrjbrowse/MOD-jbrowses/WormBase/WS287/c_angaria_PRJNA51225/tracks/Other UniProt proteins/{refseq}/trackData.jsonz"
            },
            "type" : "NCListAdapter"
         },
         "displays" : [
            {
               "renderer" : {
                  "color1" : "orange",
                  "height" : 4,
                  "type" : "SvgFeatureRenderer",
                  "showLabels" : false,
                  "showDescriptions" : false
               },
               "displayId" : "other_uniprot_proteins-c_angaria_PRJNA51225-LinearBasicDisplay",
               "type" : "LinearBasicDisplay"
            }
         ],
         "description" : "Matches to proteins from a slimmed-down version of UniProt (with proteins from WormBase core nematodes, human, fly and yeast removed), aligned with BLASTX (nucleotide to protein, via six-frame translation).",
         "name" : "Other UniProt proteins"
      },
      {
         "trackId" : "c_angaria_PRJNA51225_repeat_region_(repeatmasker)",
         "type" : "FeatureTrack",
         "category" : [
            "Genome Structure",
            "Repeats"
         ],
         "assemblyNames" : [
            "c_angaria_PRJNA51225"
         ],
         "adapter" : {
            "rootUrlTemplate" : {
               "uri" : "https://s3.amazonaws.com/agrjbrowse/MOD-jbrowses/WormBase/WS287/c_angaria_PRJNA51225/tracks/Repeat Region (RepeatMasker)/{refseq}/trackData.jsonz",
               "locationType" : "UriLocation"
            },
            "type" : "NCListAdapter"
         },
         "name" : "Repeat Region (RepeatMasker)",
         "displays" : [
            {
               "renderer" : {
                  "height" : 4,
                  "color1" : "bisque",
                  "showDescriptions" : false,
                  "showLabels" : false,
                  "type" : "SvgFeatureRenderer"
               },
               "displayId" : "repeat_region_(repeatmasker)-c_angaria_PRJNA51225-LinearBasicDisplay",
               "type" : "LinearBasicDisplay"
            }
         ],
         "description" : "Repetitive regions identified by RepeatMasker."
      },
      {
         "trackId" : "c_angaria_PRJNA51225_tandem_and_inverted_repeats",
         "category" : [
            "Genome Structure",
            "Repeats"
         ],
         "type" : "FeatureTrack",
         "displays" : [
            {
               "renderer" : {
                  "showLabels" : false,
                  "type" : "SvgFeatureRenderer",
                  "showDescriptions" : false,
                  "color1" : "bisque"
               },
               "displayId" : "tandem_and_inverted_repeats-c_angaria_PRJNA51225-LinearBasicDisplay",
               "type" : "LinearBasicDisplay"
            }
         ],
         "description" : "Exact tandem and inverted repetitive elements.",
         "name" : "Tandem and Inverted Repeats",
         "assemblyNames" : [
            "c_angaria_PRJNA51225"
         ],
         "adapter" : {
            "rootUrlTemplate" : {
               "locationType" : "UriLocation",
               "uri" : "https://s3.amazonaws.com/agrjbrowse/MOD-jbrowses/WormBase/WS287/c_angaria_PRJNA51225/tracks/Tandem and Inverted Repeats/{refseq}/trackData.jsonz"
            },
            "type" : "NCListAdapter"
         }
      },
      {
         "adapter" : {
            "type" : "NCListAdapter",
            "rootUrlTemplate" : {
               "uri" : "https://s3.amazonaws.com/agrjbrowse/MOD-jbrowses/WormBase/WS287/c_angaria_PRJNA51225/tracks/C. elegans proteins/{refseq}/trackData.jsonz",
               "locationType" : "UriLocation"
            }
         },
         "assemblyNames" : [
            "c_angaria_PRJNA51225"
         ],
         "name" : "C. elegans proteins",
         "description" : "Matches to WormBase C. elegans proteins, aligned with BLASTX (nucleotide to protein, via six-frame translation).",
         "displays" : [
            {
               "type" : "LinearBasicDisplay",
               "mouseover" : "jexl:get(feature,'clone')",
               "displayId" : "C_elegans_proteins-c_angaria_PRJNA51225-LinearBasicDisplay",
               "renderer" : {
                  "type" : "SvgFeatureRenderer",
                  "showLabels" : false,
                  "height" : 4,
                  "color1" : "orange"
               }
            }
         ],
         "type" : "FeatureTrack",
         "category" : [
            "Sequence Similarity",
            "Proteins"
         ],
         "trackId" : "c_angaria_PRJNA51225_C_elegans_proteins"
      },
      {
         "category" : [
            "Sequence Similarity",
            "Proteins"
         ],
         "type" : "FeatureTrack",
         "trackId" : "c_angaria_PRJNA51225_P_pacificus_proteins",
         "name" : "P. pacificus proteins",
         "description" : "Matches to WormBase P. pacificus proteins, aligned with BLASTX (nucleotide to protein, via six-frame translation).",
         "displays" : [
            {
               "displayId" : "P_pacificus_proteins-c_angaria_PRJNA51225-LinearBasicDisplay",
               "renderer" : {
                  "height" : 4,
                  "color1" : "orange",
                  "type" : "SvgFeatureRenderer",
                  "showLabels" : false
               },
               "mouseover" : "jexl:get(feature,'clone')",
               "type" : "LinearBasicDisplay"
            }
         ],
         "adapter" : {
            "type" : "NCListAdapter",
            "rootUrlTemplate" : {
               "locationType" : "UriLocation",
               "uri" : "https://s3.amazonaws.com/agrjbrowse/MOD-jbrowses/WormBase/WS287/c_angaria_PRJNA51225/tracks/P. pacificus proteins/{refseq}/trackData.jsonz"
            }
         },
         "assemblyNames" : [
            "c_angaria_PRJNA51225"
         ]
      },
      {
         "assemblyNames" : [
            "c_angaria_PRJNA51225"
         ],
         "adapter" : {
            "type" : "NCListAdapter",
            "rootUrlTemplate" : {
               "uri" : "https://s3.amazonaws.com/agrjbrowse/MOD-jbrowses/WormBase/WS287/c_angaria_PRJNA51225/tracks/C. japonica proteins/{refseq}/trackData.jsonz",
               "locationType" : "UriLocation"
            }
         },
         "displays" : [
            {
               "mouseover" : "jexl:get(feature,'clone')",
               "type" : "LinearBasicDisplay",
               "renderer" : {
                  "type" : "SvgFeatureRenderer",
                  "showLabels" : false,
                  "height" : 4,
                  "color1" : "orange"
               },
               "displayId" : "C_japonica_proteins-c_angaria_PRJNA51225-LinearBasicDisplay"
            }
         ],
         "description" : "Matches to WormBase C. japonica proteins, aligned with BLASTX (nucleotide to protein, via six-frame translation).",
         "trackId" : "c_angaria_PRJNA51225_C_japonica_proteins",
         "type" : "FeatureTrack",
         "name" : "C. japonica proteins",
         "category" : [
            "Sequence Similarity",
            "Proteins"
         ]
      },
      {
         "type" : "FeatureTrack",
         "category" : [
            "Sequence Similarity",
            "Proteins"
         ],
         "trackId" : "c_angaria_PRJNA51225_C_brenneri_proteins",
         "name" : "C. brenneri proteins",
         "description" : "Matches to WormBase C. brenneri proteins, aligned with BLASTX (nucleotide to protein, via six-frame translation).",
         "displays" : [
            {
               "renderer" : {
                  "showLabels" : false,
                  "type" : "SvgFeatureRenderer",
                  "color1" : "orange",
                  "height" : 4
               },
               "displayId" : "C_brenneri_proteins-c_angaria_PRJNA51225-LinearBasicDisplay",
               "type" : "LinearBasicDisplay",
               "mouseover" : "jexl:get(feature,'clone')"
            }
         ],
         "adapter" : {
            "type" : "NCListAdapter",
            "rootUrlTemplate" : {
               "locationType" : "UriLocation",
               "uri" : "https://s3.amazonaws.com/agrjbrowse/MOD-jbrowses/WormBase/WS287/c_angaria_PRJNA51225/tracks/C. brenneri proteins/{refseq}/trackData.jsonz"
            }
         },
         "assemblyNames" : [
            "c_angaria_PRJNA51225"
         ]
      },
      {
         "trackId" : "c_angaria_PRJNA51225_C_remanei_proteins",
         "category" : [
            "Sequence Similarity",
            "Proteins"
         ],
         "type" : "FeatureTrack",
         "assemblyNames" : [
            "c_angaria_PRJNA51225"
         ],
         "adapter" : {
            "type" : "NCListAdapter",
            "rootUrlTemplate" : {
               "uri" : "https://s3.amazonaws.com/agrjbrowse/MOD-jbrowses/WormBase/WS287/c_angaria_PRJNA51225/tracks/C. remanei proteins/{refseq}/trackData.jsonz",
               "locationType" : "UriLocation"
            }
         },
         "name" : "C. remanei proteins",
         "displays" : [
            {
               "renderer" : {
                  "color1" : "orange",
                  "height" : 4,
                  "showLabels" : false,
                  "type" : "SvgFeatureRenderer"
               },
               "displayId" : "C_remanei_proteins-c_angaria_PRJNA51225-LinearBasicDisplay",
               "type" : "LinearBasicDisplay",
               "mouseover" : "jexl:get(feature,'clone')"
            }
         ],
         "description" : "Matches to WormBase C. remanei proteins, aligned with BLASTX (nucleotide to protein, via six-frame translation)."
      },
      {
         "description" : "Low-complexity regions identified by Dust.",
         "displays" : [
            {
               "type" : "LinearBasicDisplay",
               "displayId" : "low_complextity_region_(dust)-c_angaria_PRJNA51225-LinearBasicDisplay",
               "renderer" : {
                  "height" : 4,
                  "color1" : "bisque",
                  "showDescriptions" : false,
                  "showLabels" : false,
                  "type" : "SvgFeatureRenderer"
               }
            }
         ],
         "type" : "FeatureTrack",
         "name" : "Low complextity region (Dust)",
         "category" : [
            "Genome Structure",
            "Repeats"
         ],
         "trackId" : "c_angaria_PRJNA51225_low_complextity_region_(dust)",
         "adapter" : {
            "rootUrlTemplate" : {
               "uri" : "https://s3.amazonaws.com/agrjbrowse/MOD-jbrowses/WormBase/WS287/c_angaria_PRJNA51225/tracks/Low complextity region (Dust)/{refseq}/trackData.jsonz",
               "locationType" : "UriLocation"
            },
            "type" : "NCListAdapter"
         },
         "assemblyNames" : [
            "c_angaria_PRJNA51225"
         ]
      },
      {
         "adapter" : {
            "type" : "NCListAdapter",
            "rootUrlTemplate" : {
               "locationType" : "UriLocation",
               "uri" : "https://s3.amazonaws.com/agrjbrowse/MOD-jbrowses/WormBase/WS287/c_angaria_PRJNA51225/tracks/C. briggsae proteins/{refseq}/trackData.jsonz"
            }
         },
         "assemblyNames" : [
            "c_angaria_PRJNA51225"
         ],
         "description" : "Matches to WormBase C. briggsae proteins, aligned with BLASTX (nucleotide to protein, via six-frame translation).",
         "displays" : [
            {
               "mouseover" : "jexl:get(feature,'clone')",
               "type" : "LinearBasicDisplay",
               "displayId" : "C_briggsae_proteins-c_angaria_PRJNA51225-LinearBasicDisplay",
               "renderer" : {
                  "color1" : "orange",
                  "height" : 4,
                  "type" : "SvgFeatureRenderer",
                  "showLabels" : false
               }
            }
         ],
         "name" : "C. briggsae proteins",
         "category" : [
            "Sequence Similarity",
            "Proteins"
         ],
         "type" : "FeatureTrack",
         "trackId" : "c_angaria_PRJNA51225_C_briggsae_proteins"
      },
      {
         "assemblyNames" : [
            "c_angaria_PRJNA51225"
         ],
         "adapter" : {
            "type" : "NCListAdapter",
            "rootUrlTemplate" : {
               "locationType" : "UriLocation",
               "uri" : "https://s3.amazonaws.com/agrjbrowse/MOD-jbrowses/WormBase/WS287/c_angaria_PRJNA51225/tracks/H. sapiens proteins/{refseq}/trackData.jsonz"
            }
         },
         "displays" : [
            {
               "displayId" : "H_sapiens_proteins-c_angaria_PRJNA51225-LinearBasicDisplay",
               "renderer" : {
                  "showLabels" : false,
                  "type" : "SvgFeatureRenderer",
                  "height" : 4,
                  "color1" : "orange"
               },
               "mouseover" : "jexl:get(feature,'clone')",
               "type" : "LinearBasicDisplay"
            }
         ],
         "description" : "Matches to WormBase H. sapiens proteins, aligned with BLASTX (nucleotide to protein, via six-frame translation).",
         "name" : "H. sapiens proteins",
         "trackId" : "c_angaria_PRJNA51225_H_sapiens_proteins",
         "category" : [
            "Sequence Similarity",
            "Proteins"
         ],
         "type" : "FeatureTrack"
      },
      {
         "trackId" : "c_angaria_PRJNA51225_S_cerevisiae_proteins",
         "category" : [
            "Sequence Similarity",
            "Proteins"
         ],
         "type" : "FeatureTrack",
         "name" : "S. cerevisiae proteins",
         "displays" : [
            {
               "type" : "LinearBasicDisplay",
               "mouseover" : "jexl:get(feature,'clone')",
               "displayId" : "S_cerevisiae_proteins-c_angaria_PRJNA51225-LinearBasicDisplay",
               "renderer" : {
                  "color1" : "orange",
                  "height" : 4,
                  "type" : "SvgFeatureRenderer",
                  "showLabels" : false
               }
            }
         ],
         "description" : "Matches to WormBase S. cerevisiae proteins, aligned with BLASTX (nucleotide to protein, via six-frame translation).",
         "assemblyNames" : [
            "c_angaria_PRJNA51225"
         ],
         "adapter" : {
            "type" : "NCListAdapter",
            "rootUrlTemplate" : {
               "locationType" : "UriLocation",
               "uri" : "https://s3.amazonaws.com/agrjbrowse/MOD-jbrowses/WormBase/WS287/c_angaria_PRJNA51225/tracks/S. cerevisiae proteins/{refseq}/trackData.jsonz"
            }
         }
      },
      {
         "trackId" : "c_angaria_PRJNA51225_D_melanogaster_proteins",
         "category" : [
            "Sequence Similarity",
            "Proteins"
         ],
         "type" : "FeatureTrack",
         "displays" : [
            {
               "renderer" : {
                  "showLabels" : false,
                  "type" : "SvgFeatureRenderer",
                  "color1" : "orange",
                  "height" : 4
               },
               "displayId" : "D_melanogaster_proteins-c_angaria_PRJNA51225-LinearBasicDisplay",
               "type" : "LinearBasicDisplay",
               "mouseover" : "jexl:get(feature,'clone')"
            }
         ],
         "description" : "Matches to WormBase D. melanogaster proteins, aligned with BLASTX (nucleotide to protein, via six-frame translation).",
         "name" : "D. melanogaster proteins",
         "assemblyNames" : [
            "c_angaria_PRJNA51225"
         ],
         "adapter" : {
            "rootUrlTemplate" : {
               "uri" : "https://s3.amazonaws.com/agrjbrowse/MOD-jbrowses/WormBase/WS287/c_angaria_PRJNA51225/tracks/D. melanogaster proteins/{refseq}/trackData.jsonz",
               "locationType" : "UriLocation"
            },
            "type" : "NCListAdapter"
         }
      }
   ],
   "assemblies" : [
      {
         "name" : "c_angaria_PRJNA51225",
         "displayName" : "c_angaria_PRJNA51225",
         "sequence" : {
            "adapter" : {
               "gziLocation" : {
                  "uri" : "https://s3.amazonaws.com/wormbase-modencode/fasta/current/c_angaria.PRJNA51225.WS284.genomic.fa.gz.gzi",
                  "locationType" : "UriLocation"
               },
               "fastaLocation" : {
                  "uri" : "https://s3.amazonaws.com/wormbase-modencode/fasta/current/c_angaria.PRJNA51225.WS284.genomic.fa.gz",
                  "locationType" : "UriLocation"
               },
               "faiLocation" : {
                  "locationType" : "UriLocation",
                  "uri" : "https://s3.amazonaws.com/wormbase-modencode/fasta/current/c_angaria.PRJNA51225.WS284.genomic.fa.gz.fai"
               },
               "type" : "BgzipFastaAdapter"
            },
            "type" : "ReferenceSequenceTrack",
            "trackId" : "c_angaria_PRJNA51225-1646426635733",
            "displays" : [
               {
                  "type" : "LinearReferenceSequenceDisplay",
                  "displayId" : "c_angaria_PRJNA51225-LinearReferenceSequenceDisplay"
               }
            ]
         }
      }
   ]
}
