{
   "assemblies" : [
      {
         "name" : "c_brenneri_PRJNA20035",
         "sequence" : {
            "trackId" : "c_brenneri_PRJNA20035-1646426635733",
            "type" : "ReferenceSequenceTrack",
            "adapter" : {
               "fastaLocation" : {
                  "locationType" : "UriLocation",
                  "uri" : "https://s3.amazonaws.com/wormbase-modencode/fasta/current/c_brenneri.PRJNA20035.WS284.genomic.fa.gz"
               },
               "faiLocation" : {
                  "locationType" : "UriLocation",
                  "uri" : "https://s3.amazonaws.com/wormbase-modencode/fasta/current/c_brenneri.PRJNA20035.WS284.genomic.fa.gz.fai"
               },
               "type" : "BgzipFastaAdapter",
               "gziLocation" : {
                  "uri" : "https://s3.amazonaws.com/wormbase-modencode/fasta/current/c_brenneri.PRJNA20035.WS284.genomic.fa.gz.gzi",
                  "locationType" : "UriLocation"
               }
            },
            "displays" : [
               {
                  "type" : "LinearReferenceSequenceDisplay",
                  "displayId" : "c_brenneri_PRJNA20035-LinearReferenceSequenceDisplay"
               }
            ]
         },
         "displayName" : "c_brenneri_PRJNA20035"
      }
   ],
   "tracks" : [
      {
         "name" : "mRNAs/ncRNAs (best)",
         "type" : "FeatureTrack",
         "category" : [
            "Genes",
            "Supporting Evidence"
         ],
         "formatDetails" : {
            "feature" : "jexl:{ JBrowse1: '<a href=\"/tools/genome/jbrowse-simple/?data=data/c_brenneri_PRJNA20035' + '&loc=' +feature.refName+':'+feature.start+'..'+feature.end+ '\">'+feature.name+'</a>'}"
         },
         "description" : "Native (same species) full length cDNAs and ncRNAs aligned to the genome using BLAT. This track shows the best unique location for each cDNA.",
         "assemblyNames" : [
            "c_brenneri_PRJNA20035"
         ],
         "displays" : [
            {
               "renderer" : {
                  "color1" : "jexl:startsWith(get(feature,'source'),'BLAT_mRNA_')==true?'yellow':'gray'",
                  "type" : "SvgFeatureRenderer",
                  "height" : 6,
                  "outline" : "black"
               },
               "type" : "LinearBasicDisplay",
               "displayId" : "mrnas/ncrnas_(best)-c_brenneri_PRJNA20035-LinearBasicDisplay"
            }
         ],
         "trackId" : "c_brenneri_PRJNA20035_mrnas/ncrnas_(best)",
         "adapter" : {
            "rootUrlTemplate" : {
               "uri" : "https://s3.amazonaws.com/agrjbrowse/MOD-jbrowses/WormBase/WS287/c_brenneri_PRJNA20035/tracks/mRNAs_ncRNAs (best)/{refseq}/trackData.jsonz",
               "locationType" : "UriLocation"
            },
            "type" : "NCListAdapter"
         }
      },
      {
         "name" : "Protein motifs",
         "type" : "FeatureTrack",
         "category" : [
            "Sequence Features",
            "Translated Features"
         ],
         "trackId" : "c_brenneri_PRJNA20035_protein_motifs",
         "adapter" : {
            "type" : "NCListAdapter",
            "rootUrlTemplate" : {
               "locationType" : "UriLocation",
               "uri" : "https://s3.amazonaws.com/agrjbrowse/MOD-jbrowses/WormBase/WS287/c_brenneri_PRJNA20035/tracks/Protein motifs/{refseq}/trackData.jsonz"
            }
         },
         "formatDetails" : {
            "feature" : "jexl:{ JBrowse1: '<a href=\"/tools/genome/jbrowse-simple/?data=data/c_brenneri_PRJNA20035' + '&loc=' +feature.refName+':'+feature.start+'..'+feature.end+ '\">'+feature.refName+':'+feature.start+'..'+feature.end+'</a>'}"
         },
         "description" : "This track shows the extent of predicted protein motifs. Note these spans correspond to amino acid coordinates interpolated onto the physical map.  Included are signal peptide (signalp), coiled coil (ncoils) and transmembrane (tmhmm) domains, regions of low complexity (seg), and Pfam annotated motif homologies.",
         "displays" : [
            {
               "displayId" : "protein_motifs-c_brenneri_PRJNA20035-LinearBasicDisplay",
               "type" : "LinearBasicDisplay",
               "renderer" : {
                  "color1" : "jexl:parent(feature)=='undefined'?'purple':get(parent(feature),'predictiontype')=='tmhmm'?'magenta':get(parent(feature),'predictiontype')=='seg'?'lightseagreen':get(parent(feature),'predictiontype')=='signalp'?'aquamarine':get(parent(feature),'predictiontype')=='ncoils'?'chartreuse':\nget(parent(feature),'predictiontype')=='pfam'?'lightsalmon':'purple'",
                  "height" : 7,
                  "type" : "SvgFeatureRenderer"
               }
            }
         ],
         "assemblyNames" : [
            "c_brenneri_PRJNA20035"
         ]
      },
      {
         "description" : "A subset of the full Curated Genes set limited to protein-coding genes only. Only the CDS is represented. Full models (with UTRs) can be seen on the 'Curated Genes' track.",
         "formatDetails" : {
            "feature" : "jexl:{ JBrowse1: '<a href=\"/tools/genome/jbrowse-simple/?data=data/c_brenneri_PRJNA20035' + '&loc=' +feature.refName+':'+feature.start+'..'+feature.end+ '\">'+feature.name+'</a>'}"
         },
         "displays" : [
            {
               "renderer" : {
                  "color3" : "#965567",
                  "color1" : "jexl:get(feature,'strand')>0?'violet':'turquoise'",
                  "type" : "SvgFeatureRenderer"
               },
               "type" : "LinearBasicDisplay",
               "displayId" : "curated_genes_(protein_coding)-c_brenneri_PRJNA20035-LinearBasicDisplay"
            }
         ],
         "assemblyNames" : [
            "c_brenneri_PRJNA20035"
         ],
         "trackId" : "c_brenneri_PRJNA20035_curated_genes_protein_coding",
         "adapter" : {
            "rootUrlTemplate" : {
               "uri" : "https://s3.amazonaws.com/agrjbrowse/MOD-jbrowses/WormBase/WS287/c_brenneri_PRJNA20035/tracks/Curated Genes (protein coding)/{refseq}/trackData.jsonz",
               "locationType" : "UriLocation"
            },
            "type" : "NCListAdapter"
         },
         "type" : "FeatureTrack",
         "name" : "Curated Genes (protein coding)",
         "category" : [
            "Genes",
            "Curated Genes"
         ]
      },
      {
         "name" : "Trans-spliced acceptor",
         "type" : "FeatureTrack",
         "category" : [
            "Sequence Features",
            "Signals & Motifs"
         ],
         "trackId" : "c_brenneri_PRJNA20035_trans-spliced_acceptor",
         "adapter" : {
            "rootUrlTemplate" : {
               "locationType" : "UriLocation",
               "uri" : "https://s3.amazonaws.com/agrjbrowse/MOD-jbrowses/WormBase/WS287/c_brenneri_PRJNA20035/tracks/Trans-spliced acceptor/{refseq}/trackData.jsonz"
            },
            "type" : "NCListAdapter"
         },
         "description" : "This track contains SL1 and SL2 trans-spliced acceptors from a variety of sources: SL1 and SL2 trans-spliced acceptors published by Blumenthal et al, Nature (2002), Trans-Spliced Exon Coupled RNA End Determination (TEC-RED) Hwang et al, PNAS (2004), EST/mRNA sequence data, RNASeq read data from ENA. SL1 acceptors are show in red, SL2 in green. Direction of transcription is indicated by arrow direction.",
         "formatDetails" : {
            "feature" : "jexl:{ JBrowse1: '<a href=\"/tools/genome/jbrowse-simple/?data=data/c_brenneri_PRJNA20035' + '&loc=' +feature.refName+':'+feature.start+'..'+feature.end+ '\">'+feature.refName+':'+feature.start+'..'+feature.end+'</a>'}"
         },
         "displays" : [
            {
               "renderer" : {
                  "labels" : {
                     "description" : "jexl:get(feature,'source') || get(feature,'description')"
                  },
                  "color1" : "jexl:get(feature,'source')=='SL1'?'red':get(feature,'source')=='SL2'?'green':'black'",
                  "type" : "SvgFeatureRenderer"
               },
               "type" : "LinearBasicDisplay",
               "displayId" : "trans-spliced_acceptor-c_brenneri_PRJNA20035-LinearBasicDisplay"
            }
         ],
         "assemblyNames" : [
            "c_brenneri_PRJNA20035"
         ]
      },
      {
         "type" : "FeatureTrack",
         "name" : "Gene Models (historical)",
         "category" : [
            "Genes",
            "Curated Genes"
         ],
         "formatDetails" : {
            "feature" : "jexl:{ JBrowse1: '<a href=\"/tools/genome/jbrowse-simple/?data=data/c_brenneri_PRJNA20035' + '&loc=' +feature.refName+':'+feature.start+'..'+feature.end+ '\">'+feature.name+'</a>'}"
         },
         "description" : "Historical gene predictions.",
         "displays" : [
            {
               "renderer" : {
                  "type" : "SvgFeatureRenderer",
                  "color1" : "jexl:get(feature,'strand')>0?'violet':'turquoise'",
                  "labels" : {
                     "description" : "jexl:get(feature,'type')"
                  }
               },
               "type" : "LinearBasicDisplay",
               "displayId" : "gene_models_(historical)-c_brenneri_PRJNA20035-LinearBasicDisplay"
            }
         ],
         "assemblyNames" : [
            "c_brenneri_PRJNA20035"
         ],
         "trackId" : "c_brenneri_PRJNA20035_gene_models_(historical)",
         "adapter" : {
            "type" : "NCListAdapter",
            "rootUrlTemplate" : {
               "locationType" : "UriLocation",
               "uri" : "https://s3.amazonaws.com/agrjbrowse/MOD-jbrowses/WormBase/WS287/c_brenneri_PRJNA20035/tracks/Gene Models (historical)/{refseq}/trackData.jsonz"
            }
         }
      },
      {
         "trackId" : "c_brenneri_PRJNA20035_curated_genes",
         "adapter" : {
            "type" : "NCListAdapter",
            "rootUrlTemplate" : {
               "uri" : "https://s3.amazonaws.com/agrjbrowse/MOD-jbrowses/WormBase/WS287/c_brenneri_PRJNA20035/tracks/Curated_Genes/{refseq}/trackData.jsonz",
               "locationType" : "UriLocation"
            }
         },
         "formatDetails" : {
            "feature" : "jexl:{ JBrowse1: '<a href=\"/tools/genome/jbrowse-simple/?data=data/c_brenneri_PRJNA20035' + '&loc=' +feature.refName+':'+feature.start+'..'+feature.end+ '\">'+feature.name+'</a>'}"
         },
         "description" : "Protein-coding gene structures result from the integration of a variety of prediction methods and data sources followed by manual review and revison by WormBase curators. tRNAs are predicted by tRNAscan, and other non-coding RNA transcripts are taken from a variety of literature sources. The purple and blue colors indicate transcripts on the forward and reverse strands respectively. Dark purple areas represent 5' and 3' UTRs of protein-coding transcripts, assigned automatically using the extents of overlapping ESTs and full-length cDNAs. The UTR predictions have not been reviewed by WormBase curators, and some are known to contain artifacts. Grey transcripts represent either non-coding transcripts of protein coding genes or transcripts of non-coding genes.",
         "displays" : [
            {
               "displayId" : "curated_genes-c_brenneri_PRJNA20035-LinearBasicDisplay",
               "type" : "LinearBasicDisplay",
               "renderer" : {
                  "color1" : "jexl:get(feature,'type')!='CDS'?'gray':get(feature,'strand')>0?'violet':'turquoise'",
                  "type" : "SvgFeatureRenderer",
                  "labels" : {
                     "name" : "jexl:get(feature,'locus') || get(feature,'sequence_name')"
                  },
                  "color3" : "#965567"
               }
            }
         ],
         "assemblyNames" : [
            "c_brenneri_PRJNA20035"
         ],
         "name" : "Curated Genes",
         "type" : "FeatureTrack",
         "category" : [
            "Genes",
            "Curated Genes"
         ]
      },
      {
         "assemblyNames" : [
            "c_brenneri_PRJNA20035"
         ],
         "displays" : [
            {
               "renderer" : {
                  "height" : 3,
                  "type" : "SvgFeatureRenderer",
                  "color1" : "black"
               },
               "type" : "LinearBasicDisplay",
               "displayId" : "yacs,_fosmids,_&_cosmids-c_brenneri_PRJNA20035-LinearBasicDisplay"
            }
         ],
         "formatDetails" : {
            "feature" : "jexl:{ JBrowse1: '<a href=\"/tools/genome/jbrowse-simple/?data=data/c_brenneri_PRJNA20035' + '&loc=' +feature.refName+':'+feature.start+'..'+feature.end+ '\">'+feature.refName+':'+feature.start+'..'+feature.end+'</a>'}"
         },
         "description" : "This track shows the locations of the cosmids, fosmids, and YACs used for the physical mapping and sequencing of the C. elegans genome.  The clone termini do not necessarily correspond to the termini of submitted GenBank/EMBL entries. In some cases the exact termini of the clones is not known.  For example, YACs were sequenced using PCR amplification across gaps in the cosmid maps.  When a clone end is not known, it is shown as an arrow extending to the end of the display.  Such data is to be treated with caution.  The Vancouver fosmids can be ordered directly from <a href='http://www.geneservice.co.uk/products/clones/Celegans_Fos.jsp'>GeneService</a>.",
         "adapter" : {
            "rootUrlTemplate" : {
               "uri" : "https://s3.amazonaws.com/agrjbrowse/MOD-jbrowses/WormBase/WS287/c_brenneri_PRJNA20035/tracks/YACs, Fosmids, & Cosmids/{refseq}/trackData.jsonz",
               "locationType" : "UriLocation"
            },
            "type" : "NCListAdapter"
         },
         "trackId" : "c_brenneri_PRJNA20035_yacs_fosmids_cosmids",
         "category" : [
            "Reagents"
         ],
         "type" : "FeatureTrack",
         "name" : "YACs, Fosmids, & Cosmids"
      },
      {
         "adapter" : {
            "type" : "NCListAdapter",
            "rootUrlTemplate" : {
               "uri" : "https://s3.amazonaws.com/agrjbrowse/MOD-jbrowses/WormBase/WS287/c_brenneri_PRJNA20035/tracks/Curated Genes (pseudogenes)/{refseq}/trackData.jsonz",
               "locationType" : "UriLocation"
            }
         },
         "trackId" : "c_brenneri_PRJNA20035_curated_genes_pseudogenes",
         "displays" : [
            {
               "renderer" : {
                  "color1" : "gray",
                  "height" : 6,
                  "type" : "SvgFeatureRenderer"
               },
               "type" : "LinearBasicDisplay",
               "displayId" : "curated_genes_(pseudogenes)-c_brenneri_PRJNA20035-LinearBasicDisplay"
            }
         ],
         "assemblyNames" : [
            "c_brenneri_PRJNA20035"
         ],
         "description" : "A subset of the full Curated Genes set limited to pseudogenes only. Pseudogenes of tRNA are lighter gray and pseudogenes of rRNA are darker gray than pseudogenes of protein coding genes.",
         "formatDetails" : {
            "feature" : "jexl:{ JBrowse1: '<a href=\"/tools/genome/jbrowse-simple/?data=data/c_brenneri_PRJNA20035' + '&loc=' +feature.refName+':'+feature.start+'..'+feature.end+ '\">'+feature.name+'</a>'}"
         },
         "category" : [
            "Genes",
            "Curated Genes"
         ],
         "type" : "FeatureTrack",
         "name" : "Curated Genes (pseudogenes)"
      },
      {
         "assemblyNames" : [
            "c_brenneri_PRJNA20035"
         ],
         "displays" : [
            {
               "displayId" : "curated_genes_(noncoding)-c_brenneri_PRJNA20035-LinearBasicDisplay",
               "renderer" : {
                  "color1" : "gray",
                  "height" : 6,
                  "type" : "SvgFeatureRenderer"
               },
               "type" : "LinearBasicDisplay"
            }
         ],
         "description" : "Non-coding curated gene models, including ncRNA, tRNA, miRNA, snRNA, snoRNA, piRNA, lincRNA and antisense RNA.",
         "formatDetails" : {
            "feature" : "jexl:{ JBrowse1: '<a href=\"/tools/genome/jbrowse-simple/?data=data/c_brenneri_PRJNA20035' + '&loc=' +feature.refName+':'+feature.start+'..'+feature.end+ '\">'+feature.name+'</a>'}"
         },
         "adapter" : {
            "rootUrlTemplate" : {
               "locationType" : "UriLocation",
               "uri" : "https://s3.amazonaws.com/agrjbrowse/MOD-jbrowses/WormBase/WS287/c_brenneri_PRJNA20035/tracks/Curated Genes (noncoding)/{refseq}/trackData.jsonz"
            },
            "type" : "NCListAdapter"
         },
         "trackId" : "c_brenneri_PRJNA20035_curated_genes_noncoding",
         "category" : [
            "Genes",
            "Curated Genes"
         ],
         "type" : "FeatureTrack",
         "name" : "Curated Genes (noncoding)"
      },
      {
         "adapter" : {
            "rootUrlTemplate" : {
               "uri" : "https://s3.amazonaws.com/agrjbrowse/MOD-jbrowses/WormBase/WS287/c_brenneri_PRJNA20035/tracks/genBlastG CDS predictions/{refseq}/trackData.jsonz",
               "locationType" : "UriLocation"
            },
            "type" : "NCListAdapter"
         },
         "trackId" : "c_brenneri_PRJNA20035_genblastg_cds_predictions",
         "assemblyNames" : [
            "c_brenneri_PRJNA20035"
         ],
         "displays" : [
            {
               "displayId" : "genblastg_cds_predictions-c_brenneri_PRJNA20035-LinearBasicDisplay",
               "type" : "LinearBasicDisplay",
               "renderer" : {
                  "height" : 7,
                  "type" : "SvgFeatureRenderer"
               }
            }
         ],
         "formatDetails" : {
            "feature" : "jexl:{ JBrowse1: '<a href=\"/tools/genome/jbrowse-simple/?data=data/c_brenneri_PRJNA20035' + '&loc=' +feature.refName+':'+feature.start+'..'+feature.end+ '\">'+feature.refName+':'+feature.start+'..'+feature.end+'</a>'}"
         },
         "description" : "Data from 'genBlastG: using BLAST searches to build homologous gene models' (WBPaper00040677).",
         "category" : [
            "Genes",
            "Ab-initio predictions"
         ],
         "type" : "FeatureTrack",
         "name" : "genBlastG CDS predictions"
      },
      {
         "adapter" : {
            "type" : "NCListAdapter",
            "rootUrlTemplate" : {
               "locationType" : "UriLocation",
               "uri" : "https://s3.amazonaws.com/agrjbrowse/MOD-jbrowses/WormBase/WS287/c_brenneri_PRJNA20035/tracks/O. volvulus proteins/{refseq}/trackData.jsonz"
            }
         },
         "trackId" : "c_brenneri_PRJNA20035_O_volvulus_proteins",
         "assemblyNames" : [
            "c_brenneri_PRJNA20035"
         ],
         "displays" : [
            {
               "mouseover" : "jexl:get(feature,'clone')",
               "type" : "LinearBasicDisplay",
               "renderer" : {
                  "type" : "SvgFeatureRenderer",
                  "height" : 4,
                  "color1" : "orange",
                  "showLabels" : false
               },
               "displayId" : "O_volvulus_proteins-c_brenneri_PRJNA20035-LinearBasicDisplay"
            }
         ],
         "description" : "Matches to WormBase O. volvulus proteins, aligned with BLASTX (nucleotide to protein, via six-frame translation).",
         "category" : [
            "Sequence Similarity",
            "Proteins"
         ],
         "type" : "FeatureTrack",
         "name" : "O. volvulus proteins"
      },
      {
         "category" : [
            "Genome Structure",
            "Repeats"
         ],
         "name" : "Repeat Region (RepeatMasker)",
         "type" : "FeatureTrack",
         "displays" : [
            {
               "renderer" : {
                  "showDescriptions" : false,
                  "showLabels" : false,
                  "height" : 4,
                  "type" : "SvgFeatureRenderer",
                  "color1" : "bisque"
               },
               "type" : "LinearBasicDisplay",
               "displayId" : "repeat_region_(repeatmasker)-c_brenneri_PRJNA20035-LinearBasicDisplay"
            }
         ],
         "assemblyNames" : [
            "c_brenneri_PRJNA20035"
         ],
         "description" : "Repetitive regions identified by RepeatMasker.",
         "adapter" : {
            "rootUrlTemplate" : {
               "uri" : "https://s3.amazonaws.com/agrjbrowse/MOD-jbrowses/WormBase/WS287/c_brenneri_PRJNA20035/tracks/Repeat Region (RepeatMasker)/{refseq}/trackData.jsonz",
               "locationType" : "UriLocation"
            },
            "type" : "NCListAdapter"
         },
         "trackId" : "c_brenneri_PRJNA20035_repeat_region_(repeatmasker)"
      },
      {
         "name" : "P. pacificus proteins",
         "type" : "FeatureTrack",
         "category" : [
            "Sequence Similarity",
            "Proteins"
         ],
         "description" : "Matches to WormBase P. pacificus proteins, aligned with BLASTX (nucleotide to protein, via six-frame translation).",
         "displays" : [
            {
               "displayId" : "P_pacificus_proteins-c_brenneri_PRJNA20035-LinearBasicDisplay",
               "renderer" : {
                  "showLabels" : false,
                  "type" : "SvgFeatureRenderer",
                  "height" : 4,
                  "color1" : "orange"
               },
               "type" : "LinearBasicDisplay",
               "mouseover" : "jexl:get(feature,'clone')"
            }
         ],
         "assemblyNames" : [
            "c_brenneri_PRJNA20035"
         ],
         "trackId" : "c_brenneri_PRJNA20035_P_pacificus_proteins",
         "adapter" : {
            "rootUrlTemplate" : {
               "uri" : "https://s3.amazonaws.com/agrjbrowse/MOD-jbrowses/WormBase/WS287/c_brenneri_PRJNA20035/tracks/P. pacificus proteins/{refseq}/trackData.jsonz",
               "locationType" : "UriLocation"
            },
            "type" : "NCListAdapter"
         }
      },
      {
         "description" : "Matches to WormBase C. remanei proteins, aligned with BLASTX (nucleotide to protein, via six-frame translation).",
         "displays" : [
            {
               "mouseover" : "jexl:get(feature,'clone')",
               "displayId" : "C_remanei_proteins-c_brenneri_PRJNA20035-LinearBasicDisplay",
               "type" : "LinearBasicDisplay",
               "renderer" : {
                  "showLabels" : false,
                  "color1" : "orange",
                  "height" : 4,
                  "type" : "SvgFeatureRenderer"
               }
            }
         ],
         "assemblyNames" : [
            "c_brenneri_PRJNA20035"
         ],
         "trackId" : "c_brenneri_PRJNA20035_C_remanei_proteins",
         "adapter" : {
            "type" : "NCListAdapter",
            "rootUrlTemplate" : {
               "uri" : "https://s3.amazonaws.com/agrjbrowse/MOD-jbrowses/WormBase/WS287/c_brenneri_PRJNA20035/tracks/C. remanei proteins/{refseq}/trackData.jsonz",
               "locationType" : "UriLocation"
            }
         },
         "name" : "C. remanei proteins",
         "type" : "FeatureTrack",
         "category" : [
            "Sequence Similarity",
            "Proteins"
         ]
      },
      {
         "description" : "Exact tandem and inverted repetitive elements.",
         "assemblyNames" : [
            "c_brenneri_PRJNA20035"
         ],
         "displays" : [
            {
               "displayId" : "tandem_and_inverted_repeats-c_brenneri_PRJNA20035-LinearBasicDisplay",
               "type" : "LinearBasicDisplay",
               "renderer" : {
                  "showDescriptions" : false,
                  "showLabels" : false,
                  "color1" : "bisque",
                  "type" : "SvgFeatureRenderer"
               }
            }
         ],
         "trackId" : "c_brenneri_PRJNA20035_tandem_and_inverted_repeats",
         "adapter" : {
            "type" : "NCListAdapter",
            "rootUrlTemplate" : {
               "locationType" : "UriLocation",
               "uri" : "https://s3.amazonaws.com/agrjbrowse/MOD-jbrowses/WormBase/WS287/c_brenneri_PRJNA20035/tracks/Tandem and Inverted Repeats/{refseq}/trackData.jsonz"
            }
         },
         "type" : "FeatureTrack",
         "name" : "Tandem and Inverted Repeats",
         "category" : [
            "Genome Structure",
            "Repeats"
         ]
      },
      {
         "name" : "Links and Superlinks",
         "type" : "FeatureTrack",
         "category" : [
            "Genome Structure",
            "Assembly & Curation"
         ],
         "formatDetails" : {
            "feature" : "jexl:{ JBrowse1: '<a href=\"/tools/genome/jbrowse-simple/?data=data/c_brenneri_PRJNA20035' + '&loc=' +feature.refName+':'+feature.start+'..'+feature.end+ '\">'+feature.refName+':'+feature.start+'..'+feature.end+'</a>'}"
         },
         "description" : "This track shows the location and coordinates of contigs created during the assembly of the C. elegans genome.",
         "assemblyNames" : [
            "c_brenneri_PRJNA20035"
         ],
         "displays" : [
            {
               "displayId" : "links_and_superlinks-c_brenneri_PRJNA20035-LinearBasicDisplay",
               "renderer" : {
                  "height" : 4,
                  "type" : "SvgFeatureRenderer",
                  "color1" : "black"
               },
               "type" : "LinearBasicDisplay"
            }
         ],
         "trackId" : "c_brenneri_PRJNA20035_links_and_superlinks",
         "adapter" : {
            "type" : "NCListAdapter",
            "rootUrlTemplate" : {
               "uri" : "https://s3.amazonaws.com/agrjbrowse/MOD-jbrowses/WormBase/WS287/c_brenneri_PRJNA20035/tracks/Links and Superlinks/{refseq}/trackData.jsonz",
               "locationType" : "UriLocation"
            }
         }
      },
      {
         "displays" : [
            {
               "type" : "LinearBasicDisplay",
               "renderer" : {
                  "height" : 4,
                  "type" : "SvgFeatureRenderer",
                  "color1" : "orange",
                  "showLabels" : false
               },
               "displayId" : "T_muris_proteins-c_brenneri_PRJNA20035-LinearBasicDisplay",
               "mouseover" : "jexl:get(feature,'clone')"
            }
         ],
         "assemblyNames" : [
            "c_brenneri_PRJNA20035"
         ],
         "description" : "Matches to WormBase T. muris proteins, aligned with BLASTX (nucleotide to protein, via six-frame translation).",
         "adapter" : {
            "rootUrlTemplate" : {
               "locationType" : "UriLocation",
               "uri" : "https://s3.amazonaws.com/agrjbrowse/MOD-jbrowses/WormBase/WS287/c_brenneri_PRJNA20035/tracks/T. muris proteins/{refseq}/trackData.jsonz"
            },
            "type" : "NCListAdapter"
         },
         "trackId" : "c_brenneri_PRJNA20035_T_muris_proteins",
         "category" : [
            "Sequence Similarity",
            "Proteins"
         ],
         "type" : "FeatureTrack",
         "name" : "T. muris proteins"
      },
      {
         "adapter" : {
            "type" : "NCListAdapter",
            "rootUrlTemplate" : {
               "uri" : "https://s3.amazonaws.com/agrjbrowse/MOD-jbrowses/WormBase/WS287/c_brenneri_PRJNA20035/tracks/D. melanogaster proteins/{refseq}/trackData.jsonz",
               "locationType" : "UriLocation"
            }
         },
         "trackId" : "c_brenneri_PRJNA20035_D_melanogaster_proteins",
         "displays" : [
            {
               "displayId" : "D_melanogaster_proteins-c_brenneri_PRJNA20035-LinearBasicDisplay",
               "type" : "LinearBasicDisplay",
               "renderer" : {
                  "showLabels" : false,
                  "color1" : "orange",
                  "height" : 4,
                  "type" : "SvgFeatureRenderer"
               },
               "mouseover" : "jexl:get(feature,'clone')"
            }
         ],
         "assemblyNames" : [
            "c_brenneri_PRJNA20035"
         ],
         "description" : "Matches to WormBase D. melanogaster proteins, aligned with BLASTX (nucleotide to protein, via six-frame translation).",
         "category" : [
            "Sequence Similarity",
            "Proteins"
         ],
         "type" : "FeatureTrack",
         "name" : "D. melanogaster proteins"
      },
      {
         "adapter" : {
            "type" : "NCListAdapter",
            "rootUrlTemplate" : {
               "uri" : "https://s3.amazonaws.com/agrjbrowse/MOD-jbrowses/WormBase/WS287/c_brenneri_PRJNA20035/tracks/C. japonica proteins/{refseq}/trackData.jsonz",
               "locationType" : "UriLocation"
            }
         },
         "trackId" : "c_brenneri_PRJNA20035_C_japonica_proteins",
         "displays" : [
            {
               "mouseover" : "jexl:get(feature,'clone')",
               "displayId" : "C_japonica_proteins-c_brenneri_PRJNA20035-LinearBasicDisplay",
               "type" : "LinearBasicDisplay",
               "renderer" : {
                  "type" : "SvgFeatureRenderer",
                  "height" : 4,
                  "color1" : "orange",
                  "showLabels" : false
               }
            }
         ],
         "assemblyNames" : [
            "c_brenneri_PRJNA20035"
         ],
         "description" : "Matches to WormBase C. japonica proteins, aligned with BLASTX (nucleotide to protein, via six-frame translation).",
         "category" : [
            "Sequence Similarity",
            "Proteins"
         ],
         "name" : "C. japonica proteins",
         "type" : "FeatureTrack"
      },
      {
         "category" : [
            "Expression"
         ],
         "name" : "RNASeq introns",
         "type" : "FeatureTrack",
         "adapter" : {
            "rootUrlTemplate" : {
               "locationType" : "UriLocation",
               "uri" : "https://s3.amazonaws.com/agrjbrowse/MOD-jbrowses/WormBase/WS287/c_brenneri_PRJNA20035/tracks/RNASeq introns/{refseq}/trackData.jsonz"
            },
            "type" : "NCListAdapter"
         },
         "trackId" : "c_brenneri_PRJNA20035_rnaseq_introns",
         "displays" : [
            {
               "mouseover" : "jexl:get(feature,'score')+' reads'",
               "type" : "LinearBasicDisplay",
               "renderer" : {
                  "showDescriptions" : false,
                  "showLabels" : false,
                  "type" : "SvgFeatureRenderer",
                  "height" : "jexl:get(feature,'score')>100?50:get(feature,'score')<8?4:floor(get(feature,'score')/2)",
                  "color1" : "green"
               },
               "displayId" : "rnaseq_introns-c_brenneri_PRJNA20035-LinearBasicDisplay"
            }
         ],
         "assemblyNames" : [
            "c_brenneri_PRJNA20035"
         ],
         "description" : "These are introns formed by aligned RNASeq reads spanning a region of the genome. Alignments of short read sequences from all available RNASeq projects were used. The number of reads spanning the introns is indicated by the thickness of the display."
      },
      {
         "description" : "These are introns formed by aligned RNASeq reads spanning a region of the genome. Alignments of short read sequences from all available RNASeq projects were used. These junctions are considered 'common' in that there are more than 500 reads confirming their existence. The number of reads spanning the introns is indicated by the darkness of the color (shades of cyan for reverse, shades of violet for forward).  Darker is more reads.",
         "assemblyNames" : [
            "c_brenneri_PRJNA20035"
         ],
         "displays" : [
            {
               "mouseover" : "jexl:get(feature,'score')+' reads'",
               "renderer" : {
                  "showLabels" : false,
                  "type" : "SvgFeatureRenderer",
                  "color1" : "jexl:get(feature,'score')>20000?(get(feature,'strand')>0?'#730073':'#007373'):get(feature,'strand')>0?'#'+hex(round(255-(140*(get(feature,'score')/20000))))+'00'+hex(round(255-(140*(get(feature,'score')/20000)))):'#00'+hex(round(255-(140*(get(feature,'score')/20000))))+hex(round(255-(140*(get(feature,'score')/20000))))"
               },
               "type" : "LinearBasicDisplay",
               "displayId" : "rnaseq_splice_junctions_(common)-c_brenneri_PRJNA20035-LinearBasicDisplay"
            }
         ],
         "trackId" : "c_brenneri_PRJNA20035_rnaseq_splice_junctions_(common)",
         "adapter" : {
            "rootUrlTemplate" : {
               "locationType" : "UriLocation",
               "uri" : "https://s3.amazonaws.com/agrjbrowse/MOD-jbrowses/WormBase/WS287/c_brenneri_PRJNA20035/tracks/RNASeq Splice Junctions (common)/{refseq}/trackData.jsonz"
            },
            "type" : "NCListAdapter"
         },
         "name" : "RNASeq Splice Junctions (common)",
         "type" : "FeatureTrack",
         "category" : [
            "Expression"
         ]
      },
      {
         "description" : "These are introns formed by aligned RNASeq reads spanning a region of the genome. Alignments of short read sequences from all available RNASeq projects were used. These junctions are considered 'rare' in that there are fewer than 500 reads confirming their existence. The number of reads spanning the introns is indicated by the darkness of the color (shades of cyan for reverse, shades of violet for forward).  Darker is more reads.",
         "assemblyNames" : [
            "c_brenneri_PRJNA20035"
         ],
         "displays" : [
            {
               "displayId" : "rnaseq_splice_junctions_(rare)-c_brenneri_PRJNA20035-LinearBasicDisplay",
               "renderer" : {
                  "color1" : "jexl:get(feature,'score')>20000?(get(feature,'strand')>0?'#730073':'#007373'):get(feature,'strand')>0?'#'+hex(round(255-(140*(get(feature,'score')/20000))))+'00'+hex(round(255-(140*(get(feature,'score')/20000)))):'#00'+hex(round(255-(140*(get(feature,'score')/20000))))+hex(round(255-(140*(get(feature,'score')/20000))))",
                  "height" : "jexl:4",
                  "type" : "SvgFeatureRenderer",
                  "showLabels" : false
               },
               "type" : "LinearBasicDisplay",
               "mouseover" : "jexl:get(feature,'score')+' reads'"
            }
         ],
         "trackId" : "c_brenneri_PRJNA20035_rnaseq_splice_junctions_(rare)",
         "adapter" : {
            "type" : "NCListAdapter",
            "rootUrlTemplate" : {
               "uri" : "https://s3.amazonaws.com/agrjbrowse/MOD-jbrowses/WormBase/WS287/c_brenneri_PRJNA20035/tracks/RNASeq Splice Junctions (rare)/{refseq}/trackData.jsonz",
               "locationType" : "UriLocation"
            }
         },
         "type" : "FeatureTrack",
         "name" : "RNASeq Splice Junctions (rare)",
         "category" : [
            "Expression"
         ]
      },
      {
         "category" : [
            "Sequence Similarity",
            "Proteins"
         ],
         "name" : "C. brenneri proteins",
         "type" : "FeatureTrack",
         "adapter" : {
            "rootUrlTemplate" : {
               "uri" : "https://s3.amazonaws.com/agrjbrowse/MOD-jbrowses/WormBase/WS287/c_brenneri_PRJNA20035/tracks/C. brenneri proteins/{refseq}/trackData.jsonz",
               "locationType" : "UriLocation"
            },
            "type" : "NCListAdapter"
         },
         "trackId" : "c_brenneri_PRJNA20035_C_brenneri_proteins",
         "assemblyNames" : [
            "c_brenneri_PRJNA20035"
         ],
         "displays" : [
            {
               "type" : "LinearBasicDisplay",
               "renderer" : {
                  "color1" : "orange",
                  "type" : "SvgFeatureRenderer",
                  "height" : 4,
                  "showLabels" : false
               },
               "displayId" : "C_brenneri_proteins-c_brenneri_PRJNA20035-LinearBasicDisplay",
               "mouseover" : "jexl:get(feature,'clone')"
            }
         ],
         "description" : "Matches to WormBase C. brenneri proteins, aligned with BLASTX (nucleotide to protein, via six-frame translation)."
      },
      {
         "name" : "RNASeq",
         "type" : "FeatureTrack",
         "category" : [
            "Expression"
         ],
         "description" : "These boxes indicate alignments of short read sequences from all available RNASeq projects. The number of reads has been normalised by averaging over the number of libraries. The height of all boxes indicates the relative score of the feature.",
         "assemblyNames" : [
            "c_brenneri_PRJNA20035"
         ],
         "displays" : [
            {
               "displayId" : "rnaseq-c_brenneri_PRJNA20035-LinearBasicDisplay",
               "renderer" : {
                  "showLabels" : false,
                  "displayMode" : "collapse",
                  "height" : "jexl:get(feature,'score')>100?50:floor(get(feature,'score')/2)>4?floor(get(feature,'score')/2):4",
                  "type" : "SvgFeatureRenderer",
                  "color1" : "black"
               },
               "type" : "LinearBasicDisplay",
               "mouseover" : "jexl:'Score: '+get(feature,'score')"
            }
         ],
         "trackId" : "c_brenneri_PRJNA20035_rnaseq",
         "adapter" : {
            "rootUrlTemplate" : {
               "locationType" : "UriLocation",
               "uri" : "https://s3.amazonaws.com/agrjbrowse/MOD-jbrowses/WormBase/WS287/c_brenneri_PRJNA20035/tracks/RNASeq/{refseq}/trackData.jsonz"
            },
            "type" : "NCListAdapter"
         }
      },
      {
         "displays" : [
            {
               "type" : "LinearBasicDisplay",
               "renderer" : {
                  "type" : "SvgFeatureRenderer",
                  "height" : 4,
                  "color1" : "orange",
                  "showLabels" : false,
                  "showDescriptions" : false
               },
               "displayId" : "other_uniprot_proteins-c_brenneri_PRJNA20035-LinearBasicDisplay"
            }
         ],
         "assemblyNames" : [
            "c_brenneri_PRJNA20035"
         ],
         "description" : "Matches to proteins from a slimmed-down version of UniProt (with proteins from WormBase core nematodes, human, fly and yeast removed), aligned with BLASTX (nucleotide to protein, via six-frame translation).",
         "adapter" : {
            "rootUrlTemplate" : {
               "uri" : "https://s3.amazonaws.com/agrjbrowse/MOD-jbrowses/WormBase/WS287/c_brenneri_PRJNA20035/tracks/Other UniProt proteins/{refseq}/trackData.jsonz",
               "locationType" : "UriLocation"
            },
            "type" : "NCListAdapter"
         },
         "trackId" : "c_brenneri_PRJNA20035_other_uniprot_proteins",
         "category" : [
            "Sequence Similarity",
            "Proteins"
         ],
         "name" : "Other UniProt proteins",
         "type" : "FeatureTrack"
      },
      {
         "description" : "Matches to WormBase S. ratti proteins, aligned with BLASTX (nucleotide to protein, via six-frame translation).",
         "displays" : [
            {
               "mouseover" : "jexl:get(feature,'clone')",
               "renderer" : {
                  "showLabels" : false,
                  "type" : "SvgFeatureRenderer",
                  "height" : 4,
                  "color1" : "orange"
               },
               "type" : "LinearBasicDisplay",
               "displayId" : "S_ratti_proteins-c_brenneri_PRJNA20035-LinearBasicDisplay"
            }
         ],
         "assemblyNames" : [
            "c_brenneri_PRJNA20035"
         ],
         "trackId" : "c_brenneri_PRJNA20035_S_ratti_proteins",
         "adapter" : {
            "rootUrlTemplate" : {
               "locationType" : "UriLocation",
               "uri" : "https://s3.amazonaws.com/agrjbrowse/MOD-jbrowses/WormBase/WS287/c_brenneri_PRJNA20035/tracks/S. ratti proteins/{refseq}/trackData.jsonz"
            },
            "type" : "NCListAdapter"
         },
         "name" : "S. ratti proteins",
         "type" : "FeatureTrack",
         "category" : [
            "Sequence Similarity",
            "Proteins"
         ]
      },
      {
         "name" : "C. elegans proteins",
         "type" : "FeatureTrack",
         "category" : [
            "Sequence Similarity",
            "Proteins"
         ],
         "trackId" : "c_brenneri_PRJNA20035_C_elegans_proteins",
         "adapter" : {
            "rootUrlTemplate" : {
               "uri" : "https://s3.amazonaws.com/agrjbrowse/MOD-jbrowses/WormBase/WS287/c_brenneri_PRJNA20035/tracks/C. elegans proteins/{refseq}/trackData.jsonz",
               "locationType" : "UriLocation"
            },
            "type" : "NCListAdapter"
         },
         "description" : "Matches to WormBase C. elegans proteins, aligned with BLASTX (nucleotide to protein, via six-frame translation).",
         "assemblyNames" : [
            "c_brenneri_PRJNA20035"
         ],
         "displays" : [
            {
               "mouseover" : "jexl:get(feature,'clone')",
               "renderer" : {
                  "showLabels" : false,
                  "type" : "SvgFeatureRenderer",
                  "height" : 4,
                  "color1" : "orange"
               },
               "type" : "LinearBasicDisplay",
               "displayId" : "C_elegans_proteins-c_brenneri_PRJNA20035-LinearBasicDisplay"
            }
         ]
      },
      {
         "name" : "Microarray oligo probes",
         "type" : "FeatureTrack",
         "category" : [
            "Reagents"
         ],
         "formatDetails" : {
            "feature" : "jexl:{ JBrowse1: '<a href=\"/tools/genome/jbrowse-simple/?data=data/c_brenneri_PRJNA20035' + '&loc=' +feature.refName+':'+feature.start+'..'+feature.end+ '\">'+feature.refName+':'+feature.start+'..'+feature.end+'</a>'}"
         },
         "description" : "This track contains Affymetrix GeneChip and Washington University GSC microarray probe sets.",
         "displays" : [
            {
               "displayId" : "microarray_oligo_probes-c_brenneri_PRJNA20035-LinearBasicDisplay",
               "type" : "LinearBasicDisplay",
               "renderer" : {
                  "color1" : "black",
                  "height" : 4,
                  "type" : "SvgFeatureRenderer"
               }
            }
         ],
         "assemblyNames" : [
            "c_brenneri_PRJNA20035"
         ],
         "trackId" : "c_brenneri_PRJNA20035_microarray_oligo_probes",
         "adapter" : {
            "rootUrlTemplate" : {
               "locationType" : "UriLocation",
               "uri" : "https://s3.amazonaws.com/agrjbrowse/MOD-jbrowses/WormBase/WS287/c_brenneri_PRJNA20035/tracks/Microarray oligo probes/{refseq}/trackData.jsonz"
            },
            "type" : "NCListAdapter"
         }
      },
      {
         "name" : "Low complextity region (Dust)",
         "type" : "FeatureTrack",
         "category" : [
            "Genome Structure",
            "Repeats"
         ],
         "description" : "Low-complexity regions identified by Dust.",
         "assemblyNames" : [
            "c_brenneri_PRJNA20035"
         ],
         "displays" : [
            {
               "type" : "LinearBasicDisplay",
               "renderer" : {
                  "showLabels" : false,
                  "showDescriptions" : false,
                  "height" : 4,
                  "type" : "SvgFeatureRenderer",
                  "color1" : "bisque"
               },
               "displayId" : "low_complextity_region_(dust)-c_brenneri_PRJNA20035-LinearBasicDisplay"
            }
         ],
         "trackId" : "c_brenneri_PRJNA20035_low_complextity_region_(dust)",
         "adapter" : {
            "type" : "NCListAdapter",
            "rootUrlTemplate" : {
               "uri" : "https://s3.amazonaws.com/agrjbrowse/MOD-jbrowses/WormBase/WS287/c_brenneri_PRJNA20035/tracks/Low complextity region (Dust)/{refseq}/trackData.jsonz",
               "locationType" : "UriLocation"
            }
         }
      },
      {
         "category" : [
            "Genome Structure",
            "Assembly & Curation"
         ],
         "type" : "FeatureTrack",
         "name" : "Contig submissions",
         "adapter" : {
            "type" : "NCListAdapter",
            "rootUrlTemplate" : {
               "locationType" : "UriLocation",
               "uri" : "https://s3.amazonaws.com/agrjbrowse/MOD-jbrowses/WormBase/WS287/c_brenneri_PRJNA20035/tracks/Contig submissions/{refseq}/trackData.jsonz"
            }
         },
         "trackId" : "c_brenneri_PRJNA20035_contig_submissions",
         "assemblyNames" : [
            "c_brenneri_PRJNA20035"
         ],
         "displays" : [
            {
               "renderer" : {
                  "color1" : "sienna",
                  "type" : "SvgFeatureRenderer",
                  "height" : 7
               },
               "type" : "LinearBasicDisplay",
               "displayId" : "contig_submissions-c_brenneri_PRJNA20035-LinearBasicDisplay"
            }
         ],
         "formatDetails" : {
            "feature" : "jexl:{ JBrowse1: '<a href=\"/tools/genome/jbrowse-simple/?data=data/c_brenneri_PRJNA20035' + '&loc=' +feature.refName+':'+feature.start+'..'+feature.end+ '\">'+feature.refName+':'+feature.start+'..'+feature.end+'</a>'}"
         },
         "description" : "This track shows the location and coordinates of contigs (mostly cosmids) submitted to GenBank/EMBL."
      },
      {
         "displays" : [
            {
               "displayId" : "rnaseq_asymmetries-c_brenneri_PRJNA20035-LinearBasicDisplay",
               "type" : "LinearBasicDisplay",
               "renderer" : {
                  "displayMode" : "collapse",
                  "showLabels" : false,
                  "color1" : "jexl:get(feature,'source')=='RNASeq_R_asymmetry'?'red': get(feature,'source')=='RNASeq_F_asymmetry'?'green':'black'",
                  "type" : "SvgFeatureRenderer",
                  "height" : 24
               },
               "mouseover" : "jexl:'Score: '+get(feature,'score')"
            }
         ],
         "assemblyNames" : [
            "c_brenneri_PRJNA20035"
         ],
         "description" : "Red boxes indicate regions where there are more than 2 times as many forward sense RNASeq reads aligned to the genome as reverse sense reads. This asymmetrical signal has been found empirically to be a sensitive marker for the ends of transcripts. Green boxes indicate regions where there are more than 2 times as many reverse sense RNASeq reads aligned to the genome as forward sense reads. This asymmetrical signal has been found empirically to be sensitive marker for the ends of transcripts. The height of all boxes indicates the relative score of the feature.",
         "adapter" : {
            "type" : "NCListAdapter",
            "rootUrlTemplate" : {
               "locationType" : "UriLocation",
               "uri" : "https://s3.amazonaws.com/agrjbrowse/MOD-jbrowses/WormBase/WS287/c_brenneri_PRJNA20035/tracks/RNASeq Asymmetries/{refseq}/trackData.jsonz"
            }
         },
         "trackId" : "c_brenneri_PRJNA20035_rnaseq_asymmetries",
         "category" : [
            "Expression"
         ],
         "type" : "FeatureTrack",
         "name" : "RNASeq Asymmetries"
      },
      {
         "category" : [
            "Sequence Similarity",
            "Proteins"
         ],
         "name" : "B. malayi proteins",
         "type" : "FeatureTrack",
         "assemblyNames" : [
            "c_brenneri_PRJNA20035"
         ],
         "displays" : [
            {
               "displayId" : "B_malayi_proteins-c_brenneri_PRJNA20035-LinearBasicDisplay",
               "type" : "LinearBasicDisplay",
               "renderer" : {
                  "showLabels" : false,
                  "color1" : "orange",
                  "type" : "SvgFeatureRenderer",
                  "height" : 4
               },
               "mouseover" : "jexl:get(feature,'clone')"
            }
         ],
         "description" : "Matches to WormBase B. malayi proteins, aligned with BLASTX (nucleotide to protein, via six-frame translation).",
         "adapter" : {
            "type" : "NCListAdapter",
            "rootUrlTemplate" : {
               "uri" : "https://s3.amazonaws.com/agrjbrowse/MOD-jbrowses/WormBase/WS287/c_brenneri_PRJNA20035/tracks/B. malayi proteins/{refseq}/trackData.jsonz",
               "locationType" : "UriLocation"
            }
         },
         "trackId" : "c_brenneri_PRJNA20035_B_malayi_proteins"
      },
      {
         "description" : "Matches to WormBase C. briggsae proteins, aligned with BLASTX (nucleotide to protein, via six-frame translation).",
         "displays" : [
            {
               "displayId" : "C_briggsae_proteins-c_brenneri_PRJNA20035-LinearBasicDisplay",
               "renderer" : {
                  "showLabels" : false,
                  "color1" : "orange",
                  "height" : 4,
                  "type" : "SvgFeatureRenderer"
               },
               "type" : "LinearBasicDisplay",
               "mouseover" : "jexl:get(feature,'clone')"
            }
         ],
         "assemblyNames" : [
            "c_brenneri_PRJNA20035"
         ],
         "trackId" : "c_brenneri_PRJNA20035_C_briggsae_proteins",
         "adapter" : {
            "type" : "NCListAdapter",
            "rootUrlTemplate" : {
               "uri" : "https://s3.amazonaws.com/agrjbrowse/MOD-jbrowses/WormBase/WS287/c_brenneri_PRJNA20035/tracks/C. briggsae proteins/{refseq}/trackData.jsonz",
               "locationType" : "UriLocation"
            }
         },
         "type" : "FeatureTrack",
         "name" : "C. briggsae proteins",
         "category" : [
            "Sequence Similarity",
            "Proteins"
         ]
      },
      {
         "adapter" : {
            "type" : "NCListAdapter",
            "rootUrlTemplate" : {
               "uri" : "https://s3.amazonaws.com/agrjbrowse/MOD-jbrowses/WormBase/WS287/c_brenneri_PRJNA20035/tracks/H. sapiens proteins/{refseq}/trackData.jsonz",
               "locationType" : "UriLocation"
            }
         },
         "trackId" : "c_brenneri_PRJNA20035_H_sapiens_proteins",
         "assemblyNames" : [
            "c_brenneri_PRJNA20035"
         ],
         "displays" : [
            {
               "mouseover" : "jexl:get(feature,'clone')",
               "displayId" : "H_sapiens_proteins-c_brenneri_PRJNA20035-LinearBasicDisplay",
               "renderer" : {
                  "showLabels" : false,
                  "type" : "SvgFeatureRenderer",
                  "height" : 4,
                  "color1" : "orange"
               },
               "type" : "LinearBasicDisplay"
            }
         ],
         "description" : "Matches to WormBase H. sapiens proteins, aligned with BLASTX (nucleotide to protein, via six-frame translation).",
         "category" : [
            "Sequence Similarity",
            "Proteins"
         ],
         "name" : "H. sapiens proteins",
         "type" : "FeatureTrack"
      },
      {
         "trackId" : "c_brenneri_PRJNA20035_ests",
         "adapter" : {
            "rootUrlTemplate" : {
               "uri" : "https://s3.amazonaws.com/agrjbrowse/MOD-jbrowses/WormBase/WS287/c_brenneri_PRJNA20035/tracks/ESTs (best)/{refseq}/trackData.jsonz",
               "locationType" : "UriLocation"
            },
            "type" : "NCListAdapter"
         },
         "description" : "Native (same-species) Expressed Sequence Tags (ESTs), aligned to the genome using <a href='http://genome.cse.ucsc.edu/cgi-bin/hgBlat'>BLAT</a>. This track shows the best unique location for each EST. The paired 5' and 3' ESTs from the same cDNA clone are connected by a dashed line and a colored light green. ESTs with no mate are yellow, and ESTs with a mate that is 'far away' are dark green.",
         "formatDetails" : {
            "feature" : "jexl:{ JBrowse1: '<a href=\"/tools/genome/jbrowse-simple/?data=data/c_brenneri_PRJNA20035' + '&loc=' +feature.refName+':'+feature.start+'..'+feature.end+ '\">'+feature.refName+':'+feature.start+'..'+feature.end+'</a>'}"
         },
         "assemblyNames" : [
            "c_brenneri_PRJNA20035"
         ],
         "displays" : [
            {
               "renderer" : {
                  "color1" : "jexl:parent(feature)=='undefined'?'red':get(parent(feature),'has_mate')==1?'limegreen':get(parent(feature),'has_mate')==2?'green':get(parent(feature),'has_mate')==0?'gold':'black'",
                  "type" : "SvgFeatureRenderer"
               },
               "type" : "LinearBasicDisplay",
               "displayId" : "ests-c_brenneri_PRJNA20035-LinearBasicDisplay"
            }
         ],
         "type" : "FeatureTrack",
         "name" : "ESTs",
         "category" : [
            "Genes",
            "Supporting Evidence"
         ]
      },
      {
         "trackId" : "c_brenneri_PRJNA20035_S_cerevisiae_proteins",
         "adapter" : {
            "type" : "NCListAdapter",
            "rootUrlTemplate" : {
               "locationType" : "UriLocation",
               "uri" : "https://s3.amazonaws.com/agrjbrowse/MOD-jbrowses/WormBase/WS287/c_brenneri_PRJNA20035/tracks/S. cerevisiae proteins/{refseq}/trackData.jsonz"
            }
         },
         "description" : "Matches to WormBase S. cerevisiae proteins, aligned with BLASTX (nucleotide to protein, via six-frame translation).",
         "assemblyNames" : [
            "c_brenneri_PRJNA20035"
         ],
         "displays" : [
            {
               "type" : "LinearBasicDisplay",
               "renderer" : {
                  "color1" : "orange",
                  "type" : "SvgFeatureRenderer",
                  "height" : 4,
                  "showLabels" : false
               },
               "displayId" : "S_cerevisiae_proteins-c_brenneri_PRJNA20035-LinearBasicDisplay",
               "mouseover" : "jexl:get(feature,'clone')"
            }
         ],
         "type" : "FeatureTrack",
         "name" : "S. cerevisiae proteins",
         "category" : [
            "Sequence Similarity",
            "Proteins"
         ]
      }
   ]
}
