{
   "assemblies" : [
      {
         "sequence" : {
            "adapter" : {
               "gziLocation" : {
                  "uri" : "https://s3.amazonaws.com/wormbase-modencode/fasta/current/c_brenneri.PRJNA20035.WS284.genomic.fa.gz.gzi",
                  "locationType" : "UriLocation"
               },
               "fastaLocation" : {
                  "locationType" : "UriLocation",
                  "uri" : "https://s3.amazonaws.com/wormbase-modencode/fasta/current/c_brenneri.PRJNA20035.WS284.genomic.fa.gz"
               },
               "faiLocation" : {
                  "locationType" : "UriLocation",
                  "uri" : "https://s3.amazonaws.com/wormbase-modencode/fasta/current/c_brenneri.PRJNA20035.WS284.genomic.fa.gz.fai"
               },
               "type" : "BgzipFastaAdapter"
            },
            "type" : "ReferenceSequenceTrack",
            "trackId" : "c_brenneri_PRJNA20035-1646426635733",
            "displays" : [
               {
                  "type" : "LinearReferenceSequenceDisplay",
                  "displayId" : "c_brenneri_PRJNA20035-LinearReferenceSequenceDisplay"
               }
            ]
         },
         "displayName" : "c_brenneri_PRJNA20035",
         "name" : "c_brenneri_PRJNA20035"
      }
   ],
   "tracks" : [
      {
         "type" : "FeatureTrack",
         "name" : "mRNAs/ncRNAs (best)",
         "category" : [
            "Genes",
            "Supporting Evidence"
         ],
         "trackId" : "c_brenneri_PRJNA20035_mrnas/ncrnas_(best)",
         "description" : "Native (same species) full length cDNAs and ncRNAs aligned to the genome using BLAT. This track shows the best unique location for each cDNA.",
         "displays" : [
            {
               "type" : "LinearBasicDisplay",
               "displayId" : "mrnas/ncrnas_(best)-c_brenneri_PRJNA20035-LinearBasicDisplay",
               "renderer" : {
                  "color1" : "jexl:startsWith(get(feature,'source'),'BLAT_mRNA_')==true?'yellow':'gray'",
                  "outline" : "black",
                  "height" : 6,
                  "type" : "SvgFeatureRenderer"
               }
            }
         ],
         "adapter" : {
            "rootUrlTemplate" : {
               "locationType" : "UriLocation",
               "uri" : "https://s3.amazonaws.com/agrjbrowse/MOD-jbrowses/WormBase/WS287/c_brenneri_PRJNA20035/tracks/mRNAs_ncRNAs (best)/{refseq}/trackData.jsonz"
            },
            "type" : "NCListAdapter"
         },
         "assemblyNames" : [
            "c_brenneri_PRJNA20035"
         ]
      },
      {
         "trackId" : "c_brenneri_PRJNA20035_protein_motifs",
         "type" : "FeatureTrack",
         "category" : [
            "Sequence Features",
            "Translated Features"
         ],
         "assemblyNames" : [
            "c_brenneri_PRJNA20035"
         ],
         "adapter" : {
            "type" : "NCListAdapter",
            "rootUrlTemplate" : {
               "uri" : "https://s3.amazonaws.com/agrjbrowse/MOD-jbrowses/WormBase/WS287/c_brenneri_PRJNA20035/tracks/Protein motifs/{refseq}/trackData.jsonz",
               "locationType" : "UriLocation"
            }
         },
         "name" : "Protein motifs",
         "displays" : [
            {
               "renderer" : {
                  "color1" : "jexl:parent(feature)=='undefined'?'purple':get(parent(feature),'predictiontype')=='tmhmm'?'magenta':get(parent(feature),'predictiontype')=='seg'?'lightseagreen':get(parent(feature),'predictiontype')=='signalp'?'aquamarine':get(parent(feature),'predictiontype')=='ncoils'?'chartreuse':\nget(parent(feature),'predictiontype')=='pfam'?'lightsalmon':'purple'",
                  "height" : 7,
                  "type" : "SvgFeatureRenderer"
               },
               "displayId" : "protein_motifs-c_brenneri_PRJNA20035-LinearBasicDisplay",
               "type" : "LinearBasicDisplay"
            }
         ],
         "description" : "This track shows the extent of predicted protein motifs. Note these spans correspond to amino acid coordinates interpolated onto the physical map.  Included are signal peptide (signalp), coiled coil (ncoils) and transmembrane (tmhmm) domains, regions of low complexity (seg), and Pfam annotated motif homologies."
      },
      {
         "trackId" : "c_brenneri_PRJNA20035_curated_genes_protein_coding",
         "type" : "FeatureTrack",
         "category" : [
            "Genes",
            "Curated Genes"
         ],
         "name" : "Curated Genes (protein coding)",
         "displays" : [
            {
               "renderer" : {
                  "color1" : "jexl:get(feature,'strand')>0?'violet':'turquoise'",
                  "type" : "SvgFeatureRenderer",
                  "color3" : "#965567"
               },
               "displayId" : "curated_genes_(protein_coding)-c_brenneri_PRJNA20035-LinearBasicDisplay",
               "type" : "LinearBasicDisplay"
            }
         ],
         "description" : "A subset of the full Curated Genes set limited to protein-coding genes only. Only the CDS is represented. Full models (with UTRs) can be seen on the 'Curated Genes' track.",
         "assemblyNames" : [
            "c_brenneri_PRJNA20035"
         ],
         "adapter" : {
            "type" : "NCListAdapter",
            "rootUrlTemplate" : {
               "locationType" : "UriLocation",
               "uri" : "https://s3.amazonaws.com/agrjbrowse/MOD-jbrowses/WormBase/WS287/c_brenneri_PRJNA20035/tracks/Curated Genes (protein coding)/{refseq}/trackData.jsonz"
            }
         }
      },
      {
         "name" : "Trans-spliced acceptor",
         "description" : "This track contains SL1 and SL2 trans-spliced acceptors from a variety of sources: SL1 and SL2 trans-spliced acceptors published by Blumenthal et al, Nature (2002), Trans-Spliced Exon Coupled RNA End Determination (TEC-RED) Hwang et al, PNAS (2004), EST/mRNA sequence data, RNASeq read data from ENA. SL1 acceptors are show in red, SL2 in green. Direction of transcription is indicated by arrow direction.",
         "displays" : [
            {
               "renderer" : {
                  "labels" : {
                     "description" : "jexl:get(feature,'source') || get(feature,'description')"
                  },
                  "type" : "SvgFeatureRenderer",
                  "color1" : "jexl:get(feature,'source')=='SL1'?'red':get(feature,'source')=='SL2'?'green':'black'"
               },
               "displayId" : "trans-spliced_acceptor-c_brenneri_PRJNA20035-LinearBasicDisplay",
               "type" : "LinearBasicDisplay"
            }
         ],
         "adapter" : {
            "rootUrlTemplate" : {
               "locationType" : "UriLocation",
               "uri" : "https://s3.amazonaws.com/agrjbrowse/MOD-jbrowses/WormBase/WS287/c_brenneri_PRJNA20035/tracks/Trans-spliced acceptor/{refseq}/trackData.jsonz"
            },
            "type" : "NCListAdapter"
         },
         "assemblyNames" : [
            "c_brenneri_PRJNA20035"
         ],
         "type" : "FeatureTrack",
         "category" : [
            "Sequence Features",
            "Signals & Motifs"
         ],
         "trackId" : "c_brenneri_PRJNA20035_trans-spliced_acceptor"
      },
      {
         "type" : "FeatureTrack",
         "category" : [
            "Genes",
            "Curated Genes"
         ],
         "trackId" : "c_brenneri_PRJNA20035_gene_models_(historical)",
         "adapter" : {
            "type" : "NCListAdapter",
            "rootUrlTemplate" : {
               "uri" : "https://s3.amazonaws.com/agrjbrowse/MOD-jbrowses/WormBase/WS287/c_brenneri_PRJNA20035/tracks/Gene Models (historical)/{refseq}/trackData.jsonz",
               "locationType" : "UriLocation"
            }
         },
         "assemblyNames" : [
            "c_brenneri_PRJNA20035"
         ],
         "name" : "Gene Models (historical)",
         "description" : "Historical gene predictions.",
         "displays" : [
            {
               "displayId" : "gene_models_(historical)-c_brenneri_PRJNA20035-LinearBasicDisplay",
               "renderer" : {
                  "color1" : "jexl:get(feature,'strand')>0?'violet':'turquoise'",
                  "labels" : {
                     "description" : "jexl:get(feature,'type')"
                  },
                  "type" : "SvgFeatureRenderer"
               },
               "type" : "LinearBasicDisplay"
            }
         ]
      },
      {
         "displays" : [
            {
               "type" : "LinearBasicDisplay",
               "displayId" : "curated_genes-c_brenneri_PRJNA20035-LinearBasicDisplay",
               "renderer" : {
                  "color1" : "jexl:get(feature,'type')!='CDS'?'gray':get(feature,'strand')>0?'violet':'turquoise'",
                  "labels" : {
                     "name" : "jexl:get(feature,'locus') || get(feature,'sequence_name')"
                  },
                  "type" : "SvgFeatureRenderer",
                  "color3" : "#965567"
               }
            }
         ],
         "description" : "Protein-coding gene structures result from the integration of a variety of prediction methods and data sources followed by manual review and revison by WormBase curators. tRNAs are predicted by tRNAscan, and other non-coding RNA transcripts are taken from a variety of literature sources. The purple and blue colors indicate transcripts on the forward and reverse strands respectively. Dark purple areas represent 5' and 3' UTRs of protein-coding transcripts, assigned automatically using the extents of overlapping ESTs and full-length cDNAs. The UTR predictions have not been reviewed by WormBase curators, and some are known to contain artifacts. Grey transcripts represent either non-coding transcripts of protein coding genes or transcripts of non-coding genes.",
         "name" : "Curated Genes",
         "assemblyNames" : [
            "c_brenneri_PRJNA20035"
         ],
         "adapter" : {
            "rootUrlTemplate" : {
               "locationType" : "UriLocation",
               "uri" : "https://s3.amazonaws.com/agrjbrowse/MOD-jbrowses/WormBase/WS287/c_brenneri_PRJNA20035/tracks/Curated_Genes/{refseq}/trackData.jsonz"
            },
            "type" : "NCListAdapter"
         },
         "trackId" : "c_brenneri_PRJNA20035_curated_genes",
         "category" : [
            "Genes",
            "Curated Genes"
         ],
         "type" : "FeatureTrack"
      },
      {
         "trackId" : "c_brenneri_PRJNA20035_yacs_fosmids_cosmids",
         "type" : "FeatureTrack",
         "category" : [
            "Reagents"
         ],
         "assemblyNames" : [
            "c_brenneri_PRJNA20035"
         ],
         "adapter" : {
            "type" : "NCListAdapter",
            "rootUrlTemplate" : {
               "uri" : "https://s3.amazonaws.com/agrjbrowse/MOD-jbrowses/WormBase/WS287/c_brenneri_PRJNA20035/tracks/YACs, Fosmids, & Cosmids/{refseq}/trackData.jsonz",
               "locationType" : "UriLocation"
            }
         },
         "displays" : [
            {
               "displayId" : "yacs,_fosmids,_&_cosmids-c_brenneri_PRJNA20035-LinearBasicDisplay",
               "renderer" : {
                  "type" : "SvgFeatureRenderer",
                  "height" : 3,
                  "color1" : "black"
               },
               "type" : "LinearBasicDisplay"
            }
         ],
         "description" : "This track shows the locations of the cosmids, fosmids, and YACs used for the physical mapping and sequencing of the C. elegans genome.  The clone termini do not necessarily correspond to the termini of submitted GenBank/EMBL entries. In some cases the exact termini of the clones is not known.  For example, YACs were sequenced using PCR amplification across gaps in the cosmid maps.  When a clone end is not known, it is shown as an arrow extending to the end of the display.  Such data is to be treated with caution.  The Vancouver fosmids can be ordered directly from <a href='http://www.geneservice.co.uk/products/clones/Celegans_Fos.jsp'>GeneService</a>.",
         "name" : "YACs, Fosmids, & Cosmids"
      },
      {
         "displays" : [
            {
               "type" : "LinearBasicDisplay",
               "displayId" : "curated_genes_(pseudogenes)-c_brenneri_PRJNA20035-LinearBasicDisplay",
               "renderer" : {
                  "type" : "SvgFeatureRenderer",
                  "height" : 6,
                  "color1" : "gray"
               }
            }
         ],
         "description" : "A subset of the full Curated Genes set limited to pseudogenes only. Pseudogenes of tRNA are lighter gray and pseudogenes of rRNA are darker gray than pseudogenes of protein coding genes.",
         "trackId" : "c_brenneri_PRJNA20035_curated_genes_pseudogenes",
         "category" : [
            "Genes",
            "Curated Genes"
         ],
         "name" : "Curated Genes (pseudogenes)",
         "type" : "FeatureTrack",
         "assemblyNames" : [
            "c_brenneri_PRJNA20035"
         ],
         "adapter" : {
            "rootUrlTemplate" : {
               "locationType" : "UriLocation",
               "uri" : "https://s3.amazonaws.com/agrjbrowse/MOD-jbrowses/WormBase/WS287/c_brenneri_PRJNA20035/tracks/Curated Genes (pseudogenes)/{refseq}/trackData.jsonz"
            },
            "type" : "NCListAdapter"
         }
      },
      {
         "displays" : [
            {
               "renderer" : {
                  "type" : "SvgFeatureRenderer",
                  "height" : 6,
                  "color1" : "gray"
               },
               "displayId" : "curated_genes_(noncoding)-c_brenneri_PRJNA20035-LinearBasicDisplay",
               "type" : "LinearBasicDisplay"
            }
         ],
         "description" : "Non-coding curated gene models, including ncRNA, tRNA, miRNA, snRNA, snoRNA, piRNA, lincRNA and antisense RNA.",
         "trackId" : "c_brenneri_PRJNA20035_curated_genes_noncoding",
         "type" : "FeatureTrack",
         "category" : [
            "Genes",
            "Curated Genes"
         ],
         "name" : "Curated Genes (noncoding)",
         "assemblyNames" : [
            "c_brenneri_PRJNA20035"
         ],
         "adapter" : {
            "type" : "NCListAdapter",
            "rootUrlTemplate" : {
               "locationType" : "UriLocation",
               "uri" : "https://s3.amazonaws.com/agrjbrowse/MOD-jbrowses/WormBase/WS287/c_brenneri_PRJNA20035/tracks/Curated Genes (noncoding)/{refseq}/trackData.jsonz"
            }
         }
      },
      {
         "assemblyNames" : [
            "c_brenneri_PRJNA20035"
         ],
         "adapter" : {
            "rootUrlTemplate" : {
               "uri" : "https://s3.amazonaws.com/agrjbrowse/MOD-jbrowses/WormBase/WS287/c_brenneri_PRJNA20035/tracks/genBlastG CDS predictions/{refseq}/trackData.jsonz",
               "locationType" : "UriLocation"
            },
            "type" : "NCListAdapter"
         },
         "displays" : [
            {
               "type" : "LinearBasicDisplay",
               "displayId" : "genblastg_cds_predictions-c_brenneri_PRJNA20035-LinearBasicDisplay",
               "renderer" : {
                  "type" : "SvgFeatureRenderer",
                  "height" : 7
               }
            }
         ],
         "description" : "Data from 'genBlastG: using BLAST searches to build homologous gene models' (WBPaper00040677).",
         "trackId" : "c_brenneri_PRJNA20035_genblastg_cds_predictions",
         "type" : "FeatureTrack",
         "name" : "genBlastG CDS predictions",
         "category" : [
            "Genes",
            "Ab-initio predictions"
         ]
      },
      {
         "adapter" : {
            "rootUrlTemplate" : {
               "uri" : "https://s3.amazonaws.com/agrjbrowse/MOD-jbrowses/WormBase/WS287/c_brenneri_PRJNA20035/tracks/O. volvulus proteins/{refseq}/trackData.jsonz",
               "locationType" : "UriLocation"
            },
            "type" : "NCListAdapter"
         },
         "assemblyNames" : [
            "c_brenneri_PRJNA20035"
         ],
         "name" : "O. volvulus proteins",
         "type" : "FeatureTrack",
         "category" : [
            "Sequence Similarity",
            "Proteins"
         ],
         "trackId" : "c_brenneri_PRJNA20035_O_volvulus_proteins",
         "description" : "Matches to WormBase O. volvulus proteins, aligned with BLASTX (nucleotide to protein, via six-frame translation).",
         "displays" : [
            {
               "displayId" : "O_volvulus_proteins-c_brenneri_PRJNA20035-LinearBasicDisplay",
               "renderer" : {
                  "showLabels" : false,
                  "type" : "SvgFeatureRenderer",
                  "color1" : "orange",
                  "height" : 4
               },
               "type" : "LinearBasicDisplay",
               "mouseover" : "jexl:get(feature,'clone')"
            }
         ]
      },
      {
         "trackId" : "c_brenneri_PRJNA20035_repeat_region_(repeatmasker)",
         "type" : "FeatureTrack",
         "category" : [
            "Genome Structure",
            "Repeats"
         ],
         "assemblyNames" : [
            "c_brenneri_PRJNA20035"
         ],
         "adapter" : {
            "rootUrlTemplate" : {
               "locationType" : "UriLocation",
               "uri" : "https://s3.amazonaws.com/agrjbrowse/MOD-jbrowses/WormBase/WS287/c_brenneri_PRJNA20035/tracks/Repeat Region (RepeatMasker)/{refseq}/trackData.jsonz"
            },
            "type" : "NCListAdapter"
         },
         "name" : "Repeat Region (RepeatMasker)",
         "displays" : [
            {
               "renderer" : {
                  "type" : "SvgFeatureRenderer",
                  "showLabels" : false,
                  "showDescriptions" : false,
                  "color1" : "bisque",
                  "height" : 4
               },
               "displayId" : "repeat_region_(repeatmasker)-c_brenneri_PRJNA20035-LinearBasicDisplay",
               "type" : "LinearBasicDisplay"
            }
         ],
         "description" : "Repetitive regions identified by RepeatMasker."
      },
      {
         "category" : [
            "Sequence Similarity",
            "Proteins"
         ],
         "name" : "P. pacificus proteins",
         "type" : "FeatureTrack",
         "trackId" : "c_brenneri_PRJNA20035_P_pacificus_proteins",
         "description" : "Matches to WormBase P. pacificus proteins, aligned with BLASTX (nucleotide to protein, via six-frame translation).",
         "displays" : [
            {
               "mouseover" : "jexl:get(feature,'clone')",
               "type" : "LinearBasicDisplay",
               "displayId" : "P_pacificus_proteins-c_brenneri_PRJNA20035-LinearBasicDisplay",
               "renderer" : {
                  "showLabels" : false,
                  "type" : "SvgFeatureRenderer",
                  "color1" : "orange",
                  "height" : 4
               }
            }
         ],
         "adapter" : {
            "rootUrlTemplate" : {
               "locationType" : "UriLocation",
               "uri" : "https://s3.amazonaws.com/agrjbrowse/MOD-jbrowses/WormBase/WS287/c_brenneri_PRJNA20035/tracks/P. pacificus proteins/{refseq}/trackData.jsonz"
            },
            "type" : "NCListAdapter"
         },
         "assemblyNames" : [
            "c_brenneri_PRJNA20035"
         ]
      },
      {
         "adapter" : {
            "rootUrlTemplate" : {
               "uri" : "https://s3.amazonaws.com/agrjbrowse/MOD-jbrowses/WormBase/WS287/c_brenneri_PRJNA20035/tracks/C. remanei proteins/{refseq}/trackData.jsonz",
               "locationType" : "UriLocation"
            },
            "type" : "NCListAdapter"
         },
         "assemblyNames" : [
            "c_brenneri_PRJNA20035"
         ],
         "type" : "FeatureTrack",
         "name" : "C. remanei proteins",
         "category" : [
            "Sequence Similarity",
            "Proteins"
         ],
         "trackId" : "c_brenneri_PRJNA20035_C_remanei_proteins",
         "description" : "Matches to WormBase C. remanei proteins, aligned with BLASTX (nucleotide to protein, via six-frame translation).",
         "displays" : [
            {
               "type" : "LinearBasicDisplay",
               "mouseover" : "jexl:get(feature,'clone')",
               "displayId" : "C_remanei_proteins-c_brenneri_PRJNA20035-LinearBasicDisplay",
               "renderer" : {
                  "color1" : "orange",
                  "height" : 4,
                  "type" : "SvgFeatureRenderer",
                  "showLabels" : false
               }
            }
         ]
      },
      {
         "type" : "FeatureTrack",
         "category" : [
            "Genome Structure",
            "Repeats"
         ],
         "trackId" : "c_brenneri_PRJNA20035_tandem_and_inverted_repeats",
         "adapter" : {
            "rootUrlTemplate" : {
               "uri" : "https://s3.amazonaws.com/agrjbrowse/MOD-jbrowses/WormBase/WS287/c_brenneri_PRJNA20035/tracks/Tandem and Inverted Repeats/{refseq}/trackData.jsonz",
               "locationType" : "UriLocation"
            },
            "type" : "NCListAdapter"
         },
         "assemblyNames" : [
            "c_brenneri_PRJNA20035"
         ],
         "name" : "Tandem and Inverted Repeats",
         "description" : "Exact tandem and inverted repetitive elements.",
         "displays" : [
            {
               "type" : "LinearBasicDisplay",
               "displayId" : "tandem_and_inverted_repeats-c_brenneri_PRJNA20035-LinearBasicDisplay",
               "renderer" : {
                  "color1" : "bisque",
                  "showLabels" : false,
                  "type" : "SvgFeatureRenderer",
                  "showDescriptions" : false
               }
            }
         ]
      },
      {
         "adapter" : {
            "rootUrlTemplate" : {
               "uri" : "https://s3.amazonaws.com/agrjbrowse/MOD-jbrowses/WormBase/WS287/c_brenneri_PRJNA20035/tracks/Links and Superlinks/{refseq}/trackData.jsonz",
               "locationType" : "UriLocation"
            },
            "type" : "NCListAdapter"
         },
         "assemblyNames" : [
            "c_brenneri_PRJNA20035"
         ],
         "name" : "Links and Superlinks",
         "description" : "This track shows the location and coordinates of contigs created during the assembly of the C. elegans genome.",
         "displays" : [
            {
               "type" : "LinearBasicDisplay",
               "renderer" : {
                  "type" : "SvgFeatureRenderer",
                  "height" : 4,
                  "color1" : "black"
               },
               "displayId" : "links_and_superlinks-c_brenneri_PRJNA20035-LinearBasicDisplay"
            }
         ],
         "type" : "FeatureTrack",
         "category" : [
            "Genome Structure",
            "Assembly & Curation"
         ],
         "trackId" : "c_brenneri_PRJNA20035_links_and_superlinks"
      },
      {
         "adapter" : {
            "rootUrlTemplate" : {
               "locationType" : "UriLocation",
               "uri" : "https://s3.amazonaws.com/agrjbrowse/MOD-jbrowses/WormBase/WS287/c_brenneri_PRJNA20035/tracks/T. muris proteins/{refseq}/trackData.jsonz"
            },
            "type" : "NCListAdapter"
         },
         "assemblyNames" : [
            "c_brenneri_PRJNA20035"
         ],
         "description" : "Matches to WormBase T. muris proteins, aligned with BLASTX (nucleotide to protein, via six-frame translation).",
         "displays" : [
            {
               "mouseover" : "jexl:get(feature,'clone')",
               "type" : "LinearBasicDisplay",
               "displayId" : "T_muris_proteins-c_brenneri_PRJNA20035-LinearBasicDisplay",
               "renderer" : {
                  "color1" : "orange",
                  "height" : 4,
                  "showLabels" : false,
                  "type" : "SvgFeatureRenderer"
               }
            }
         ],
         "name" : "T. muris proteins",
         "type" : "FeatureTrack",
         "category" : [
            "Sequence Similarity",
            "Proteins"
         ],
         "trackId" : "c_brenneri_PRJNA20035_T_muris_proteins"
      },
      {
         "name" : "D. melanogaster proteins",
         "description" : "Matches to WormBase D. melanogaster proteins, aligned with BLASTX (nucleotide to protein, via six-frame translation).",
         "displays" : [
            {
               "displayId" : "D_melanogaster_proteins-c_brenneri_PRJNA20035-LinearBasicDisplay",
               "renderer" : {
                  "showLabels" : false,
                  "type" : "SvgFeatureRenderer",
                  "color1" : "orange",
                  "height" : 4
               },
               "mouseover" : "jexl:get(feature,'clone')",
               "type" : "LinearBasicDisplay"
            }
         ],
         "adapter" : {
            "type" : "NCListAdapter",
            "rootUrlTemplate" : {
               "locationType" : "UriLocation",
               "uri" : "https://s3.amazonaws.com/agrjbrowse/MOD-jbrowses/WormBase/WS287/c_brenneri_PRJNA20035/tracks/D. melanogaster proteins/{refseq}/trackData.jsonz"
            }
         },
         "assemblyNames" : [
            "c_brenneri_PRJNA20035"
         ],
         "category" : [
            "Sequence Similarity",
            "Proteins"
         ],
         "type" : "FeatureTrack",
         "trackId" : "c_brenneri_PRJNA20035_D_melanogaster_proteins"
      },
      {
         "adapter" : {
            "rootUrlTemplate" : {
               "uri" : "https://s3.amazonaws.com/agrjbrowse/MOD-jbrowses/WormBase/WS287/c_brenneri_PRJNA20035/tracks/C. japonica proteins/{refseq}/trackData.jsonz",
               "locationType" : "UriLocation"
            },
            "type" : "NCListAdapter"
         },
         "assemblyNames" : [
            "c_brenneri_PRJNA20035"
         ],
         "description" : "Matches to WormBase C. japonica proteins, aligned with BLASTX (nucleotide to protein, via six-frame translation).",
         "displays" : [
            {
               "mouseover" : "jexl:get(feature,'clone')",
               "type" : "LinearBasicDisplay",
               "renderer" : {
                  "showLabels" : false,
                  "type" : "SvgFeatureRenderer",
                  "height" : 4,
                  "color1" : "orange"
               },
               "displayId" : "C_japonica_proteins-c_brenneri_PRJNA20035-LinearBasicDisplay"
            }
         ],
         "type" : "FeatureTrack",
         "name" : "C. japonica proteins",
         "category" : [
            "Sequence Similarity",
            "Proteins"
         ],
         "trackId" : "c_brenneri_PRJNA20035_C_japonica_proteins"
      },
      {
         "assemblyNames" : [
            "c_brenneri_PRJNA20035"
         ],
         "adapter" : {
            "type" : "NCListAdapter",
            "rootUrlTemplate" : {
               "locationType" : "UriLocation",
               "uri" : "https://s3.amazonaws.com/agrjbrowse/MOD-jbrowses/WormBase/WS287/c_brenneri_PRJNA20035/tracks/RNASeq introns/{refseq}/trackData.jsonz"
            }
         },
         "name" : "RNASeq introns",
         "displays" : [
            {
               "renderer" : {
                  "type" : "SvgFeatureRenderer",
                  "showLabels" : false,
                  "showDescriptions" : false,
                  "color1" : "green",
                  "height" : "jexl:get(feature,'score')>100?50:get(feature,'score')<8?4:floor(get(feature,'score')/2)"
               },
               "displayId" : "rnaseq_introns-c_brenneri_PRJNA20035-LinearBasicDisplay",
               "mouseover" : "jexl:get(feature,'score')+' reads'",
               "type" : "LinearBasicDisplay"
            }
         ],
         "description" : "These are introns formed by aligned RNASeq reads spanning a region of the genome. Alignments of short read sequences from all available RNASeq projects were used. The number of reads spanning the introns is indicated by the thickness of the display.",
         "trackId" : "c_brenneri_PRJNA20035_rnaseq_introns",
         "category" : [
            "Expression"
         ],
         "type" : "FeatureTrack"
      },
      {
         "assemblyNames" : [
            "c_brenneri_PRJNA20035"
         ],
         "adapter" : {
            "type" : "NCListAdapter",
            "rootUrlTemplate" : {
               "uri" : "https://s3.amazonaws.com/agrjbrowse/MOD-jbrowses/WormBase/WS287/c_brenneri_PRJNA20035/tracks/RNASeq Splice Junctions (common)/{refseq}/trackData.jsonz",
               "locationType" : "UriLocation"
            }
         },
         "displays" : [
            {
               "displayId" : "rnaseq_splice_junctions_(common)-c_brenneri_PRJNA20035-LinearBasicDisplay",
               "renderer" : {
                  "showLabels" : false,
                  "type" : "SvgFeatureRenderer",
                  "color1" : "jexl:get(feature,'score')>20000?(get(feature,'strand')>0?'#730073':'#007373'):get(feature,'strand')>0?'#'+hex(round(255-(140*(get(feature,'score')/20000))))+'00'+hex(round(255-(140*(get(feature,'score')/20000)))):'#00'+hex(round(255-(140*(get(feature,'score')/20000))))+hex(round(255-(140*(get(feature,'score')/20000))))"
               },
               "mouseover" : "jexl:get(feature,'score')+' reads'",
               "type" : "LinearBasicDisplay"
            }
         ],
         "description" : "These are introns formed by aligned RNASeq reads spanning a region of the genome. Alignments of short read sequences from all available RNASeq projects were used. These junctions are considered 'common' in that there are more than 500 reads confirming their existence. The number of reads spanning the introns is indicated by the darkness of the color (shades of cyan for reverse, shades of violet for forward).  Darker is more reads.",
         "trackId" : "c_brenneri_PRJNA20035_rnaseq_splice_junctions_(common)",
         "name" : "RNASeq Splice Junctions (common)",
         "type" : "FeatureTrack",
         "category" : [
            "Expression"
         ]
      },
      {
         "adapter" : {
            "type" : "NCListAdapter",
            "rootUrlTemplate" : {
               "locationType" : "UriLocation",
               "uri" : "https://s3.amazonaws.com/agrjbrowse/MOD-jbrowses/WormBase/WS287/c_brenneri_PRJNA20035/tracks/RNASeq Splice Junctions (rare)/{refseq}/trackData.jsonz"
            }
         },
         "assemblyNames" : [
            "c_brenneri_PRJNA20035"
         ],
         "description" : "These are introns formed by aligned RNASeq reads spanning a region of the genome. Alignments of short read sequences from all available RNASeq projects were used. These junctions are considered 'rare' in that there are fewer than 500 reads confirming their existence. The number of reads spanning the introns is indicated by the darkness of the color (shades of cyan for reverse, shades of violet for forward).  Darker is more reads.",
         "displays" : [
            {
               "mouseover" : "jexl:get(feature,'score')+' reads'",
               "type" : "LinearBasicDisplay",
               "renderer" : {
                  "color1" : "jexl:get(feature,'score')>20000?(get(feature,'strand')>0?'#730073':'#007373'):get(feature,'strand')>0?'#'+hex(round(255-(140*(get(feature,'score')/20000))))+'00'+hex(round(255-(140*(get(feature,'score')/20000)))):'#00'+hex(round(255-(140*(get(feature,'score')/20000))))+hex(round(255-(140*(get(feature,'score')/20000))))",
                  "height" : "jexl:4",
                  "showLabels" : false,
                  "type" : "SvgFeatureRenderer"
               },
               "displayId" : "rnaseq_splice_junctions_(rare)-c_brenneri_PRJNA20035-LinearBasicDisplay"
            }
         ],
         "type" : "FeatureTrack",
         "name" : "RNASeq Splice Junctions (rare)",
         "category" : [
            "Expression"
         ],
         "trackId" : "c_brenneri_PRJNA20035_rnaseq_splice_junctions_(rare)"
      },
      {
         "adapter" : {
            "type" : "NCListAdapter",
            "rootUrlTemplate" : {
               "locationType" : "UriLocation",
               "uri" : "https://s3.amazonaws.com/agrjbrowse/MOD-jbrowses/WormBase/WS287/c_brenneri_PRJNA20035/tracks/C. brenneri proteins/{refseq}/trackData.jsonz"
            }
         },
         "assemblyNames" : [
            "c_brenneri_PRJNA20035"
         ],
         "name" : "C. brenneri proteins",
         "description" : "Matches to WormBase C. brenneri proteins, aligned with BLASTX (nucleotide to protein, via six-frame translation).",
         "displays" : [
            {
               "displayId" : "C_brenneri_proteins-c_brenneri_PRJNA20035-LinearBasicDisplay",
               "renderer" : {
                  "color1" : "orange",
                  "height" : 4,
                  "showLabels" : false,
                  "type" : "SvgFeatureRenderer"
               },
               "type" : "LinearBasicDisplay",
               "mouseover" : "jexl:get(feature,'clone')"
            }
         ],
         "type" : "FeatureTrack",
         "category" : [
            "Sequence Similarity",
            "Proteins"
         ],
         "trackId" : "c_brenneri_PRJNA20035_C_brenneri_proteins"
      },
      {
         "trackId" : "c_brenneri_PRJNA20035_rnaseq",
         "category" : [
            "Expression"
         ],
         "type" : "FeatureTrack",
         "name" : "RNASeq",
         "displays" : [
            {
               "renderer" : {
                  "height" : "jexl:get(feature,'score')>100?50:floor(get(feature,'score')/2)>4?floor(get(feature,'score')/2):4",
                  "color1" : "black",
                  "displayMode" : "collapse",
                  "showLabels" : false,
                  "type" : "SvgFeatureRenderer"
               },
               "displayId" : "rnaseq-c_brenneri_PRJNA20035-LinearBasicDisplay",
               "type" : "LinearBasicDisplay",
               "mouseover" : "jexl:'Score: '+get(feature,'score')"
            }
         ],
         "description" : "These boxes indicate alignments of short read sequences from all available RNASeq projects. The number of reads has been normalised by averaging over the number of libraries. The height of all boxes indicates the relative score of the feature.",
         "assemblyNames" : [
            "c_brenneri_PRJNA20035"
         ],
         "adapter" : {
            "type" : "NCListAdapter",
            "rootUrlTemplate" : {
               "uri" : "https://s3.amazonaws.com/agrjbrowse/MOD-jbrowses/WormBase/WS287/c_brenneri_PRJNA20035/tracks/RNASeq/{refseq}/trackData.jsonz",
               "locationType" : "UriLocation"
            }
         }
      },
      {
         "displays" : [
            {
               "type" : "LinearBasicDisplay",
               "displayId" : "other_uniprot_proteins-c_brenneri_PRJNA20035-LinearBasicDisplay",
               "renderer" : {
                  "type" : "SvgFeatureRenderer",
                  "showLabels" : false,
                  "showDescriptions" : false,
                  "color1" : "orange",
                  "height" : 4
               }
            }
         ],
         "description" : "Matches to proteins from a slimmed-down version of UniProt (with proteins from WormBase core nematodes, human, fly and yeast removed), aligned with BLASTX (nucleotide to protein, via six-frame translation).",
         "trackId" : "c_brenneri_PRJNA20035_other_uniprot_proteins",
         "name" : "Other UniProt proteins",
         "category" : [
            "Sequence Similarity",
            "Proteins"
         ],
         "type" : "FeatureTrack",
         "assemblyNames" : [
            "c_brenneri_PRJNA20035"
         ],
         "adapter" : {
            "rootUrlTemplate" : {
               "locationType" : "UriLocation",
               "uri" : "https://s3.amazonaws.com/agrjbrowse/MOD-jbrowses/WormBase/WS287/c_brenneri_PRJNA20035/tracks/Other UniProt proteins/{refseq}/trackData.jsonz"
            },
            "type" : "NCListAdapter"
         }
      },
      {
         "trackId" : "c_brenneri_PRJNA20035_S_ratti_proteins",
         "category" : [
            "Sequence Similarity",
            "Proteins"
         ],
         "type" : "FeatureTrack",
         "assemblyNames" : [
            "c_brenneri_PRJNA20035"
         ],
         "adapter" : {
            "type" : "NCListAdapter",
            "rootUrlTemplate" : {
               "locationType" : "UriLocation",
               "uri" : "https://s3.amazonaws.com/agrjbrowse/MOD-jbrowses/WormBase/WS287/c_brenneri_PRJNA20035/tracks/S. ratti proteins/{refseq}/trackData.jsonz"
            }
         },
         "displays" : [
            {
               "type" : "LinearBasicDisplay",
               "mouseover" : "jexl:get(feature,'clone')",
               "renderer" : {
                  "showLabels" : false,
                  "type" : "SvgFeatureRenderer",
                  "height" : 4,
                  "color1" : "orange"
               },
               "displayId" : "S_ratti_proteins-c_brenneri_PRJNA20035-LinearBasicDisplay"
            }
         ],
         "description" : "Matches to WormBase S. ratti proteins, aligned with BLASTX (nucleotide to protein, via six-frame translation).",
         "name" : "S. ratti proteins"
      },
      {
         "trackId" : "c_brenneri_PRJNA20035_C_elegans_proteins",
         "type" : "FeatureTrack",
         "category" : [
            "Sequence Similarity",
            "Proteins"
         ],
         "displays" : [
            {
               "renderer" : {
                  "showLabels" : false,
                  "type" : "SvgFeatureRenderer",
                  "color1" : "orange",
                  "height" : 4
               },
               "displayId" : "C_elegans_proteins-c_brenneri_PRJNA20035-LinearBasicDisplay",
               "mouseover" : "jexl:get(feature,'clone')",
               "type" : "LinearBasicDisplay"
            }
         ],
         "description" : "Matches to WormBase C. elegans proteins, aligned with BLASTX (nucleotide to protein, via six-frame translation).",
         "name" : "C. elegans proteins",
         "assemblyNames" : [
            "c_brenneri_PRJNA20035"
         ],
         "adapter" : {
            "rootUrlTemplate" : {
               "uri" : "https://s3.amazonaws.com/agrjbrowse/MOD-jbrowses/WormBase/WS287/c_brenneri_PRJNA20035/tracks/C. elegans proteins/{refseq}/trackData.jsonz",
               "locationType" : "UriLocation"
            },
            "type" : "NCListAdapter"
         }
      },
      {
         "category" : [
            "Reagents"
         ],
         "type" : "FeatureTrack",
         "trackId" : "c_brenneri_PRJNA20035_microarray_oligo_probes",
         "description" : "This track contains Affymetrix GeneChip and Washington University GSC microarray probe sets.",
         "displays" : [
            {
               "type" : "LinearBasicDisplay",
               "renderer" : {
                  "type" : "SvgFeatureRenderer",
                  "color1" : "black",
                  "height" : 4
               },
               "displayId" : "microarray_oligo_probes-c_brenneri_PRJNA20035-LinearBasicDisplay"
            }
         ],
         "name" : "Microarray oligo probes",
         "adapter" : {
            "type" : "NCListAdapter",
            "rootUrlTemplate" : {
               "locationType" : "UriLocation",
               "uri" : "https://s3.amazonaws.com/agrjbrowse/MOD-jbrowses/WormBase/WS287/c_brenneri_PRJNA20035/tracks/Microarray oligo probes/{refseq}/trackData.jsonz"
            }
         },
         "assemblyNames" : [
            "c_brenneri_PRJNA20035"
         ]
      },
      {
         "category" : [
            "Genome Structure",
            "Repeats"
         ],
         "type" : "FeatureTrack",
         "trackId" : "c_brenneri_PRJNA20035_low_complextity_region_(dust)",
         "adapter" : {
            "type" : "NCListAdapter",
            "rootUrlTemplate" : {
               "uri" : "https://s3.amazonaws.com/agrjbrowse/MOD-jbrowses/WormBase/WS287/c_brenneri_PRJNA20035/tracks/Low complextity region (Dust)/{refseq}/trackData.jsonz",
               "locationType" : "UriLocation"
            }
         },
         "assemblyNames" : [
            "c_brenneri_PRJNA20035"
         ],
         "name" : "Low complextity region (Dust)",
         "description" : "Low-complexity regions identified by Dust.",
         "displays" : [
            {
               "displayId" : "low_complextity_region_(dust)-c_brenneri_PRJNA20035-LinearBasicDisplay",
               "renderer" : {
                  "color1" : "bisque",
                  "height" : 4,
                  "type" : "SvgFeatureRenderer",
                  "showLabels" : false,
                  "showDescriptions" : false
               },
               "type" : "LinearBasicDisplay"
            }
         ]
      },
      {
         "type" : "FeatureTrack",
         "category" : [
            "Genome Structure",
            "Assembly & Curation"
         ],
         "trackId" : "c_brenneri_PRJNA20035_contig_submissions",
         "description" : "This track shows the location and coordinates of contigs (mostly cosmids) submitted to GenBank/EMBL.",
         "displays" : [
            {
               "type" : "LinearBasicDisplay",
               "displayId" : "contig_submissions-c_brenneri_PRJNA20035-LinearBasicDisplay",
               "renderer" : {
                  "type" : "SvgFeatureRenderer",
                  "color1" : "sienna",
                  "height" : 7
               }
            }
         ],
         "name" : "Contig submissions",
         "adapter" : {
            "type" : "NCListAdapter",
            "rootUrlTemplate" : {
               "locationType" : "UriLocation",
               "uri" : "https://s3.amazonaws.com/agrjbrowse/MOD-jbrowses/WormBase/WS287/c_brenneri_PRJNA20035/tracks/Contig submissions/{refseq}/trackData.jsonz"
            }
         },
         "assemblyNames" : [
            "c_brenneri_PRJNA20035"
         ]
      },
      {
         "trackId" : "c_brenneri_PRJNA20035_rnaseq_asymmetries",
         "type" : "FeatureTrack",
         "category" : [
            "Expression"
         ],
         "displays" : [
            {
               "renderer" : {
                  "displayMode" : "collapse",
                  "color1" : "jexl:get(feature,'source')=='RNASeq_R_asymmetry'?'red': get(feature,'source')=='RNASeq_F_asymmetry'?'green':'black'",
                  "height" : 24,
                  "showLabels" : false,
                  "type" : "SvgFeatureRenderer"
               },
               "displayId" : "rnaseq_asymmetries-c_brenneri_PRJNA20035-LinearBasicDisplay",
               "type" : "LinearBasicDisplay",
               "mouseover" : "jexl:'Score: '+get(feature,'score')"
            }
         ],
         "description" : "Red boxes indicate regions where there are more than 2 times as many forward sense RNASeq reads aligned to the genome as reverse sense reads. This asymmetrical signal has been found empirically to be a sensitive marker for the ends of transcripts. Green boxes indicate regions where there are more than 2 times as many reverse sense RNASeq reads aligned to the genome as forward sense reads. This asymmetrical signal has been found empirically to be sensitive marker for the ends of transcripts. The height of all boxes indicates the relative score of the feature.",
         "name" : "RNASeq Asymmetries",
         "assemblyNames" : [
            "c_brenneri_PRJNA20035"
         ],
         "adapter" : {
            "type" : "NCListAdapter",
            "rootUrlTemplate" : {
               "uri" : "https://s3.amazonaws.com/agrjbrowse/MOD-jbrowses/WormBase/WS287/c_brenneri_PRJNA20035/tracks/RNASeq Asymmetries/{refseq}/trackData.jsonz",
               "locationType" : "UriLocation"
            }
         }
      },
      {
         "category" : [
            "Sequence Similarity",
            "Proteins"
         ],
         "type" : "FeatureTrack",
         "trackId" : "c_brenneri_PRJNA20035_B_malayi_proteins",
         "name" : "B. malayi proteins",
         "description" : "Matches to WormBase B. malayi proteins, aligned with BLASTX (nucleotide to protein, via six-frame translation).",
         "displays" : [
            {
               "type" : "LinearBasicDisplay",
               "mouseover" : "jexl:get(feature,'clone')",
               "renderer" : {
                  "color1" : "orange",
                  "height" : 4,
                  "showLabels" : false,
                  "type" : "SvgFeatureRenderer"
               },
               "displayId" : "B_malayi_proteins-c_brenneri_PRJNA20035-LinearBasicDisplay"
            }
         ],
         "adapter" : {
            "rootUrlTemplate" : {
               "uri" : "https://s3.amazonaws.com/agrjbrowse/MOD-jbrowses/WormBase/WS287/c_brenneri_PRJNA20035/tracks/B. malayi proteins/{refseq}/trackData.jsonz",
               "locationType" : "UriLocation"
            },
            "type" : "NCListAdapter"
         },
         "assemblyNames" : [
            "c_brenneri_PRJNA20035"
         ]
      },
      {
         "adapter" : {
            "rootUrlTemplate" : {
               "uri" : "https://s3.amazonaws.com/agrjbrowse/MOD-jbrowses/WormBase/WS287/c_brenneri_PRJNA20035/tracks/C. briggsae proteins/{refseq}/trackData.jsonz",
               "locationType" : "UriLocation"
            },
            "type" : "NCListAdapter"
         },
         "assemblyNames" : [
            "c_brenneri_PRJNA20035"
         ],
         "description" : "Matches to WormBase C. briggsae proteins, aligned with BLASTX (nucleotide to protein, via six-frame translation).",
         "displays" : [
            {
               "displayId" : "C_briggsae_proteins-c_brenneri_PRJNA20035-LinearBasicDisplay",
               "renderer" : {
                  "height" : 4,
                  "color1" : "orange",
                  "showLabels" : false,
                  "type" : "SvgFeatureRenderer"
               },
               "type" : "LinearBasicDisplay",
               "mouseover" : "jexl:get(feature,'clone')"
            }
         ],
         "name" : "C. briggsae proteins",
         "type" : "FeatureTrack",
         "category" : [
            "Sequence Similarity",
            "Proteins"
         ],
         "trackId" : "c_brenneri_PRJNA20035_C_briggsae_proteins"
      },
      {
         "trackId" : "c_brenneri_PRJNA20035_H_sapiens_proteins",
         "category" : [
            "Sequence Similarity",
            "Proteins"
         ],
         "type" : "FeatureTrack",
         "displays" : [
            {
               "mouseover" : "jexl:get(feature,'clone')",
               "type" : "LinearBasicDisplay",
               "renderer" : {
                  "height" : 4,
                  "color1" : "orange",
                  "type" : "SvgFeatureRenderer",
                  "showLabels" : false
               },
               "displayId" : "H_sapiens_proteins-c_brenneri_PRJNA20035-LinearBasicDisplay"
            }
         ],
         "description" : "Matches to WormBase H. sapiens proteins, aligned with BLASTX (nucleotide to protein, via six-frame translation).",
         "name" : "H. sapiens proteins",
         "assemblyNames" : [
            "c_brenneri_PRJNA20035"
         ],
         "adapter" : {
            "rootUrlTemplate" : {
               "uri" : "https://s3.amazonaws.com/agrjbrowse/MOD-jbrowses/WormBase/WS287/c_brenneri_PRJNA20035/tracks/H. sapiens proteins/{refseq}/trackData.jsonz",
               "locationType" : "UriLocation"
            },
            "type" : "NCListAdapter"
         }
      },
      {
         "trackId" : "c_brenneri_PRJNA20035_ests",
         "category" : [
            "Genes",
            "Supporting Evidence"
         ],
         "type" : "FeatureTrack",
         "displays" : [
            {
               "type" : "LinearBasicDisplay",
               "renderer" : {
                  "type" : "SvgFeatureRenderer",
                  "color1" : "jexl:parent(feature)=='undefined'?'red':get(parent(feature),'has_mate')==1?'limegreen':get(parent(feature),'has_mate')==2?'green':get(parent(feature),'has_mate')==0?'gold':'black'"
               },
               "displayId" : "ests-c_brenneri_PRJNA20035-LinearBasicDisplay"
            }
         ],
         "description" : "Native (same-species) Expressed Sequence Tags (ESTs), aligned to the genome using <a href='http://genome.cse.ucsc.edu/cgi-bin/hgBlat'>BLAT</a>. This track shows the best unique location for each EST. The paired 5' and 3' ESTs from the same cDNA clone are connected by a dashed line and a colored light green. ESTs with no mate are yellow, and ESTs with a mate that is 'far away' are dark green.",
         "name" : "ESTs",
         "assemblyNames" : [
            "c_brenneri_PRJNA20035"
         ],
         "adapter" : {
            "type" : "NCListAdapter",
            "rootUrlTemplate" : {
               "locationType" : "UriLocation",
               "uri" : "https://s3.amazonaws.com/agrjbrowse/MOD-jbrowses/WormBase/WS287/c_brenneri_PRJNA20035/tracks/ESTs (best)/{refseq}/trackData.jsonz"
            }
         }
      },
      {
         "trackId" : "c_brenneri_PRJNA20035_S_cerevisiae_proteins",
         "category" : [
            "Sequence Similarity",
            "Proteins"
         ],
         "type" : "FeatureTrack",
         "assemblyNames" : [
            "c_brenneri_PRJNA20035"
         ],
         "adapter" : {
            "type" : "NCListAdapter",
            "rootUrlTemplate" : {
               "uri" : "https://s3.amazonaws.com/agrjbrowse/MOD-jbrowses/WormBase/WS287/c_brenneri_PRJNA20035/tracks/S. cerevisiae proteins/{refseq}/trackData.jsonz",
               "locationType" : "UriLocation"
            }
         },
         "name" : "S. cerevisiae proteins",
         "displays" : [
            {
               "renderer" : {
                  "height" : 4,
                  "color1" : "orange",
                  "showLabels" : false,
                  "type" : "SvgFeatureRenderer"
               },
               "displayId" : "S_cerevisiae_proteins-c_brenneri_PRJNA20035-LinearBasicDisplay",
               "type" : "LinearBasicDisplay",
               "mouseover" : "jexl:get(feature,'clone')"
            }
         ],
         "description" : "Matches to WormBase S. cerevisiae proteins, aligned with BLASTX (nucleotide to protein, via six-frame translation)."
      }
   ]
}
