{
   "assemblies" : [
      {
         "displayName" : "C. briggsae",
         "sequence" : {
            "displays" : [
               {
                  "type" : "LinearReferenceSequenceDisplay",
                  "displayId" : "c_briggsae_PRJNA10731-1646426635733-LinearReferenceSequenceDisplay"
               }
            ],
            "type" : "ReferenceSequenceTrack",
            "trackId" : "c_briggsae_PRJNA10731-1646426635733",
            "adapter" : {
               "faiLocation" : {
                  "uri" : "https://s3.amazonaws.com/wormbase-modencode/fasta/current/c_briggsae.PRJNA10731.WS284.genomic.fa.gz.fai",
                  "locationType" : "UriLocation"
               },
               "fastaLocation" : {
                  "uri" : "https://s3.amazonaws.com/wormbase-modencode/fasta/current/c_briggsae.PRJNA10731.WS284.genomic.fa.gz",
                  "locationType" : "UriLocation"
               },
               "type" : "BgzipFastaAdapter",
               "gziLocation" : {
                  "locationType" : "UriLocation",
                  "uri" : "https://s3.amazonaws.com/wormbase-modencode/fasta/current/c_briggsae.PRJNA10731.WS284.genomic.fa.gz.gzi"
               }
            }
         },
         "name" : "c_briggsae_PRJNA10731"
      }
   ],
   "tracks" : [
      {
         "type" : "FeatureTrack",
         "name" : "Classical Alleles",
         "category" : [
            "Alleles, Variations, RNAi"
         ],
         "description" : "This track shows classical alleles comprised of insertions, deletions, substitutions and complex changes. These alleles were typically generated during forward genetic screens. Boxes represent deletions or substitutions; and white triangles represent insertions. Color signifies the severity of impact predicted by Ensembl's Variant Effect Predictor. 'HIGH' impacts are red, 'MEDIUM' are yellow, 'LOW' are cyan (light blue), and 'MODIFIER' are purple. This is the same color scheme as is used at the Alliance of Genome Resources.",
         "formatDetails" : {
            "feature" : "jexl:{ JBrowse1: '<a href=\"/tools/genome/jbrowse-simple/?data=data/c_briggsae_PRJNA10731' + '&loc=' +feature.refName+':'+feature.start+'..'+feature.end+ '\">'+feature.name+'</a>'}"
         },
         "displays" : [
            {
               "displayId" : "classical_alleles-c_briggsae_PRJNA10731-LinearBasicDisplay",
               "type" : "LinearBasicDisplay",
               "renderer" : {
                  "type" : "SvgFeatureRenderer",
                  "outline" : "jexl:get(feature,'vep_impact')=='HIGH'?'red':get(feature,'vep_impact')=='MODIFIER'?'purple':get(feature,'vep_impact')=='MODERATE'?'gold':get(feature,'vep_impact')=='LOW'?'cyan':'black'",
                  "color1" : "jexl:get(feature,'vep_impact')=='HIGH'?'red':get(feature,'vep_impact')=='MODIFIER'?'purple':get(feature,'vep_impact')=='MODERATE'?'gold':get(feature,'vep_impact')=='LOW'?'cyan':'white'",
                  "showDescriptions" : false,
                  "showLabels" : false
               }
            }
         ],
         "assemblyNames" : [
            "c_briggsae_PRJNA10731"
         ],
         "trackId" : "c_briggsae_PRJNA10731_classical_alleles",
         "adapter" : {
            "type" : "NCListAdapter",
            "rootUrlTemplate" : {
               "locationType" : "UriLocation",
               "uri" : "https://s3.amazonaws.com/agrjbrowse/MOD-jbrowses/WormBase/WS287/c_briggsae_PRJNA10731/tracks/Classical_alleles/{refseq}/trackData.jsonz"
            }
         }
      },
      {
         "category" : [
            "Genes",
            "Curated Genes"
         ],
         "type" : "FeatureTrack",
         "name" : "Transposons",
         "assemblyNames" : [
            "c_briggsae_PRJNA10731"
         ],
         "displays" : [
            {
               "displayId" : "transposons-c_briggsae_PRJNA10731-LinearBasicDisplay",
               "type" : "LinearBasicDisplay",
               "renderer" : {
                  "type" : "SvgFeatureRenderer",
                  "color1" : "gray"
               }
            }
         ],
         "description" : "These are transposon spans reviewed by WormBase curators.",
         "formatDetails" : {
            "feature" : "jexl:{ JBrowse1: '<a href=\"/tools/genome/jbrowse-simple/?data=data/c_briggsae_PRJNA10731' + '&loc=' +feature.refName+':'+feature.start+'..'+feature.end+ '\">'+feature.name+'</a>'}"
         },
         "adapter" : {
            "rootUrlTemplate" : {
               "locationType" : "UriLocation",
               "uri" : "https://s3.amazonaws.com/agrjbrowse/MOD-jbrowses/WormBase/WS287/c_briggsae_PRJNA10731/tracks/Transposons/{refseq}/trackData.jsonz"
            },
            "type" : "NCListAdapter"
         },
         "trackId" : "c_briggsae_PRJNA10731_transposons"
      },
      {
         "type" : "FeatureTrack",
         "name" : "Curated Genes (pseudogenes)",
         "category" : [
            "Genes",
            "Curated Genes"
         ],
         "description" : "A subset of the full Curated Genes set limited to pseudogenes only. Pseudogenes of tRNA are lighter gray and pseudogenes of rRNA are darker gray than pseudogenes of protein coding genes.",
         "formatDetails" : {
            "feature" : "jexl:{ JBrowse1: '<a href=\"/tools/genome/jbrowse-simple/?data=data/c_briggsae_PRJNA10731' + '&loc=' +feature.refName+':'+feature.start+'..'+feature.end+ '\">'+feature.name+'</a>'}"
         },
         "displays" : [
            {
               "type" : "LinearBasicDisplay",
               "renderer" : {
                  "color1" : "gray",
                  "height" : 6,
                  "type" : "SvgFeatureRenderer"
               },
               "displayId" : "curated_genes_(pseudogenes)-c_briggsae_PRJNA10731-LinearBasicDisplay"
            }
         ],
         "assemblyNames" : [
            "c_briggsae_PRJNA10731"
         ],
         "trackId" : "c_briggsae_PRJNA10731_curated_genes_pseudogenes",
         "adapter" : {
            "rootUrlTemplate" : {
               "locationType" : "UriLocation",
               "uri" : "https://s3.amazonaws.com/agrjbrowse/MOD-jbrowses/WormBase/WS287/c_briggsae_PRJNA10731/tracks/Curated Genes (pseudogenes)/{refseq}/trackData.jsonz"
            },
            "type" : "NCListAdapter"
         }
      },
      {
         "name" : "Curated Genes",
         "type" : "FeatureTrack",
         "category" : [
            "Genes",
            "Curated Genes"
         ],
         "trackId" : "c_briggsae_PRJNA10731_curated_genes",
         "adapter" : {
            "rootUrlTemplate" : {
               "locationType" : "UriLocation",
               "uri" : "https://s3.amazonaws.com/agrjbrowse/MOD-jbrowses/WormBase/WS287/c_briggsae_PRJNA10731/tracks/Curated_Genes/{refseq}/trackData.jsonz"
            },
            "type" : "NCListAdapter"
         },
         "description" : "Protein-coding gene structures result from the integration of a variety of prediction methods and data sources followed by manual review and revison by WormBase curators. tRNAs are predicted by tRNAscan, and other non-coding RNA transcripts are taken from a variety of literature sources. The purple and blue colors indicate transcripts on the forward and reverse strands respectively. Dark purple areas represent 5' and 3' UTRs of protein-coding transcripts, assigned automatically using the extents of overlapping ESTs and full-length cDNAs. The UTR predictions have not been reviewed by WormBase curators, and some are known to contain artifacts. Grey transcripts represent either non-coding transcripts of protein coding genes or transcripts of non-coding genes.",
         "formatDetails" : {
            "feature" : "jexl:{ JBrowse1: '<a href=\"/tools/genome/jbrowse-simple/?data=data/c_briggsae_PRJNA10731' + '&loc=' +feature.refName+':'+feature.start+'..'+feature.end+ '\">'+feature.name+'</a>'}"
         },
         "displays" : [
            {
               "displayId" : "curated_genes-c_briggsae_PRJNA10731-LinearBasicDisplay",
               "type" : "LinearBasicDisplay",
               "renderer" : {
                  "type" : "SvgFeatureRenderer",
                  "color1" : "jexl:get(feature,'type')!='CDS'?'gray':get(feature,'strand')>0?'violet':'turquoise'",
                  "color3" : "#965567",
                  "labels" : {
                     "name" : "jexl:get(feature,'locus') || get(feature,'sequence_name')"
                  }
               }
            }
         ],
         "assemblyNames" : [
            "c_briggsae_PRJNA10731"
         ]
      },
      {
         "category" : [
            "Genes",
            "Curated Genes"
         ],
         "name" : "Curated Genes (noncoding)",
         "type" : "FeatureTrack",
         "displays" : [
            {
               "displayId" : "curated_genes_(noncoding)-c_briggsae_PRJNA10731-LinearBasicDisplay",
               "renderer" : {
                  "height" : 6,
                  "type" : "SvgFeatureRenderer",
                  "color1" : "gray"
               },
               "type" : "LinearBasicDisplay"
            }
         ],
         "assemblyNames" : [
            "c_briggsae_PRJNA10731"
         ],
         "description" : "Non-coding curated gene models, including ncRNA, tRNA, miRNA, snRNA, snoRNA, piRNA, lincRNA and antisense RNA.",
         "formatDetails" : {
            "feature" : "jexl:{ JBrowse1: '<a href=\"/tools/genome/jbrowse-simple/?data=data/c_briggsae_PRJNA10731' + '&loc=' +feature.refName+':'+feature.start+'..'+feature.end+ '\">'+feature.name+'</a>'}"
         },
         "adapter" : {
            "type" : "NCListAdapter",
            "rootUrlTemplate" : {
               "uri" : "https://s3.amazonaws.com/agrjbrowse/MOD-jbrowses/WormBase/WS287/c_briggsae_PRJNA10731/tracks/Curated Genes (noncoding)/{refseq}/trackData.jsonz",
               "locationType" : "UriLocation"
            }
         },
         "trackId" : "c_briggsae_PRJNA10731_curated_genes_noncoding"
      },
      {
         "category" : [
            "Genome Structure",
            "Assembly & Curation"
         ],
         "name" : "Genome sequence errors",
         "type" : "FeatureTrack",
         "adapter" : {
            "rootUrlTemplate" : {
               "uri" : "https://s3.amazonaws.com/agrjbrowse/MOD-jbrowses/WormBase/WS287/c_briggsae_PRJNA10731/tracks/Genome sequence errors/{refseq}/trackData.jsonz",
               "locationType" : "UriLocation"
            },
            "type" : "NCListAdapter"
         },
         "trackId" : "c_briggsae_PRJNA10731_genome_sequence_errors",
         "displays" : [
            {
               "displayId" : "genome_sequence_errors-c_briggsae_PRJNA10731-LinearBasicDisplay",
               "type" : "LinearBasicDisplay",
               "renderer" : {
                  "type" : "SvgFeatureRenderer",
                  "height" : 6,
                  "color1" : "red"
               }
            }
         ],
         "assemblyNames" : [
            "c_briggsae_PRJNA10731"
         ],
         "description" : "Positions within the reference genome sequence that have been identified as having a base call error. This error has not yet been corrected.",
         "formatDetails" : {
            "feature" : "jexl:{ JBrowse1: '<a href=\"/tools/genome/jbrowse-simple/?data=data/c_briggsae_PRJNA10731' + '&loc=' +feature.refName+':'+feature.start+'..'+feature.end+ '\">'+feature.refName+':'+feature.start+'..'+feature.end+'</a>'}"
         }
      },
      {
         "category" : [
            "Genes",
            "Curated Genes"
         ],
         "name" : "Transposon Genes",
         "type" : "FeatureTrack",
         "displays" : [
            {
               "type" : "LinearBasicDisplay",
               "renderer" : {
                  "type" : "SvgFeatureRenderer",
                  "height" : 6,
                  "color1" : "gray",
                  "labels" : {
                     "description" : "jexl:get(feature,'type')=='pseudogenic_transcript'?'transposon pseudogene':'transposon mRNA'"
                  }
               },
               "displayId" : "transposon_genes-c_briggsae_PRJNA10731-LinearBasicDisplay"
            }
         ],
         "assemblyNames" : [
            "c_briggsae_PRJNA10731"
         ],
         "formatDetails" : {
            "feature" : "jexl:{ JBrowse1: '<a href=\"/tools/genome/jbrowse-simple/?data=data/c_briggsae_PRJNA10731' + '&loc=' +feature.refName+':'+feature.start+'..'+feature.end+ '\">'+feature.name+'</a>'}"
         },
         "description" : "These are transposon spans reviewed by WormBase curators.",
         "adapter" : {
            "type" : "NCListAdapter",
            "rootUrlTemplate" : {
               "uri" : "https://s3.amazonaws.com/agrjbrowse/MOD-jbrowses/WormBase/WS287/c_briggsae_PRJNA10731/tracks/Transposon Genes/{refseq}/trackData.jsonz",
               "locationType" : "UriLocation"
            }
         },
         "trackId" : "c_briggsae_PRJNA10731_transposon_genes"
      },
      {
         "formatDetails" : {
            "feature" : "jexl:{ JBrowse1: '<a href=\"/tools/genome/jbrowse-simple/?data=data/c_briggsae_PRJNA10731' + '&loc=' +feature.refName+':'+feature.start+'..'+feature.end+ '\">'+feature.refName+':'+feature.start+'..'+feature.end+'</a>'}"
         },
         "description" : "This track shows the extent of predicted protein motifs. Note these spans correspond to amino acid coordinates interpolated onto the physical map.  Included are signal peptide (signalp), coiled coil (ncoils) and transmembrane (tmhmm) domains, regions of low complexity (seg), and Pfam annotated motif homologies.",
         "assemblyNames" : [
            "c_briggsae_PRJNA10731"
         ],
         "displays" : [
            {
               "displayId" : "protein_motifs-c_briggsae_PRJNA10731-LinearBasicDisplay",
               "type" : "LinearBasicDisplay",
               "renderer" : {
                  "color1" : "jexl:parent(feature)=='undefined'?'purple':get(parent(feature),'predictiontype')=='tmhmm'?'magenta':get(parent(feature),'predictiontype')=='seg'?'lightseagreen':get(parent(feature),'predictiontype')=='signalp'?'aquamarine':get(parent(feature),'predictiontype')=='ncoils'?'chartreuse':\nget(parent(feature),'predictiontype')=='pfam'?'lightsalmon':'purple'",
                  "height" : 7,
                  "type" : "SvgFeatureRenderer"
               }
            }
         ],
         "trackId" : "c_briggsae_PRJNA10731_protein_motifs",
         "adapter" : {
            "rootUrlTemplate" : {
               "uri" : "https://s3.amazonaws.com/agrjbrowse/MOD-jbrowses/WormBase/WS287/c_briggsae_PRJNA10731/tracks/Protein motifs/{refseq}/trackData.jsonz",
               "locationType" : "UriLocation"
            },
            "type" : "NCListAdapter"
         },
         "type" : "FeatureTrack",
         "name" : "Protein motifs",
         "category" : [
            "Sequence Features",
            "Translated Features"
         ]
      },
      {
         "category" : [
            "Genes",
            "Supporting Evidence"
         ],
         "type" : "FeatureTrack",
         "name" : "mRNAs/ncRNAs (best)",
         "displays" : [
            {
               "renderer" : {
                  "height" : 6,
                  "outline" : "black",
                  "type" : "SvgFeatureRenderer",
                  "color1" : "jexl:startsWith(get(feature,'source'),'BLAT_mRNA_')==true?'yellow':'gray'"
               },
               "type" : "LinearBasicDisplay",
               "displayId" : "mrnas/ncrnas_(best)-c_briggsae_PRJNA10731-LinearBasicDisplay"
            }
         ],
         "assemblyNames" : [
            "c_briggsae_PRJNA10731"
         ],
         "description" : "Native (same species) full length cDNAs and ncRNAs aligned to the genome using BLAT. This track shows the best unique location for each cDNA.",
         "formatDetails" : {
            "feature" : "jexl:{ JBrowse1: '<a href=\"/tools/genome/jbrowse-simple/?data=data/c_briggsae_PRJNA10731' + '&loc=' +feature.refName+':'+feature.start+'..'+feature.end+ '\">'+feature.name+'</a>'}"
         },
         "adapter" : {
            "type" : "NCListAdapter",
            "rootUrlTemplate" : {
               "uri" : "https://s3.amazonaws.com/agrjbrowse/MOD-jbrowses/WormBase/WS287/c_briggsae_PRJNA10731/tracks/mRNAs_ncRNAs (best)/{refseq}/trackData.jsonz",
               "locationType" : "UriLocation"
            }
         },
         "trackId" : "c_briggsae_PRJNA10731_mrnas/ncrnas_(best)"
      },
      {
         "description" : "Dicistronic mRNA operons - manually observed by curators",
         "formatDetails" : {
            "feature" : "jexl:{ JBrowse1: '<a href=\"/tools/genome/jbrowse-simple/?data=data/c_briggsae_PRJNA10731' + '&loc=' +feature.refName+':'+feature.start+'..'+feature.end+ '\">'+feature.refName+':'+feature.start+'..'+feature.end+'</a>'}"
         },
         "displays" : [
            {
               "displayId" : "dicistronic_mrnas-c_briggsae_PRJNA10731-LinearBasicDisplay",
               "renderer" : {
                  "color1" : "darkgreen",
                  "type" : "SvgFeatureRenderer"
               },
               "type" : "LinearBasicDisplay"
            }
         ],
         "assemblyNames" : [
            "c_briggsae_PRJNA10731"
         ],
         "trackId" : "c_briggsae_PRJNA10731_dicistronic_mrnas",
         "adapter" : {
            "rootUrlTemplate" : {
               "uri" : "https://s3.amazonaws.com/agrjbrowse/MOD-jbrowses/WormBase/WS287/c_briggsae_PRJNA10731/tracks/Dicistronic mRNAs/{refseq}/trackData.jsonz",
               "locationType" : "UriLocation"
            },
            "type" : "NCListAdapter"
         },
         "type" : "FeatureTrack",
         "name" : "Dicistronic mRNAs",
         "category" : [
            "Genes",
            "Curated Genes"
         ]
      },
      {
         "name" : "Gene Models (historical)",
         "type" : "FeatureTrack",
         "category" : [
            "Genes",
            "Curated Genes"
         ],
         "trackId" : "c_briggsae_PRJNA10731_gene_models_(historical)",
         "adapter" : {
            "rootUrlTemplate" : {
               "uri" : "https://s3.amazonaws.com/agrjbrowse/MOD-jbrowses/WormBase/WS287/c_briggsae_PRJNA10731/tracks/Gene Models (historical)/{refseq}/trackData.jsonz",
               "locationType" : "UriLocation"
            },
            "type" : "NCListAdapter"
         },
         "description" : "Historical gene predictions.",
         "formatDetails" : {
            "feature" : "jexl:{ JBrowse1: '<a href=\"/tools/genome/jbrowse-simple/?data=data/c_briggsae_PRJNA10731' + '&loc=' +feature.refName+':'+feature.start+'..'+feature.end+ '\">'+feature.name+'</a>'}"
         },
         "displays" : [
            {
               "displayId" : "gene_models_(historical)-c_briggsae_PRJNA10731-LinearBasicDisplay",
               "type" : "LinearBasicDisplay",
               "renderer" : {
                  "type" : "SvgFeatureRenderer",
                  "color1" : "jexl:get(feature,'strand')>0?'violet':'turquoise'",
                  "labels" : {
                     "description" : "jexl:get(feature,'type')"
                  }
               }
            }
         ],
         "assemblyNames" : [
            "c_briggsae_PRJNA10731"
         ]
      },
      {
         "assemblyNames" : [
            "c_briggsae_PRJNA10731"
         ],
         "displays" : [
            {
               "type" : "LinearBasicDisplay",
               "renderer" : {
                  "color3" : "#965567",
                  "color1" : "jexl:get(feature,'strand')>0?'violet':'turquoise'",
                  "type" : "SvgFeatureRenderer"
               },
               "displayId" : "curated_genes_(protein_coding)-c_briggsae_PRJNA10731-LinearBasicDisplay"
            }
         ],
         "description" : "A subset of the full Curated Genes set limited to protein-coding genes only. Only the CDS is represented. Full models (with UTRs) can be seen on the 'Curated Genes' track.",
         "formatDetails" : {
            "feature" : "jexl:{ JBrowse1: '<a href=\"/tools/genome/jbrowse-simple/?data=data/c_briggsae_PRJNA10731' + '&loc=' +feature.refName+':'+feature.start+'..'+feature.end+ '\">'+feature.name+'</a>'}"
         },
         "adapter" : {
            "type" : "NCListAdapter",
            "rootUrlTemplate" : {
               "locationType" : "UriLocation",
               "uri" : "https://s3.amazonaws.com/agrjbrowse/MOD-jbrowses/WormBase/WS287/c_briggsae_PRJNA10731/tracks/Curated Genes (protein coding)/{refseq}/trackData.jsonz"
            }
         },
         "trackId" : "c_briggsae_PRJNA10731_curated_genes_protein_coding",
         "category" : [
            "Genes",
            "Curated Genes"
         ],
         "type" : "FeatureTrack",
         "name" : "Curated Genes (protein coding)"
      },
      {
         "assemblyNames" : [
            "c_briggsae_PRJNA10731"
         ],
         "displays" : [
            {
               "displayId" : "polymorphisms-c_briggsae_PRJNA10731-LinearBasicDisplay",
               "type" : "LinearBasicDisplay",
               "renderer" : {
                  "outline" : "jexl:get(feature,'strain')=='CB4858'||get(feature,'strain')=='AF16'?'blue':get(feature,'strain')=='CB4856'||get(feature,'strain')=='HK104'?'yellow':'black'",
                  "type" : "SvgFeatureRenderer",
                  "color1" : "jexl:get(feature,'strain')=='CB4858'||get(feature,'strain')=='AF16'?'blue':get(feature,'strain')=='CB4856'||get(feature,'strain')=='HK104'?'yellow':'white'"
               },
               "mouseover" : "jexl:get(feature,'type')+': '+get(feature,'strain')"
            }
         ],
         "formatDetails" : {
            "feature" : "jexl:{ JBrowse1: '<a href=\"/tools/genome/jbrowse-simple/?data=data/c_briggsae_PRJNA10731' + '&loc=' +feature.refName+':'+feature.start+'..'+feature.end+ '\">'+feature.name+'</a>'}"
         },
         "description" : "This track shows single nucleotide polymorphisms (SNPs). In this track, the molecular nature of the polymorphism is indicated by its glyph: Boxes are deletions; triangles are insertions; point mutations and substitutions are diamonds. Color reflects the source strain: polymorphisms found in CB4858 (Pasadena) are shown in blue; those found in CB4856 (Hawaii) in yellow, and all others in white.",
         "adapter" : {
            "rootUrlTemplate" : {
               "uri" : "https://s3.amazonaws.com/agrjbrowse/MOD-jbrowses/WormBase/WS287/c_briggsae_PRJNA10731/tracks/Polymorphisms/{refseq}/trackData.jsonz",
               "locationType" : "UriLocation"
            },
            "type" : "NCListAdapter"
         },
         "trackId" : "c_briggsae_PRJNA10731_polymorphisms",
         "category" : [
            "Alleles, Variations, RNAi"
         ],
         "name" : "Polymorphisms",
         "type" : "FeatureTrack"
      },
      {
         "assemblyNames" : [
            "c_briggsae_PRJNA10731"
         ],
         "displays" : [
            {
               "type" : "LinearBasicDisplay",
               "renderer" : {
                  "height" : 7,
                  "type" : "SvgFeatureRenderer"
               },
               "displayId" : "genblastg_cds_predictions-c_briggsae_PRJNA10731-LinearBasicDisplay"
            }
         ],
         "description" : "Data from 'genBlastG: using BLAST searches to build homologous gene models' (WBPaper00040677).",
         "formatDetails" : {
            "feature" : "jexl:{ JBrowse1: '<a href=\"/tools/genome/jbrowse-simple/?data=data/c_briggsae_PRJNA10731' + '&loc=' +feature.refName+':'+feature.start+'..'+feature.end+ '\">'+feature.refName+':'+feature.start+'..'+feature.end+'</a>'}"
         },
         "adapter" : {
            "type" : "NCListAdapter",
            "rootUrlTemplate" : {
               "locationType" : "UriLocation",
               "uri" : "https://s3.amazonaws.com/agrjbrowse/MOD-jbrowses/WormBase/WS287/c_briggsae_PRJNA10731/tracks/genBlastG CDS predictions/{refseq}/trackData.jsonz"
            }
         },
         "trackId" : "c_briggsae_PRJNA10731_genblastg_cds_predictions",
         "category" : [
            "Genes",
            "Ab-initio predictions"
         ],
         "name" : "genBlastG CDS predictions",
         "type" : "FeatureTrack"
      },
      {
         "name" : "Trans-spliced acceptor",
         "type" : "FeatureTrack",
         "category" : [
            "Sequence Features",
            "Signals & Motifs"
         ],
         "formatDetails" : {
            "feature" : "jexl:{ JBrowse1: '<a href=\"/tools/genome/jbrowse-simple/?data=data/c_briggsae_PRJNA10731' + '&loc=' +feature.refName+':'+feature.start+'..'+feature.end+ '\">'+feature.refName+':'+feature.start+'..'+feature.end+'</a>'}"
         },
         "description" : "This track contains SL1 and SL2 trans-spliced acceptors from a variety of sources: SL1 and SL2 trans-spliced acceptors published by Blumenthal et al, Nature (2002), Trans-Spliced Exon Coupled RNA End Determination (TEC-RED) Hwang et al, PNAS (2004), EST/mRNA sequence data, RNASeq read data from ENA. SL1 acceptors are show in red, SL2 in green. Direction of transcription is indicated by arrow direction.",
         "displays" : [
            {
               "renderer" : {
                  "labels" : {
                     "description" : "jexl:get(feature,'source') || get(feature,'description')"
                  },
                  "color1" : "jexl:get(feature,'source')=='SL1'?'red':get(feature,'source')=='SL2'?'green':'black'",
                  "type" : "SvgFeatureRenderer"
               },
               "type" : "LinearBasicDisplay",
               "displayId" : "trans-spliced_acceptor-c_briggsae_PRJNA10731-LinearBasicDisplay"
            }
         ],
         "assemblyNames" : [
            "c_briggsae_PRJNA10731"
         ],
         "trackId" : "c_briggsae_PRJNA10731_trans-spliced_acceptor",
         "adapter" : {
            "type" : "NCListAdapter",
            "rootUrlTemplate" : {
               "uri" : "https://s3.amazonaws.com/agrjbrowse/MOD-jbrowses/WormBase/WS287/c_briggsae_PRJNA10731/tracks/Trans-spliced acceptor/{refseq}/trackData.jsonz",
               "locationType" : "UriLocation"
            }
         }
      },
      {
         "category" : [
            "Reagents"
         ],
         "name" : "YACs, Fosmids, & Cosmids",
         "type" : "FeatureTrack",
         "adapter" : {
            "rootUrlTemplate" : {
               "uri" : "https://s3.amazonaws.com/agrjbrowse/MOD-jbrowses/WormBase/WS287/c_briggsae_PRJNA10731/tracks/YACs, Fosmids, & Cosmids/{refseq}/trackData.jsonz",
               "locationType" : "UriLocation"
            },
            "type" : "NCListAdapter"
         },
         "trackId" : "c_briggsae_PRJNA10731_yacs_fosmids_cosmids",
         "displays" : [
            {
               "displayId" : "yacs,_fosmids,_&_cosmids-c_briggsae_PRJNA10731-LinearBasicDisplay",
               "renderer" : {
                  "color1" : "black",
                  "type" : "SvgFeatureRenderer",
                  "height" : 3
               },
               "type" : "LinearBasicDisplay"
            }
         ],
         "assemblyNames" : [
            "c_briggsae_PRJNA10731"
         ],
         "formatDetails" : {
            "feature" : "jexl:{ JBrowse1: '<a href=\"/tools/genome/jbrowse-simple/?data=data/c_briggsae_PRJNA10731' + '&loc=' +feature.refName+':'+feature.start+'..'+feature.end+ '\">'+feature.refName+':'+feature.start+'..'+feature.end+'</a>'}"
         },
         "description" : "This track shows the locations of the cosmids, fosmids, and YACs used for the physical mapping and sequencing of the C. elegans genome.  The clone termini do not necessarily correspond to the termini of submitted GenBank/EMBL entries. In some cases the exact termini of the clones is not known.  For example, YACs were sequenced using PCR amplification across gaps in the cosmid maps.  When a clone end is not known, it is shown as an arrow extending to the end of the display.  Such data is to be treated with caution.  The Vancouver fosmids can be ordered directly from <a href='http://www.geneservice.co.uk/products/clones/Celegans_Fos.jsp'>GeneService</a>."
      },
      {
         "trackId" : "c_briggsae_PRJNA10731_polya_sites_and_signal_sequences",
         "adapter" : {
            "rootUrlTemplate" : {
               "locationType" : "UriLocation",
               "uri" : "https://s3.amazonaws.com/agrjbrowse/MOD-jbrowses/WormBase/WS287/c_briggsae_PRJNA10731/tracks/PolyA sites and signal sequences/{refseq}/trackData.jsonz"
            },
            "type" : "NCListAdapter"
         },
         "description" : "High-confidence polyadenylation signal sequences and sites calculated by an algorithm trained with verified sites from full-length mRNAs. Signals are indicated with a diamond; sites with a triangle.",
         "formatDetails" : {
            "feature" : "jexl:{ JBrowse1: '<a href=\"/tools/genome/jbrowse-simple/?data=data/c_briggsae_PRJNA10731' + '&loc=' +feature.refName+':'+feature.start+'..'+feature.end+ '\">'+feature.refName+':'+feature.start+'..'+feature.end+'</a>'}"
         },
         "assemblyNames" : [
            "c_briggsae_PRJNA10731"
         ],
         "displays" : [
            {
               "displayId" : "polya_sites_and_signal_sequences-c_briggsae_PRJNA10731-LinearBasicDisplay",
               "renderer" : {
                  "color1" : "purple",
                  "type" : "SvgFeatureRenderer",
                  "labels" : {
                     "description" : "jexl:get(feature,'type') || get(feature,'description')"
                  }
               },
               "type" : "LinearBasicDisplay"
            }
         ],
         "name" : "PolyA sites and signal sequences",
         "type" : "FeatureTrack",
         "category" : [
            "Sequence Features",
            "Signals & Motifs"
         ]
      },
      {
         "description" : "This track shows single nucleotide polymorphisms (SNPs) that may generate a change of function. In this track, the molecular nature of the polymorphism is indicated by its glyph: Boxes are deletions or substitutions; triangles are insertions; point mutations are diamonds. Color signifies the severity of impact predicted by Ensembl's Variant Effect Predictor. 'HIGH' impacts are red, 'MEDIUM' are yellow, 'LOW' are cyan (light blue), and 'MODIFIER' are purple. This is the same color scheme as is used at the Alliance of Genome Resources.",
         "formatDetails" : {
            "feature" : "jexl:{ JBrowse1: '<a href=\"/tools/genome/jbrowse-simple/?data=data/c_briggsae_PRJNA10731' + '&loc=' +feature.refName+':'+feature.start+'..'+feature.end+ '\">'+feature.name+'</a>'}"
         },
         "assemblyNames" : [
            "c_briggsae_PRJNA10731"
         ],
         "displays" : [
            {
               "mouseover" : "jexl:get(feature,'name')+', '+get(feature,'consequence')",
               "type" : "LinearBasicDisplay",
               "renderer" : {
                  "outline" : "jexl:get(feature,'vep_impact')=='HIGH'?'red':get(feature,'vep_impact')=='MODIFIER'?'purple':get(feature,'vep_impact')=='MODERATE'?'gold':get(feature,'vep_impact')=='LOW'?'cyan':'black'",
                  "type" : "SvgFeatureRenderer",
                  "color1" : "jexl:get(feature,'vep_impact')=='HIGH'?'red':get(feature,'vep_impact')=='MODIFIER'?'purple':get(feature,'vep_impact')=='MODERATE'?'gold':get(feature,'vep_impact')=='LOW'?'cyan':'white'"
               },
               "displayId" : "change_of_function_polymorphisms-c_briggsae_PRJNA10731-LinearBasicDisplay"
            }
         ],
         "trackId" : "c_briggsae_PRJNA10731-change_of_function_polymorphisms",
         "adapter" : {
            "type" : "NCListAdapter",
            "rootUrlTemplate" : {
               "locationType" : "UriLocation",
               "uri" : "https://s3.amazonaws.com/agrjbrowse/MOD-jbrowses/WormBase/WS287/c_briggsae_PRJNA10731/tracks/Change-of-function polymorphisms/{refseq}/trackData.jsonz"
            }
         },
         "name" : "Change of function polymorphisms",
         "type" : "FeatureTrack",
         "category" : [
            "Alleles, Variations, RNAi"
         ]
      },
      {
         "type" : "FeatureTrack",
         "name" : "RNASeq Asymmetries",
         "category" : [
            "Expression"
         ],
         "trackId" : "c_briggsae_PRJNA10731_rnaseq_asymmetries",
         "adapter" : {
            "rootUrlTemplate" : {
               "uri" : "https://s3.amazonaws.com/agrjbrowse/MOD-jbrowses/WormBase/WS287/c_briggsae_PRJNA10731/tracks/RNASeq Asymmetries/{refseq}/trackData.jsonz",
               "locationType" : "UriLocation"
            },
            "type" : "NCListAdapter"
         },
         "description" : "Red boxes indicate regions where there are more than 2 times as many forward sense RNASeq reads aligned to the genome as reverse sense reads. This asymmetrical signal has been found empirically to be a sensitive marker for the ends of transcripts. Green boxes indicate regions where there are more than 2 times as many reverse sense RNASeq reads aligned to the genome as forward sense reads. This asymmetrical signal has been found empirically to be sensitive marker for the ends of transcripts. The height of all boxes indicates the relative score of the feature.",
         "assemblyNames" : [
            "c_briggsae_PRJNA10731"
         ],
         "displays" : [
            {
               "mouseover" : "jexl:'Score: '+get(feature,'score')",
               "renderer" : {
                  "color1" : "jexl:get(feature,'source')=='RNASeq_R_asymmetry'?'red': get(feature,'source')=='RNASeq_F_asymmetry'?'green':'black'",
                  "type" : "SvgFeatureRenderer",
                  "height" : 24,
                  "showLabels" : false,
                  "displayMode" : "collapse"
               },
               "type" : "LinearBasicDisplay",
               "displayId" : "rnaseq_asymmetries-c_briggsae_PRJNA10731-LinearBasicDisplay"
            }
         ]
      },
      {
         "category" : [
            "Sequence Similarity",
            "Proteins"
         ],
         "type" : "FeatureTrack",
         "name" : "C. japonica proteins",
         "adapter" : {
            "rootUrlTemplate" : {
               "uri" : "https://s3.amazonaws.com/agrjbrowse/MOD-jbrowses/WormBase/WS287/c_briggsae_PRJNA10731/tracks/C. japonica proteins/{refseq}/trackData.jsonz",
               "locationType" : "UriLocation"
            },
            "type" : "NCListAdapter"
         },
         "trackId" : "c_briggsae_PRJNA10731_C_japonica_proteins",
         "displays" : [
            {
               "mouseover" : "jexl:get(feature,'clone')",
               "renderer" : {
                  "type" : "SvgFeatureRenderer",
                  "height" : 4,
                  "color1" : "orange",
                  "showLabels" : false
               },
               "type" : "LinearBasicDisplay",
               "displayId" : "C_japonica_proteins-c_briggsae_PRJNA10731-LinearBasicDisplay"
            }
         ],
         "assemblyNames" : [
            "c_briggsae_PRJNA10731"
         ],
         "description" : "Matches to WormBase C. japonica proteins, aligned with BLASTX (nucleotide to protein, via six-frame translation)."
      },
      {
         "trackId" : "c_briggsae_PRJNA10731_tec-red_tags",
         "adapter" : {
            "rootUrlTemplate" : {
               "uri" : "https://s3.amazonaws.com/agrjbrowse/MOD-jbrowses/WormBase/WS287/c_briggsae_PRJNA10731/tracks/TEC-RED tags/{refseq}/trackData.jsonz",
               "locationType" : "UriLocation"
            },
            "type" : "NCListAdapter"
         },
         "description" : "Trans-spliced Exon Coupled RNA End Determination (TEC-RED) tags. TEC-RED uses a method similar to SAGE to identify expressed genes and characterize the 5' end of transcripts.",
         "formatDetails" : {
            "feature" : "jexl:{ JBrowse1: '<a href=\"/tools/genome/jbrowse-simple/?data=data/c_briggsae_PRJNA10731' + '&loc=' +feature.refName+':'+feature.start+'..'+feature.end+ '\">'+feature.refName+':'+feature.start+'..'+feature.end+'</a>'}"
         },
         "displays" : [
            {
               "displayId" : "tec-red_tags-c_briggsae_PRJNA10731-LinearBasicDisplay",
               "type" : "LinearBasicDisplay",
               "renderer" : {
                  "height" : 5,
                  "type" : "SvgFeatureRenderer",
                  "color1" : "red"
               }
            }
         ],
         "assemblyNames" : [
            "c_briggsae_PRJNA10731"
         ],
         "type" : "FeatureTrack",
         "name" : "TEC-RED tags",
         "category" : [
            "Genes",
            "Supporting Evidence"
         ]
      },
      {
         "displays" : [
            {
               "mouseover" : "jexl:get(feature,'clone')",
               "renderer" : {
                  "color1" : "orange",
                  "type" : "SvgFeatureRenderer",
                  "height" : 4,
                  "showLabels" : false
               },
               "type" : "LinearBasicDisplay",
               "displayId" : "S_ratti_proteins-c_briggsae_PRJNA10731-LinearBasicDisplay"
            }
         ],
         "assemblyNames" : [
            "c_briggsae_PRJNA10731"
         ],
         "description" : "Matches to WormBase S. ratti proteins, aligned with BLASTX (nucleotide to protein, via six-frame translation).",
         "adapter" : {
            "rootUrlTemplate" : {
               "locationType" : "UriLocation",
               "uri" : "https://s3.amazonaws.com/agrjbrowse/MOD-jbrowses/WormBase/WS287/c_briggsae_PRJNA10731/tracks/S. ratti proteins/{refseq}/trackData.jsonz"
            },
            "type" : "NCListAdapter"
         },
         "trackId" : "c_briggsae_PRJNA10731_S_ratti_proteins",
         "category" : [
            "Sequence Similarity",
            "Proteins"
         ],
         "type" : "FeatureTrack",
         "name" : "S. ratti proteins"
      },
      {
         "trackId" : "c_briggsae_PRJNA10731_O_volvulus_proteins",
         "adapter" : {
            "rootUrlTemplate" : {
               "uri" : "https://s3.amazonaws.com/agrjbrowse/MOD-jbrowses/WormBase/WS287/c_briggsae_PRJNA10731/tracks/O. volvulus proteins/{refseq}/trackData.jsonz",
               "locationType" : "UriLocation"
            },
            "type" : "NCListAdapter"
         },
         "description" : "Matches to WormBase O. volvulus proteins, aligned with BLASTX (nucleotide to protein, via six-frame translation).",
         "assemblyNames" : [
            "c_briggsae_PRJNA10731"
         ],
         "displays" : [
            {
               "displayId" : "O_volvulus_proteins-c_briggsae_PRJNA10731-LinearBasicDisplay",
               "type" : "LinearBasicDisplay",
               "renderer" : {
                  "showLabels" : false,
                  "height" : 4,
                  "type" : "SvgFeatureRenderer",
                  "color1" : "orange"
               },
               "mouseover" : "jexl:get(feature,'clone')"
            }
         ],
         "type" : "FeatureTrack",
         "name" : "O. volvulus proteins",
         "category" : [
            "Sequence Similarity",
            "Proteins"
         ]
      },
      {
         "description" : "Low-complexity regions identified by Dust.",
         "displays" : [
            {
               "renderer" : {
                  "color1" : "bisque",
                  "height" : 4,
                  "type" : "SvgFeatureRenderer",
                  "showLabels" : false,
                  "showDescriptions" : false
               },
               "type" : "LinearBasicDisplay",
               "displayId" : "low_complextity_region_(dust)-c_briggsae_PRJNA10731-LinearBasicDisplay"
            }
         ],
         "assemblyNames" : [
            "c_briggsae_PRJNA10731"
         ],
         "trackId" : "c_briggsae_PRJNA10731_low_complextity_region_(dust)",
         "adapter" : {
            "rootUrlTemplate" : {
               "uri" : "https://s3.amazonaws.com/agrjbrowse/MOD-jbrowses/WormBase/WS287/c_briggsae_PRJNA10731/tracks/Low complextity region (Dust)/{refseq}/trackData.jsonz",
               "locationType" : "UriLocation"
            },
            "type" : "NCListAdapter"
         },
         "name" : "Low complextity region (Dust)",
         "type" : "FeatureTrack",
         "category" : [
            "Genome Structure",
            "Repeats"
         ]
      },
      {
         "category" : [
            "Genes",
            "Supporting Evidence"
         ],
         "name" : "ESTs",
         "type" : "FeatureTrack",
         "displays" : [
            {
               "displayId" : "ests-c_briggsae_PRJNA10731-LinearBasicDisplay",
               "renderer" : {
                  "type" : "SvgFeatureRenderer",
                  "color1" : "jexl:parent(feature)=='undefined'?'red':get(parent(feature),'has_mate')==1?'limegreen':get(parent(feature),'has_mate')==2?'green':get(parent(feature),'has_mate')==0?'gold':'black'"
               },
               "type" : "LinearBasicDisplay"
            }
         ],
         "assemblyNames" : [
            "c_briggsae_PRJNA10731"
         ],
         "formatDetails" : {
            "feature" : "jexl:{ JBrowse1: '<a href=\"/tools/genome/jbrowse-simple/?data=data/c_briggsae_PRJNA10731' + '&loc=' +feature.refName+':'+feature.start+'..'+feature.end+ '\">'+feature.refName+':'+feature.start+'..'+feature.end+'</a>'}"
         },
         "description" : "Native (same-species) Expressed Sequence Tags (ESTs), aligned to the genome using <a href='http://genome.cse.ucsc.edu/cgi-bin/hgBlat'>BLAT</a>. This track shows the best unique location for each EST. The paired 5' and 3' ESTs from the same cDNA clone are connected by a dashed line and a colored light green. ESTs with no mate are yellow, and ESTs with a mate that is 'far away' are dark green.",
         "adapter" : {
            "type" : "NCListAdapter",
            "rootUrlTemplate" : {
               "locationType" : "UriLocation",
               "uri" : "https://s3.amazonaws.com/agrjbrowse/MOD-jbrowses/WormBase/WS287/c_briggsae_PRJNA10731/tracks/ESTs (best)/{refseq}/trackData.jsonz"
            }
         },
         "trackId" : "c_briggsae_PRJNA10731_ests"
      },
      {
         "category" : [
            "Sequence Similarity",
            "Proteins"
         ],
         "type" : "FeatureTrack",
         "name" : "Other UniProt proteins",
         "assemblyNames" : [
            "c_briggsae_PRJNA10731"
         ],
         "displays" : [
            {
               "displayId" : "other_uniprot_proteins-c_briggsae_PRJNA10731-LinearBasicDisplay",
               "renderer" : {
                  "showDescriptions" : false,
                  "showLabels" : false,
                  "type" : "SvgFeatureRenderer",
                  "height" : 4,
                  "color1" : "orange"
               },
               "type" : "LinearBasicDisplay"
            }
         ],
         "description" : "Matches to proteins from a slimmed-down version of UniProt (with proteins from WormBase core nematodes, human, fly and yeast removed), aligned with BLASTX (nucleotide to protein, via six-frame translation).",
         "adapter" : {
            "type" : "NCListAdapter",
            "rootUrlTemplate" : {
               "locationType" : "UriLocation",
               "uri" : "https://s3.amazonaws.com/agrjbrowse/MOD-jbrowses/WormBase/WS287/c_briggsae_PRJNA10731/tracks/Other UniProt proteins/{refseq}/trackData.jsonz"
            }
         },
         "trackId" : "c_briggsae_PRJNA10731_other_uniprot_proteins"
      },
      {
         "category" : [
            "Alleles, Variations, RNAi"
         ],
         "type" : "FeatureTrack",
         "name" : "Change-of-function alleles",
         "displays" : [
            {
               "mouseover" : "jexl:get(feature,'name')+', '+get(feature,'consequence')",
               "displayId" : "change-of-function_alleles-c_briggsae_PRJNA10731-LinearBasicDisplay",
               "type" : "LinearBasicDisplay",
               "renderer" : {
                  "showLabels" : false,
                  "showDescriptions" : false,
                  "type" : "SvgFeatureRenderer",
                  "color1" : "jexl:get(feature,'vep_impact')=='HIGH'?'red':get(feature,'vep_impact')=='MODIFIER'?'purple':get(feature,'vep_impact')=='MODERATE'?'gold':get(feature,'vep_impact')=='LOW'?'cyan':'white'"
               }
            }
         ],
         "assemblyNames" : [
            "c_briggsae_PRJNA10731"
         ],
         "formatDetails" : {
            "feature" : "jexl:{ JBrowse1: '<a href=\"/tools/genome/jbrowse-simple/?data=data/c_briggsae_PRJNA10731' + '&loc=' +feature.refName+':'+feature.start+'..'+feature.end+ '\">'+feature.name+'</a>'}"
         },
         "description" : "This track shows alleles that generate a putative change-of-function. In this track, the type of mutation is indicated by its glyph: Boxes are deletions or substitutions. Triangles are insertions. Point mutations are diamonds. Color signifies the severity of impact predicted by Ensembl's Variant Effect Predictor. 'HIGH' impacts are red, 'MEDIUM' are yellow, 'LOW' are cyan (light blue), and 'MODIFIER' are purple. This is the same color scheme as is used at the Alliance of Genome Resources.",
         "adapter" : {
            "rootUrlTemplate" : {
               "uri" : "https://s3.amazonaws.com/agrjbrowse/MOD-jbrowses/WormBase/WS287/c_briggsae_PRJNA10731/tracks/Change-of-function alleles/{refseq}/trackData.jsonz",
               "locationType" : "UriLocation"
            },
            "type" : "NCListAdapter"
         },
         "trackId" : "c_briggsae_PRJNA10731_change-of-function_alleles"
      },
      {
         "type" : "FeatureTrack",
         "name" : "Contig submissions",
         "category" : [
            "Genome Structure",
            "Assembly & Curation"
         ],
         "trackId" : "c_briggsae_PRJNA10731_contig_submissions",
         "adapter" : {
            "type" : "NCListAdapter",
            "rootUrlTemplate" : {
               "locationType" : "UriLocation",
               "uri" : "https://s3.amazonaws.com/agrjbrowse/MOD-jbrowses/WormBase/WS287/c_briggsae_PRJNA10731/tracks/Contig submissions/{refseq}/trackData.jsonz"
            }
         },
         "description" : "This track shows the location and coordinates of contigs (mostly cosmids) submitted to GenBank/EMBL.",
         "formatDetails" : {
            "feature" : "jexl:{ JBrowse1: '<a href=\"/tools/genome/jbrowse-simple/?data=data/c_briggsae_PRJNA10731' + '&loc=' +feature.refName+':'+feature.start+'..'+feature.end+ '\">'+feature.refName+':'+feature.start+'..'+feature.end+'</a>'}"
         },
         "displays" : [
            {
               "displayId" : "contig_submissions-c_briggsae_PRJNA10731-LinearBasicDisplay",
               "renderer" : {
                  "color1" : "sienna",
                  "height" : 7,
                  "type" : "SvgFeatureRenderer"
               },
               "type" : "LinearBasicDisplay"
            }
         ],
         "assemblyNames" : [
            "c_briggsae_PRJNA10731"
         ]
      },
      {
         "description" : "Matches to WormBase P. pacificus proteins, aligned with BLASTX (nucleotide to protein, via six-frame translation).",
         "displays" : [
            {
               "type" : "LinearBasicDisplay",
               "renderer" : {
                  "color1" : "orange",
                  "type" : "SvgFeatureRenderer",
                  "height" : 4,
                  "showLabels" : false
               },
               "displayId" : "P_pacificus_proteins-c_briggsae_PRJNA10731-LinearBasicDisplay",
               "mouseover" : "jexl:get(feature,'clone')"
            }
         ],
         "assemblyNames" : [
            "c_briggsae_PRJNA10731"
         ],
         "trackId" : "c_briggsae_PRJNA10731_P_pacificus_proteins",
         "adapter" : {
            "type" : "NCListAdapter",
            "rootUrlTemplate" : {
               "uri" : "https://s3.amazonaws.com/agrjbrowse/MOD-jbrowses/WormBase/WS287/c_briggsae_PRJNA10731/tracks/P. pacificus proteins/{refseq}/trackData.jsonz",
               "locationType" : "UriLocation"
            }
         },
         "type" : "FeatureTrack",
         "name" : "P. pacificus proteins",
         "category" : [
            "Sequence Similarity",
            "Proteins"
         ]
      },
      {
         "category" : [
            "Sequence Similarity",
            "Proteins"
         ],
         "name" : "T. muris proteins",
         "type" : "FeatureTrack",
         "displays" : [
            {
               "displayId" : "T_muris_proteins-c_briggsae_PRJNA10731-LinearBasicDisplay",
               "type" : "LinearBasicDisplay",
               "renderer" : {
                  "showLabels" : false,
                  "height" : 4,
                  "type" : "SvgFeatureRenderer",
                  "color1" : "orange"
               },
               "mouseover" : "jexl:get(feature,'clone')"
            }
         ],
         "assemblyNames" : [
            "c_briggsae_PRJNA10731"
         ],
         "description" : "Matches to WormBase T. muris proteins, aligned with BLASTX (nucleotide to protein, via six-frame translation).",
         "adapter" : {
            "type" : "NCListAdapter",
            "rootUrlTemplate" : {
               "locationType" : "UriLocation",
               "uri" : "https://s3.amazonaws.com/agrjbrowse/MOD-jbrowses/WormBase/WS287/c_briggsae_PRJNA10731/tracks/T. muris proteins/{refseq}/trackData.jsonz"
            }
         },
         "trackId" : "c_briggsae_PRJNA10731_T_muris_proteins"
      },
      {
         "adapter" : {
            "rootUrlTemplate" : {
               "uri" : "https://s3.amazonaws.com/agrjbrowse/MOD-jbrowses/WormBase/WS287/c_briggsae_PRJNA10731/tracks/Tandem and Inverted Repeats/{refseq}/trackData.jsonz",
               "locationType" : "UriLocation"
            },
            "type" : "NCListAdapter"
         },
         "trackId" : "c_briggsae_PRJNA10731_tandem_and_inverted_repeats",
         "assemblyNames" : [
            "c_briggsae_PRJNA10731"
         ],
         "displays" : [
            {
               "renderer" : {
                  "showLabels" : false,
                  "showDescriptions" : false,
                  "color1" : "bisque",
                  "type" : "SvgFeatureRenderer"
               },
               "type" : "LinearBasicDisplay",
               "displayId" : "tandem_and_inverted_repeats-c_briggsae_PRJNA10731-LinearBasicDisplay"
            }
         ],
         "description" : "Exact tandem and inverted repetitive elements.",
         "category" : [
            "Genome Structure",
            "Repeats"
         ],
         "type" : "FeatureTrack",
         "name" : "Tandem and Inverted Repeats"
      },
      {
         "description" : "Matches to WormBase H. sapiens proteins, aligned with BLASTX (nucleotide to protein, via six-frame translation).",
         "displays" : [
            {
               "type" : "LinearBasicDisplay",
               "renderer" : {
                  "showLabels" : false,
                  "type" : "SvgFeatureRenderer",
                  "height" : 4,
                  "color1" : "orange"
               },
               "displayId" : "H_sapiens_proteins-c_briggsae_PRJNA10731-LinearBasicDisplay",
               "mouseover" : "jexl:get(feature,'clone')"
            }
         ],
         "assemblyNames" : [
            "c_briggsae_PRJNA10731"
         ],
         "trackId" : "c_briggsae_PRJNA10731_H_sapiens_proteins",
         "adapter" : {
            "rootUrlTemplate" : {
               "uri" : "https://s3.amazonaws.com/agrjbrowse/MOD-jbrowses/WormBase/WS287/c_briggsae_PRJNA10731/tracks/H. sapiens proteins/{refseq}/trackData.jsonz",
               "locationType" : "UriLocation"
            },
            "type" : "NCListAdapter"
         },
         "type" : "FeatureTrack",
         "name" : "H. sapiens proteins",
         "category" : [
            "Sequence Similarity",
            "Proteins"
         ]
      },
      {
         "displays" : [
            {
               "displayId" : "microarray_oligo_probes-c_briggsae_PRJNA10731-LinearBasicDisplay",
               "type" : "LinearBasicDisplay",
               "renderer" : {
                  "color1" : "black",
                  "type" : "SvgFeatureRenderer",
                  "height" : 4
               }
            }
         ],
         "assemblyNames" : [
            "c_briggsae_PRJNA10731"
         ],
         "formatDetails" : {
            "feature" : "jexl:{ JBrowse1: '<a href=\"/tools/genome/jbrowse-simple/?data=data/c_briggsae_PRJNA10731' + '&loc=' +feature.refName+':'+feature.start+'..'+feature.end+ '\">'+feature.refName+':'+feature.start+'..'+feature.end+'</a>'}"
         },
         "description" : "This track contains Affymetrix GeneChip and Washington University GSC microarray probe sets.",
         "adapter" : {
            "rootUrlTemplate" : {
               "uri" : "https://s3.amazonaws.com/agrjbrowse/MOD-jbrowses/WormBase/WS287/c_briggsae_PRJNA10731/tracks/Microarray oligo probes/{refseq}/trackData.jsonz",
               "locationType" : "UriLocation"
            },
            "type" : "NCListAdapter"
         },
         "trackId" : "c_briggsae_PRJNA10731_microarray_oligo_probes",
         "category" : [
            "Reagents"
         ],
         "name" : "Microarray oligo probes",
         "type" : "FeatureTrack"
      },
      {
         "category" : [
            "Sequence Similarity",
            "Proteins"
         ],
         "type" : "FeatureTrack",
         "name" : "D. melanogaster proteins",
         "assemblyNames" : [
            "c_briggsae_PRJNA10731"
         ],
         "displays" : [
            {
               "mouseover" : "jexl:get(feature,'clone')",
               "displayId" : "D_melanogaster_proteins-c_briggsae_PRJNA10731-LinearBasicDisplay",
               "type" : "LinearBasicDisplay",
               "renderer" : {
                  "type" : "SvgFeatureRenderer",
                  "height" : 4,
                  "color1" : "orange",
                  "showLabels" : false
               }
            }
         ],
         "description" : "Matches to WormBase D. melanogaster proteins, aligned with BLASTX (nucleotide to protein, via six-frame translation).",
         "adapter" : {
            "type" : "NCListAdapter",
            "rootUrlTemplate" : {
               "locationType" : "UriLocation",
               "uri" : "https://s3.amazonaws.com/agrjbrowse/MOD-jbrowses/WormBase/WS287/c_briggsae_PRJNA10731/tracks/D. melanogaster proteins/{refseq}/trackData.jsonz"
            }
         },
         "trackId" : "c_briggsae_PRJNA10731_D_melanogaster_proteins"
      },
      {
         "trackId" : "c_briggsae_PRJNA10731_trinity-assembled_rnaseq",
         "adapter" : {
            "type" : "NCListAdapter",
            "rootUrlTemplate" : {
               "uri" : "https://s3.amazonaws.com/agrjbrowse/MOD-jbrowses/WormBase/WS287/c_briggsae_PRJNA10731/tracks/Trinity-assembled RNAseq/{refseq}/trackData.jsonz",
               "locationType" : "UriLocation"
            }
         },
         "description" : "Native (same species) RNAseq data was assembled with Trinity and then aligned to the genome with BLAT",
         "displays" : [
            {
               "displayId" : "trinity-assembled_rnaseq-c_briggsae_PRJNA10731-LinearBasicDisplay",
               "renderer" : {
                  "type" : "SvgFeatureRenderer",
                  "height" : 5,
                  "color1" : "mediumpurple",
                  "showLabels" : false
               },
               "type" : "LinearBasicDisplay"
            }
         ],
         "assemblyNames" : [
            "c_briggsae_PRJNA10731"
         ],
         "name" : "Trinity-assembled RNAseq",
         "type" : "FeatureTrack",
         "category" : [
            "Genes",
            "Supporting Evidence"
         ]
      },
      {
         "displays" : [
            {
               "mouseover" : "jexl:get(feature,'clone')",
               "displayId" : "B_malayi_proteins-c_briggsae_PRJNA10731-LinearBasicDisplay",
               "type" : "LinearBasicDisplay",
               "renderer" : {
                  "color1" : "orange",
                  "height" : 4,
                  "type" : "SvgFeatureRenderer",
                  "showLabels" : false
               }
            }
         ],
         "assemblyNames" : [
            "c_briggsae_PRJNA10731"
         ],
         "description" : "Matches to WormBase B. malayi proteins, aligned with BLASTX (nucleotide to protein, via six-frame translation).",
         "adapter" : {
            "type" : "NCListAdapter",
            "rootUrlTemplate" : {
               "locationType" : "UriLocation",
               "uri" : "https://s3.amazonaws.com/agrjbrowse/MOD-jbrowses/WormBase/WS287/c_briggsae_PRJNA10731/tracks/B. malayi proteins/{refseq}/trackData.jsonz"
            }
         },
         "trackId" : "c_briggsae_PRJNA10731_B_malayi_proteins",
         "category" : [
            "Sequence Similarity",
            "Proteins"
         ],
         "type" : "FeatureTrack",
         "name" : "B. malayi proteins"
      },
      {
         "name" : "RNASeq",
         "type" : "FeatureTrack",
         "category" : [
            "Expression"
         ],
         "trackId" : "c_briggsae_PRJNA10731_rnaseq",
         "adapter" : {
            "rootUrlTemplate" : {
               "uri" : "https://s3.amazonaws.com/agrjbrowse/MOD-jbrowses/WormBase/WS287/c_briggsae_PRJNA10731/tracks/RNASeq/{refseq}/trackData.jsonz",
               "locationType" : "UriLocation"
            },
            "type" : "NCListAdapter"
         },
         "description" : "These boxes indicate alignments of short read sequences from all available RNASeq projects. The number of reads has been normalised by averaging over the number of libraries. The height of all boxes indicates the relative score of the feature.",
         "displays" : [
            {
               "displayId" : "rnaseq-c_briggsae_PRJNA10731-LinearBasicDisplay",
               "type" : "LinearBasicDisplay",
               "renderer" : {
                  "color1" : "black",
                  "height" : "jexl:get(feature,'score')>100?50:floor(get(feature,'score')/2)>4?floor(get(feature,'score')/2):4",
                  "type" : "SvgFeatureRenderer",
                  "displayMode" : "collapse",
                  "showLabels" : false
               },
               "mouseover" : "jexl:'Score: '+get(feature,'score')"
            }
         ],
         "assemblyNames" : [
            "c_briggsae_PRJNA10731"
         ]
      },
      {
         "category" : [
            "Sequence Similarity",
            "Proteins"
         ],
         "name" : "C. remanei proteins",
         "type" : "FeatureTrack",
         "adapter" : {
            "type" : "NCListAdapter",
            "rootUrlTemplate" : {
               "locationType" : "UriLocation",
               "uri" : "https://s3.amazonaws.com/agrjbrowse/MOD-jbrowses/WormBase/WS287/c_briggsae_PRJNA10731/tracks/C. remanei proteins/{refseq}/trackData.jsonz"
            }
         },
         "trackId" : "c_briggsae_PRJNA10731_C_remanei_proteins",
         "displays" : [
            {
               "mouseover" : "jexl:get(feature,'clone')",
               "renderer" : {
                  "type" : "SvgFeatureRenderer",
                  "height" : 4,
                  "color1" : "orange",
                  "showLabels" : false
               },
               "type" : "LinearBasicDisplay",
               "displayId" : "C_remanei_proteins-c_briggsae_PRJNA10731-LinearBasicDisplay"
            }
         ],
         "assemblyNames" : [
            "c_briggsae_PRJNA10731"
         ],
         "description" : "Matches to WormBase C. remanei proteins, aligned with BLASTX (nucleotide to protein, via six-frame translation)."
      },
      {
         "name" : "S. cerevisiae proteins",
         "type" : "FeatureTrack",
         "category" : [
            "Sequence Similarity",
            "Proteins"
         ],
         "trackId" : "c_briggsae_PRJNA10731_S_cerevisiae_proteins",
         "adapter" : {
            "type" : "NCListAdapter",
            "rootUrlTemplate" : {
               "locationType" : "UriLocation",
               "uri" : "https://s3.amazonaws.com/agrjbrowse/MOD-jbrowses/WormBase/WS287/c_briggsae_PRJNA10731/tracks/S. cerevisiae proteins/{refseq}/trackData.jsonz"
            }
         },
         "description" : "Matches to WormBase S. cerevisiae proteins, aligned with BLASTX (nucleotide to protein, via six-frame translation).",
         "assemblyNames" : [
            "c_briggsae_PRJNA10731"
         ],
         "displays" : [
            {
               "type" : "LinearBasicDisplay",
               "renderer" : {
                  "color1" : "orange",
                  "height" : 4,
                  "type" : "SvgFeatureRenderer",
                  "showLabels" : false
               },
               "displayId" : "S_cerevisiae_proteins-c_briggsae_PRJNA10731-LinearBasicDisplay",
               "mouseover" : "jexl:get(feature,'clone')"
            }
         ]
      },
      {
         "category" : [
            "Genes",
            "Supporting Evidence"
         ],
         "name" : "Nanopore matches",
         "type" : "FeatureTrack",
         "assemblyNames" : [
            "c_briggsae_PRJNA10731"
         ],
         "displays" : [
            {
               "displayId" : "nanopore_matches-c_briggsae_PRJNA10731-LinearBasicDisplay",
               "renderer" : {
                  "color1" : "jexl:get(feature,'source')=='BLAT_Caen_mRNA'?'lightblue':'green'",
                  "height" : 4,
                  "type" : "SvgFeatureRenderer",
                  "showLabels" : false
               },
               "type" : "LinearBasicDisplay"
            }
         ],
         "description" : "This Nanopore transcript data is from the paper 'The full-length transcriptome of C. elegans using direct RNA sequencing' Roach et al. https://doi.org/10.1101/598763. Where several transcripts are nearly identical, they are represented by a single transcript and the number of transcripts is recorded in the read coverage. Sequencing is from 3' to 5' and randomly terminates, so the 5' end of transcripts is often incomplete.",
         "adapter" : {
            "rootUrlTemplate" : {
               "uri" : "https://s3.amazonaws.com/agrjbrowse/MOD-jbrowses/WormBase/WS287/c_briggsae_PRJNA10731/tracks/Nanopore matches/{refseq}/trackData.jsonz",
               "locationType" : "UriLocation"
            },
            "type" : "NCListAdapter"
         },
         "trackId" : "c_briggsae_PRJNA10731_nanopore_matches"
      },
      {
         "description" : "Matches to WormBase C. briggsae proteins, aligned with BLASTX (nucleotide to protein, via six-frame translation).",
         "assemblyNames" : [
            "c_briggsae_PRJNA10731"
         ],
         "displays" : [
            {
               "displayId" : "C_briggsae_proteins-c_briggsae_PRJNA10731-LinearBasicDisplay",
               "type" : "LinearBasicDisplay",
               "renderer" : {
                  "height" : 4,
                  "type" : "SvgFeatureRenderer",
                  "color1" : "orange",
                  "showLabels" : false
               },
               "mouseover" : "jexl:get(feature,'clone')"
            }
         ],
         "trackId" : "c_briggsae_PRJNA10731_C_briggsae_proteins",
         "adapter" : {
            "rootUrlTemplate" : {
               "locationType" : "UriLocation",
               "uri" : "https://s3.amazonaws.com/agrjbrowse/MOD-jbrowses/WormBase/WS287/c_briggsae_PRJNA10731/tracks/C. briggsae proteins/{refseq}/trackData.jsonz"
            },
            "type" : "NCListAdapter"
         },
         "type" : "FeatureTrack",
         "name" : "C. briggsae proteins",
         "category" : [
            "Sequence Similarity",
            "Proteins"
         ]
      },
      {
         "category" : [
            "Genome Structure",
            "Assembly & Curation"
         ],
         "name" : "Links and Superlinks",
         "type" : "FeatureTrack",
         "adapter" : {
            "type" : "NCListAdapter",
            "rootUrlTemplate" : {
               "uri" : "https://s3.amazonaws.com/agrjbrowse/MOD-jbrowses/WormBase/WS287/c_briggsae_PRJNA10731/tracks/Links and Superlinks/{refseq}/trackData.jsonz",
               "locationType" : "UriLocation"
            }
         },
         "trackId" : "c_briggsae_PRJNA10731_links_and_superlinks",
         "displays" : [
            {
               "displayId" : "links_and_superlinks-c_briggsae_PRJNA10731-LinearBasicDisplay",
               "renderer" : {
                  "color1" : "black",
                  "type" : "SvgFeatureRenderer",
                  "height" : 4
               },
               "type" : "LinearBasicDisplay"
            }
         ],
         "assemblyNames" : [
            "c_briggsae_PRJNA10731"
         ],
         "formatDetails" : {
            "feature" : "jexl:{ JBrowse1: '<a href=\"/tools/genome/jbrowse-simple/?data=data/c_briggsae_PRJNA10731' + '&loc=' +feature.refName+':'+feature.start+'..'+feature.end+ '\">'+feature.refName+':'+feature.start+'..'+feature.end+'</a>'}"
         },
         "description" : "This track shows the location and coordinates of contigs created during the assembly of the C. elegans genome."
      },
      {
         "category" : [
            "Genome Structure",
            "Repeats"
         ],
         "name" : "Repeat Region (RepeatMasker)",
         "type" : "FeatureTrack",
         "assemblyNames" : [
            "c_briggsae_PRJNA10731"
         ],
         "displays" : [
            {
               "displayId" : "repeat_region_(repeatmasker)-c_briggsae_PRJNA10731-LinearBasicDisplay",
               "renderer" : {
                  "color1" : "bisque",
                  "type" : "SvgFeatureRenderer",
                  "height" : 4,
                  "showDescriptions" : false,
                  "showLabels" : false
               },
               "type" : "LinearBasicDisplay"
            }
         ],
         "description" : "Repetitive regions identified by RepeatMasker.",
         "adapter" : {
            "type" : "NCListAdapter",
            "rootUrlTemplate" : {
               "locationType" : "UriLocation",
               "uri" : "https://s3.amazonaws.com/agrjbrowse/MOD-jbrowses/WormBase/WS287/c_briggsae_PRJNA10731/tracks/Repeat Region (RepeatMasker)/{refseq}/trackData.jsonz"
            }
         },
         "trackId" : "c_briggsae_PRJNA10731_repeat_region_(repeatmasker)"
      },
      {
         "type" : "FeatureTrack",
         "name" : "C. elegans proteins",
         "category" : [
            "Sequence Similarity",
            "Proteins"
         ],
         "trackId" : "c_briggsae_PRJNA10731_C_elegans_proteins",
         "adapter" : {
            "rootUrlTemplate" : {
               "locationType" : "UriLocation",
               "uri" : "https://s3.amazonaws.com/agrjbrowse/MOD-jbrowses/WormBase/WS287/c_briggsae_PRJNA10731/tracks/C. elegans proteins/{refseq}/trackData.jsonz"
            },
            "type" : "NCListAdapter"
         },
         "description" : "Matches to WormBase C. elegans proteins, aligned with BLASTX (nucleotide to protein, via six-frame translation).",
         "assemblyNames" : [
            "c_briggsae_PRJNA10731"
         ],
         "displays" : [
            {
               "mouseover" : "jexl:get(feature,'clone')",
               "renderer" : {
                  "showLabels" : false,
                  "type" : "SvgFeatureRenderer",
                  "height" : 4,
                  "color1" : "orange"
               },
               "type" : "LinearBasicDisplay",
               "displayId" : "C_elegans_proteins-c_briggsae_PRJNA10731-LinearBasicDisplay"
            }
         ]
      },
      {
         "category" : [
            "Genome Structure",
            "Assembly & Curation"
         ],
         "name" : "Genbank submissions",
         "type" : "FeatureTrack",
         "adapter" : {
            "rootUrlTemplate" : {
               "locationType" : "UriLocation",
               "uri" : "https://s3.amazonaws.com/agrjbrowse/MOD-jbrowses/WormBase/WS287/c_briggsae_PRJNA10731/tracks/Genbank submissions/{refseq}/trackData.jsonz"
            },
            "type" : "NCListAdapter"
         },
         "trackId" : "c_briggsae_PRJNA10731_genbank_submissions",
         "displays" : [
            {
               "type" : "LinearBasicDisplay",
               "renderer" : {
                  "height" : 4,
                  "type" : "SvgFeatureRenderer",
                  "color1" : "sienna"
               },
               "displayId" : "genbank_submissions-c_briggsae_PRJNA10731-LinearBasicDisplay",
               "mouseover" : "jexl:get(feature,'genbank')"
            }
         ],
         "assemblyNames" : [
            "c_briggsae_PRJNA10731"
         ],
         "description" : "The C. elegans genome was submitted to the GenBank and EMBL databases in in the form of a set of minimally-overlapping segments.  This track shows the position of these accessioned entries.",
         "formatDetails" : {
            "feature" : "jexl:{ JBrowse1: '<a href=\"/tools/genome/jbrowse-simple/?data=data/c_briggsae_PRJNA10731' + '&loc=' +feature.refName+':'+feature.start+'..'+feature.end+ '\">'+feature.refName+':'+feature.start+'..'+feature.end+'</a>'}"
         }
      },
      {
         "type" : "FeatureTrack",
         "name" : "RNASeq introns",
         "category" : [
            "Expression"
         ],
         "description" : "These are introns formed by aligned RNASeq reads spanning a region of the genome. Alignments of short read sequences from all available RNASeq projects were used. The number of reads spanning the introns is indicated by the thickness of the display.",
         "displays" : [
            {
               "mouseover" : "jexl:get(feature,'score')+' reads'",
               "type" : "LinearBasicDisplay",
               "renderer" : {
                  "showLabels" : false,
                  "showDescriptions" : false,
                  "color1" : "green",
                  "type" : "SvgFeatureRenderer",
                  "height" : "jexl:get(feature,'score')>100?50:get(feature,'score')<8?4:floor(get(feature,'score')/2)"
               },
               "displayId" : "rnaseq_introns-c_briggsae_PRJNA10731-LinearBasicDisplay"
            }
         ],
         "assemblyNames" : [
            "c_briggsae_PRJNA10731"
         ],
         "trackId" : "c_briggsae_PRJNA10731_rnaseq_introns",
         "adapter" : {
            "type" : "NCListAdapter",
            "rootUrlTemplate" : {
               "uri" : "https://s3.amazonaws.com/agrjbrowse/MOD-jbrowses/WormBase/WS287/c_briggsae_PRJNA10731/tracks/RNASeq introns/{refseq}/trackData.jsonz",
               "locationType" : "UriLocation"
            }
         }
      },
      {
         "description" : "These are introns formed by aligned RNASeq reads spanning a region of the genome. Alignments of short read sequences from all available RNASeq projects were used. These junctions are considered 'common' in that there are more than 500 reads confirming their existence. The number of reads spanning the introns is indicated by the darkness of the color (shades of cyan for reverse, shades of violet for forward).  Darker is more reads.",
         "displays" : [
            {
               "displayId" : "rnaseq_splice_junctions_(common)-c_briggsae_PRJNA10731-LinearBasicDisplay",
               "renderer" : {
                  "showLabels" : false,
                  "type" : "SvgFeatureRenderer",
                  "color1" : "jexl:get(feature,'score')>20000?(get(feature,'strand')>0?'#730073':'#007373'):get(feature,'strand')>0?'#'+hex(round(255-(140*(get(feature,'score')/20000))))+'00'+hex(round(255-(140*(get(feature,'score')/20000)))):'#00'+hex(round(255-(140*(get(feature,'score')/20000))))+hex(round(255-(140*(get(feature,'score')/20000))))"
               },
               "type" : "LinearBasicDisplay",
               "mouseover" : "jexl:get(feature,'score')+' reads'"
            }
         ],
         "assemblyNames" : [
            "c_briggsae_PRJNA10731"
         ],
         "trackId" : "c_briggsae_PRJNA10731_rnaseq_splice_junctions_(common)",
         "adapter" : {
            "rootUrlTemplate" : {
               "locationType" : "UriLocation",
               "uri" : "https://s3.amazonaws.com/agrjbrowse/MOD-jbrowses/WormBase/WS287/c_briggsae_PRJNA10731/tracks/RNASeq Splice Junctions (common)/{refseq}/trackData.jsonz"
            },
            "type" : "NCListAdapter"
         },
         "type" : "FeatureTrack",
         "name" : "RNASeq Splice Junctions (common)",
         "category" : [
            "Expression"
         ]
      },
      {
         "trackId" : "c_briggsae_PRJNA10731_rnaseq_splice_junctions_(rare)",
         "adapter" : {
            "rootUrlTemplate" : {
               "locationType" : "UriLocation",
               "uri" : "https://s3.amazonaws.com/agrjbrowse/MOD-jbrowses/WormBase/WS287/c_briggsae_PRJNA10731/tracks/RNASeq Splice Junctions (rare)/{refseq}/trackData.jsonz"
            },
            "type" : "NCListAdapter"
         },
         "description" : "These are introns formed by aligned RNASeq reads spanning a region of the genome. Alignments of short read sequences from all available RNASeq projects were used. These junctions are considered 'rare' in that there are fewer than 500 reads confirming their existence. The number of reads spanning the introns is indicated by the darkness of the color (shades of cyan for reverse, shades of violet for forward).  Darker is more reads.",
         "assemblyNames" : [
            "c_briggsae_PRJNA10731"
         ],
         "displays" : [
            {
               "renderer" : {
                  "showLabels" : false,
                  "color1" : "jexl:get(feature,'score')>20000?(get(feature,'strand')>0?'#730073':'#007373'):get(feature,'strand')>0?'#'+hex(round(255-(140*(get(feature,'score')/20000))))+'00'+hex(round(255-(140*(get(feature,'score')/20000)))):'#00'+hex(round(255-(140*(get(feature,'score')/20000))))+hex(round(255-(140*(get(feature,'score')/20000))))",
                  "height" : "jexl:4",
                  "type" : "SvgFeatureRenderer"
               },
               "type" : "LinearBasicDisplay",
               "displayId" : "rnaseq_splice_junctions_(rare)-c_briggsae_PRJNA10731-LinearBasicDisplay",
               "mouseover" : "jexl:get(feature,'score')+' reads'"
            }
         ],
         "name" : "RNASeq Splice Junctions (rare)",
         "type" : "FeatureTrack",
         "category" : [
            "Expression"
         ]
      },
      {
         "trackId" : "c_briggsae_PRJNA10731_C_brenneri_proteins",
         "adapter" : {
            "type" : "NCListAdapter",
            "rootUrlTemplate" : {
               "locationType" : "UriLocation",
               "uri" : "https://s3.amazonaws.com/agrjbrowse/MOD-jbrowses/WormBase/WS287/c_briggsae_PRJNA10731/tracks/C. brenneri proteins/{refseq}/trackData.jsonz"
            }
         },
         "description" : "Matches to WormBase C. brenneri proteins, aligned with BLASTX (nucleotide to protein, via six-frame translation).",
         "assemblyNames" : [
            "c_briggsae_PRJNA10731"
         ],
         "displays" : [
            {
               "mouseover" : "jexl:get(feature,'clone')",
               "renderer" : {
                  "color1" : "orange",
                  "height" : 4,
                  "type" : "SvgFeatureRenderer",
                  "showLabels" : false
               },
               "type" : "LinearBasicDisplay",
               "displayId" : "C_brenneri_proteins-c_briggsae_PRJNA10731-LinearBasicDisplay"
            }
         ],
         "type" : "FeatureTrack",
         "name" : "C. brenneri proteins",
         "category" : [
            "Sequence Similarity",
            "Proteins"
         ]
      }
   ]
}
