{
   "tracks" : [
      {
         "displays" : [
            {
               "renderer" : {
                  "showLabels" : false,
                  "type" : "SvgFeatureRenderer",
                  "showDescriptions" : false,
                  "outline" : "jexl:get(feature,'vep_impact')=='HIGH'?'red':get(feature,'vep_impact')=='MODIFIER'?'purple':get(feature,'vep_impact')=='MODERATE'?'gold':get(feature,'vep_impact')=='LOW'?'cyan':'black'",
                  "color1" : "jexl:get(feature,'vep_impact')=='HIGH'?'red':get(feature,'vep_impact')=='MODIFIER'?'purple':get(feature,'vep_impact')=='MODERATE'?'gold':get(feature,'vep_impact')=='LOW'?'cyan':'white'"
               },
               "displayId" : "classical_alleles-c_briggsae_PRJNA10731-LinearBasicDisplay",
               "type" : "LinearBasicDisplay"
            }
         ],
         "name" : "Classical Alleles",
         "adapter" : {
            "type" : "NCListAdapter",
            "rootUrlTemplate" : {
               "uri" : "https://s3.amazonaws.com/agrjbrowse/MOD-jbrowses/WormBase/WS287/c_briggsae_PRJNA10731/tracks/Classical_alleles/{refseq}/trackData.jsonz",
               "locationType" : "UriLocation"
            }
         },
         "assemblyNames" : [
            "c_briggsae_PRJNA10731"
         ],
         "type" : "FeatureTrack",
         "category" : [
            "Alleles, Variations, RNAi"
         ],
         "trackId" : "c_briggsae_PRJNA10731_classical_alleles"
      },
      {
         "displays" : [
            {
               "renderer" : {
                  "color1" : "gray",
                  "type" : "SvgFeatureRenderer"
               },
               "displayId" : "transposons-c_briggsae_PRJNA10731-LinearBasicDisplay",
               "type" : "LinearBasicDisplay"
            }
         ],
         "description" : "These are transposon spans reviewed by WormBase curators.",
         "name" : "Transposons",
         "assemblyNames" : [
            "c_briggsae_PRJNA10731"
         ],
         "adapter" : {
            "rootUrlTemplate" : {
               "uri" : "https://s3.amazonaws.com/agrjbrowse/MOD-jbrowses/WormBase/WS287/c_briggsae_PRJNA10731/tracks/Transposons/{refseq}/trackData.jsonz",
               "locationType" : "UriLocation"
            },
            "type" : "NCListAdapter"
         },
         "trackId" : "c_briggsae_PRJNA10731_transposons",
         "category" : [
            "Genes",
            "Curated Genes"
         ],
         "type" : "FeatureTrack"
      },
      {
         "name" : "Curated Genes (pseudogenes)",
         "displays" : [
            {
               "type" : "LinearBasicDisplay",
               "displayId" : "curated_genes_(pseudogenes)-c_briggsae_PRJNA10731-LinearBasicDisplay",
               "renderer" : {
                  "type" : "SvgFeatureRenderer",
                  "color1" : "gray",
                  "height" : 6
               }
            }
         ],
         "description" : "A subset of the full Curated Genes set limited to pseudogenes only. Pseudogenes of tRNA are lighter gray and pseudogenes of rRNA are darker gray than pseudogenes of protein coding genes.",
         "assemblyNames" : [
            "c_briggsae_PRJNA10731"
         ],
         "adapter" : {
            "type" : "NCListAdapter",
            "rootUrlTemplate" : {
               "uri" : "https://s3.amazonaws.com/agrjbrowse/MOD-jbrowses/WormBase/WS287/c_briggsae_PRJNA10731/tracks/Curated Genes (pseudogenes)/{refseq}/trackData.jsonz",
               "locationType" : "UriLocation"
            }
         },
         "trackId" : "c_briggsae_PRJNA10731_curated_genes_pseudogenes",
         "category" : [
            "Genes",
            "Curated Genes"
         ],
         "type" : "FeatureTrack"
      },
      {
         "name" : "Curated Genes",
         "displays" : [
            {
               "renderer" : {
                  "color1" : "jexl:get(feature,'type')!='CDS'?'gray':get(feature,'strand')>0?'violet':'turquoise'",
                  "labels" : {
                     "name" : "jexl:get(feature,'locus') || get(feature,'sequence_name')"
                  },
                  "type" : "SvgFeatureRenderer",
                  "color3" : "#965567"
               },
               "displayId" : "curated_genes-c_briggsae_PRJNA10731-LinearBasicDisplay",
               "type" : "LinearBasicDisplay"
            }
         ],
         "description" : "Protein-coding gene structures result from the integration of a variety of prediction methods and data sources followed by manual review and revison by WormBase curators. tRNAs are predicted by tRNAscan, and other non-coding RNA transcripts are taken from a variety of literature sources. The purple and blue colors indicate transcripts on the forward and reverse strands respectively. Dark purple areas represent 5' and 3' UTRs of protein-coding transcripts, assigned automatically using the extents of overlapping ESTs and full-length cDNAs. The UTR predictions have not been reviewed by WormBase curators, and some are known to contain artifacts. Grey transcripts represent either non-coding transcripts of protein coding genes or transcripts of non-coding genes.",
         "assemblyNames" : [
            "c_briggsae_PRJNA10731"
         ],
         "adapter" : {
            "type" : "NCListAdapter",
            "rootUrlTemplate" : {
               "locationType" : "UriLocation",
               "uri" : "https://s3.amazonaws.com/agrjbrowse/MOD-jbrowses/WormBase/WS287/c_briggsae_PRJNA10731/tracks/Curated_Genes/{refseq}/trackData.jsonz"
            }
         },
         "trackId" : "c_briggsae_PRJNA10731_curated_genes",
         "category" : [
            "Genes",
            "Curated Genes"
         ],
         "type" : "FeatureTrack"
      },
      {
         "type" : "FeatureTrack",
         "category" : [
            "Genes",
            "Curated Genes"
         ],
         "trackId" : "c_briggsae_PRJNA10731_curated_genes_noncoding",
         "description" : "Non-coding curated gene models, including ncRNA, tRNA, miRNA, snRNA, snoRNA, piRNA, lincRNA and antisense RNA.",
         "displays" : [
            {
               "type" : "LinearBasicDisplay",
               "renderer" : {
                  "type" : "SvgFeatureRenderer",
                  "color1" : "gray",
                  "height" : 6
               },
               "displayId" : "curated_genes_(noncoding)-c_briggsae_PRJNA10731-LinearBasicDisplay"
            }
         ],
         "name" : "Curated Genes (noncoding)",
         "adapter" : {
            "rootUrlTemplate" : {
               "uri" : "https://s3.amazonaws.com/agrjbrowse/MOD-jbrowses/WormBase/WS287/c_briggsae_PRJNA10731/tracks/Curated Genes (noncoding)/{refseq}/trackData.jsonz",
               "locationType" : "UriLocation"
            },
            "type" : "NCListAdapter"
         },
         "assemblyNames" : [
            "c_briggsae_PRJNA10731"
         ]
      },
      {
         "name" : "Genome sequence errors",
         "displays" : [
            {
               "type" : "LinearBasicDisplay",
               "renderer" : {
                  "height" : 6,
                  "color1" : "red",
                  "type" : "SvgFeatureRenderer"
               },
               "displayId" : "genome_sequence_errors-c_briggsae_PRJNA10731-LinearBasicDisplay"
            }
         ],
         "description" : "Positions within the reference genome sequence that have been identified as having a base call error. This error has not yet been corrected.",
         "assemblyNames" : [
            "c_briggsae_PRJNA10731"
         ],
         "adapter" : {
            "type" : "NCListAdapter",
            "rootUrlTemplate" : {
               "uri" : "https://s3.amazonaws.com/agrjbrowse/MOD-jbrowses/WormBase/WS287/c_briggsae_PRJNA10731/tracks/Genome sequence errors/{refseq}/trackData.jsonz",
               "locationType" : "UriLocation"
            }
         },
         "trackId" : "c_briggsae_PRJNA10731_genome_sequence_errors",
         "type" : "FeatureTrack",
         "category" : [
            "Genome Structure",
            "Assembly & Curation"
         ]
      },
      {
         "assemblyNames" : [
            "c_briggsae_PRJNA10731"
         ],
         "adapter" : {
            "type" : "NCListAdapter",
            "rootUrlTemplate" : {
               "uri" : "https://s3.amazonaws.com/agrjbrowse/MOD-jbrowses/WormBase/WS287/c_briggsae_PRJNA10731/tracks/Transposon Genes/{refseq}/trackData.jsonz",
               "locationType" : "UriLocation"
            }
         },
         "name" : "Transposon Genes",
         "displays" : [
            {
               "type" : "LinearBasicDisplay",
               "displayId" : "transposon_genes-c_briggsae_PRJNA10731-LinearBasicDisplay",
               "renderer" : {
                  "type" : "SvgFeatureRenderer",
                  "labels" : {
                     "description" : "jexl:get(feature,'type')=='pseudogenic_transcript'?'transposon pseudogene':'transposon mRNA'"
                  },
                  "color1" : "gray",
                  "height" : 6
               }
            }
         ],
         "description" : "These are transposon spans reviewed by WormBase curators.",
         "trackId" : "c_briggsae_PRJNA10731_transposon_genes",
         "type" : "FeatureTrack",
         "category" : [
            "Genes",
            "Curated Genes"
         ]
      },
      {
         "category" : [
            "Sequence Features",
            "Translated Features"
         ],
         "type" : "FeatureTrack",
         "trackId" : "c_briggsae_PRJNA10731_protein_motifs",
         "adapter" : {
            "type" : "NCListAdapter",
            "rootUrlTemplate" : {
               "uri" : "https://s3.amazonaws.com/agrjbrowse/MOD-jbrowses/WormBase/WS287/c_briggsae_PRJNA10731/tracks/Protein motifs/{refseq}/trackData.jsonz",
               "locationType" : "UriLocation"
            }
         },
         "assemblyNames" : [
            "c_briggsae_PRJNA10731"
         ],
         "name" : "Protein motifs",
         "description" : "This track shows the extent of predicted protein motifs. Note these spans correspond to amino acid coordinates interpolated onto the physical map.  Included are signal peptide (signalp), coiled coil (ncoils) and transmembrane (tmhmm) domains, regions of low complexity (seg), and Pfam annotated motif homologies.",
         "displays" : [
            {
               "type" : "LinearBasicDisplay",
               "displayId" : "protein_motifs-c_briggsae_PRJNA10731-LinearBasicDisplay",
               "renderer" : {
                  "type" : "SvgFeatureRenderer",
                  "height" : 7,
                  "color1" : "jexl:parent(feature)=='undefined'?'purple':get(parent(feature),'predictiontype')=='tmhmm'?'magenta':get(parent(feature),'predictiontype')=='seg'?'lightseagreen':get(parent(feature),'predictiontype')=='signalp'?'aquamarine':get(parent(feature),'predictiontype')=='ncoils'?'chartreuse':\nget(parent(feature),'predictiontype')=='pfam'?'lightsalmon':'purple'"
               }
            }
         ]
      },
      {
         "type" : "FeatureTrack",
         "category" : [
            "Genes",
            "Supporting Evidence"
         ],
         "trackId" : "c_briggsae_PRJNA10731_mrnas/ncrnas_(best)",
         "name" : "mRNAs/ncRNAs (best)",
         "description" : "Native (same species) full length cDNAs and ncRNAs aligned to the genome using BLAT. This track shows the best unique location for each cDNA.",
         "displays" : [
            {
               "type" : "LinearBasicDisplay",
               "displayId" : "mrnas/ncrnas_(best)-c_briggsae_PRJNA10731-LinearBasicDisplay",
               "renderer" : {
                  "height" : 6,
                  "color1" : "jexl:startsWith(get(feature,'source'),'BLAT_mRNA_')==true?'yellow':'gray'",
                  "outline" : "black",
                  "type" : "SvgFeatureRenderer"
               }
            }
         ],
         "adapter" : {
            "type" : "NCListAdapter",
            "rootUrlTemplate" : {
               "uri" : "https://s3.amazonaws.com/agrjbrowse/MOD-jbrowses/WormBase/WS287/c_briggsae_PRJNA10731/tracks/mRNAs_ncRNAs (best)/{refseq}/trackData.jsonz",
               "locationType" : "UriLocation"
            }
         },
         "assemblyNames" : [
            "c_briggsae_PRJNA10731"
         ]
      },
      {
         "type" : "FeatureTrack",
         "category" : [
            "Genes",
            "Curated Genes"
         ],
         "trackId" : "c_briggsae_PRJNA10731_dicistronic_mrnas",
         "adapter" : {
            "rootUrlTemplate" : {
               "uri" : "https://s3.amazonaws.com/agrjbrowse/MOD-jbrowses/WormBase/WS287/c_briggsae_PRJNA10731/tracks/Dicistronic mRNAs/{refseq}/trackData.jsonz",
               "locationType" : "UriLocation"
            },
            "type" : "NCListAdapter"
         },
         "assemblyNames" : [
            "c_briggsae_PRJNA10731"
         ],
         "name" : "Dicistronic mRNAs",
         "description" : "Dicistronic mRNA operons - manually observed by curators",
         "displays" : [
            {
               "type" : "LinearBasicDisplay",
               "renderer" : {
                  "type" : "SvgFeatureRenderer",
                  "color1" : "darkgreen"
               },
               "displayId" : "dicistronic_mrnas-c_briggsae_PRJNA10731-LinearBasicDisplay"
            }
         ]
      },
      {
         "adapter" : {
            "rootUrlTemplate" : {
               "uri" : "https://s3.amazonaws.com/agrjbrowse/MOD-jbrowses/WormBase/WS287/c_briggsae_PRJNA10731/tracks/Gene Models (historical)/{refseq}/trackData.jsonz",
               "locationType" : "UriLocation"
            },
            "type" : "NCListAdapter"
         },
         "assemblyNames" : [
            "c_briggsae_PRJNA10731"
         ],
         "description" : "Historical gene predictions.",
         "displays" : [
            {
               "type" : "LinearBasicDisplay",
               "renderer" : {
                  "type" : "SvgFeatureRenderer",
                  "labels" : {
                     "description" : "jexl:get(feature,'type')"
                  },
                  "color1" : "jexl:get(feature,'strand')>0?'violet':'turquoise'"
               },
               "displayId" : "gene_models_(historical)-c_briggsae_PRJNA10731-LinearBasicDisplay"
            }
         ],
         "name" : "Gene Models (historical)",
         "type" : "FeatureTrack",
         "category" : [
            "Genes",
            "Curated Genes"
         ],
         "trackId" : "c_briggsae_PRJNA10731_gene_models_(historical)"
      },
      {
         "trackId" : "c_briggsae_PRJNA10731_curated_genes_protein_coding",
         "category" : [
            "Genes",
            "Curated Genes"
         ],
         "type" : "FeatureTrack",
         "assemblyNames" : [
            "c_briggsae_PRJNA10731"
         ],
         "adapter" : {
            "rootUrlTemplate" : {
               "locationType" : "UriLocation",
               "uri" : "https://s3.amazonaws.com/agrjbrowse/MOD-jbrowses/WormBase/WS287/c_briggsae_PRJNA10731/tracks/Curated Genes (protein coding)/{refseq}/trackData.jsonz"
            },
            "type" : "NCListAdapter"
         },
         "displays" : [
            {
               "type" : "LinearBasicDisplay",
               "displayId" : "curated_genes_(protein_coding)-c_briggsae_PRJNA10731-LinearBasicDisplay",
               "renderer" : {
                  "color3" : "#965567",
                  "type" : "SvgFeatureRenderer",
                  "color1" : "jexl:get(feature,'strand')>0?'violet':'turquoise'"
               }
            }
         ],
         "description" : "A subset of the full Curated Genes set limited to protein-coding genes only. Only the CDS is represented. Full models (with UTRs) can be seen on the 'Curated Genes' track.",
         "name" : "Curated Genes (protein coding)"
      },
      {
         "assemblyNames" : [
            "c_briggsae_PRJNA10731"
         ],
         "adapter" : {
            "type" : "NCListAdapter",
            "rootUrlTemplate" : {
               "uri" : "https://s3.amazonaws.com/agrjbrowse/MOD-jbrowses/WormBase/WS287/c_briggsae_PRJNA10731/tracks/Polymorphisms/{refseq}/trackData.jsonz",
               "locationType" : "UriLocation"
            }
         },
         "name" : "Polymorphisms",
         "displays" : [
            {
               "displayId" : "polymorphisms-c_briggsae_PRJNA10731-LinearBasicDisplay",
               "renderer" : {
                  "type" : "SvgFeatureRenderer",
                  "outline" : "jexl:get(feature,'strain')=='CB4858'||get(feature,'strain')=='AF16'?'blue':get(feature,'strain')=='CB4856'||get(feature,'strain')=='HK104'?'yellow':'black'",
                  "color1" : "jexl:get(feature,'strain')=='CB4858'||get(feature,'strain')=='AF16'?'blue':get(feature,'strain')=='CB4856'||get(feature,'strain')=='HK104'?'yellow':'white'"
               },
               "type" : "LinearBasicDisplay",
               "mouseover" : "jexl:get(feature,'type')+': '+get(feature,'strain')"
            }
         ],
         "description" : "This track shows single nucleotide polymorphisms (SNPs). In this track, the molecular nature of the polymorphism is indicated by its glyph: Boxes are deletions; triangles are insertions; point mutations and substitutions are diamonds. Color reflects the source strain: polymorphisms found in CB4858 (Pasadena) are shown in blue; those found in CB4856 (Hawaii) in yellow, and all others in white.",
         "trackId" : "c_briggsae_PRJNA10731_polymorphisms",
         "category" : [
            "Alleles, Variations, RNAi"
         ],
         "type" : "FeatureTrack"
      },
      {
         "trackId" : "c_briggsae_PRJNA10731_genblastg_cds_predictions",
         "category" : [
            "Genes",
            "Ab-initio predictions"
         ],
         "type" : "FeatureTrack",
         "assemblyNames" : [
            "c_briggsae_PRJNA10731"
         ],
         "adapter" : {
            "type" : "NCListAdapter",
            "rootUrlTemplate" : {
               "locationType" : "UriLocation",
               "uri" : "https://s3.amazonaws.com/agrjbrowse/MOD-jbrowses/WormBase/WS287/c_briggsae_PRJNA10731/tracks/genBlastG CDS predictions/{refseq}/trackData.jsonz"
            }
         },
         "displays" : [
            {
               "type" : "LinearBasicDisplay",
               "renderer" : {
                  "height" : 7,
                  "type" : "SvgFeatureRenderer"
               },
               "displayId" : "genblastg_cds_predictions-c_briggsae_PRJNA10731-LinearBasicDisplay"
            }
         ],
         "description" : "Data from 'genBlastG: using BLAST searches to build homologous gene models' (WBPaper00040677).",
         "name" : "genBlastG CDS predictions"
      },
      {
         "category" : [
            "Sequence Features",
            "Signals & Motifs"
         ],
         "type" : "FeatureTrack",
         "trackId" : "c_briggsae_PRJNA10731_trans-spliced_acceptor",
         "name" : "Trans-spliced acceptor",
         "description" : "This track contains SL1 and SL2 trans-spliced acceptors from a variety of sources: SL1 and SL2 trans-spliced acceptors published by Blumenthal et al, Nature (2002), Trans-Spliced Exon Coupled RNA End Determination (TEC-RED) Hwang et al, PNAS (2004), EST/mRNA sequence data, RNASeq read data from ENA. SL1 acceptors are show in red, SL2 in green. Direction of transcription is indicated by arrow direction.",
         "displays" : [
            {
               "type" : "LinearBasicDisplay",
               "displayId" : "trans-spliced_acceptor-c_briggsae_PRJNA10731-LinearBasicDisplay",
               "renderer" : {
                  "color1" : "jexl:get(feature,'source')=='SL1'?'red':get(feature,'source')=='SL2'?'green':'black'",
                  "labels" : {
                     "description" : "jexl:get(feature,'source') || get(feature,'description')"
                  },
                  "type" : "SvgFeatureRenderer"
               }
            }
         ],
         "adapter" : {
            "type" : "NCListAdapter",
            "rootUrlTemplate" : {
               "uri" : "https://s3.amazonaws.com/agrjbrowse/MOD-jbrowses/WormBase/WS287/c_briggsae_PRJNA10731/tracks/Trans-spliced acceptor/{refseq}/trackData.jsonz",
               "locationType" : "UriLocation"
            }
         },
         "assemblyNames" : [
            "c_briggsae_PRJNA10731"
         ]
      },
      {
         "name" : "YACs, Fosmids, & Cosmids",
         "description" : "This track shows the locations of the cosmids, fosmids, and YACs used for the physical mapping and sequencing of the C. elegans genome.  The clone termini do not necessarily correspond to the termini of submitted GenBank/EMBL entries. In some cases the exact termini of the clones is not known.  For example, YACs were sequenced using PCR amplification across gaps in the cosmid maps.  When a clone end is not known, it is shown as an arrow extending to the end of the display.  Such data is to be treated with caution.  The Vancouver fosmids can be ordered directly from <a href='http://www.geneservice.co.uk/products/clones/Celegans_Fos.jsp'>GeneService</a>.",
         "displays" : [
            {
               "renderer" : {
                  "type" : "SvgFeatureRenderer",
                  "height" : 3,
                  "color1" : "black"
               },
               "displayId" : "yacs,_fosmids,_&_cosmids-c_briggsae_PRJNA10731-LinearBasicDisplay",
               "type" : "LinearBasicDisplay"
            }
         ],
         "adapter" : {
            "type" : "NCListAdapter",
            "rootUrlTemplate" : {
               "locationType" : "UriLocation",
               "uri" : "https://s3.amazonaws.com/agrjbrowse/MOD-jbrowses/WormBase/WS287/c_briggsae_PRJNA10731/tracks/YACs, Fosmids, & Cosmids/{refseq}/trackData.jsonz"
            }
         },
         "assemblyNames" : [
            "c_briggsae_PRJNA10731"
         ],
         "type" : "FeatureTrack",
         "category" : [
            "Reagents"
         ],
         "trackId" : "c_briggsae_PRJNA10731_yacs_fosmids_cosmids"
      },
      {
         "description" : "High-confidence polyadenylation signal sequences and sites calculated by an algorithm trained with verified sites from full-length mRNAs. Signals are indicated with a diamond; sites with a triangle.",
         "displays" : [
            {
               "displayId" : "polya_sites_and_signal_sequences-c_briggsae_PRJNA10731-LinearBasicDisplay",
               "renderer" : {
                  "color1" : "purple",
                  "labels" : {
                     "description" : "jexl:get(feature,'type') || get(feature,'description')"
                  },
                  "type" : "SvgFeatureRenderer"
               },
               "type" : "LinearBasicDisplay"
            }
         ],
         "name" : "PolyA sites and signal sequences",
         "adapter" : {
            "type" : "NCListAdapter",
            "rootUrlTemplate" : {
               "uri" : "https://s3.amazonaws.com/agrjbrowse/MOD-jbrowses/WormBase/WS287/c_briggsae_PRJNA10731/tracks/PolyA sites and signal sequences/{refseq}/trackData.jsonz",
               "locationType" : "UriLocation"
            }
         },
         "assemblyNames" : [
            "c_briggsae_PRJNA10731"
         ],
         "category" : [
            "Sequence Features",
            "Signals & Motifs"
         ],
         "type" : "FeatureTrack",
         "trackId" : "c_briggsae_PRJNA10731_polya_sites_and_signal_sequences"
      },
      {
         "displays" : [
            {
               "type" : "LinearBasicDisplay",
               "mouseover" : "jexl:get(feature,'name')+', '+get(feature,'consequence')",
               "displayId" : "change_of_function_polymorphisms-c_briggsae_PRJNA10731-LinearBasicDisplay",
               "renderer" : {
                  "outline" : "jexl:get(feature,'vep_impact')=='HIGH'?'red':get(feature,'vep_impact')=='MODIFIER'?'purple':get(feature,'vep_impact')=='MODERATE'?'gold':get(feature,'vep_impact')=='LOW'?'cyan':'black'",
                  "color1" : "jexl:get(feature,'vep_impact')=='HIGH'?'red':get(feature,'vep_impact')=='MODIFIER'?'purple':get(feature,'vep_impact')=='MODERATE'?'gold':get(feature,'vep_impact')=='LOW'?'cyan':'white'",
                  "type" : "SvgFeatureRenderer"
               }
            }
         ],
         "description" : "This track shows single nucleotide polymorphisms (SNPs) that may generate a change of function. In this track, the molecular nature of the polymorphism is indicated by its glyph: Boxes are deletions or substitutions; triangles are insertions; point mutations are diamonds. Color signifies the severity of impact predicted by Ensembl's Variant Effect Predictor. 'HIGH' impacts are red, 'MEDIUM' are yellow, 'LOW' are cyan (light blue), and 'MODIFIER' are purple. This is the same color scheme as is used at the Alliance of Genome Resources.",
         "name" : "Change of function polymorphisms",
         "assemblyNames" : [
            "c_briggsae_PRJNA10731"
         ],
         "adapter" : {
            "rootUrlTemplate" : {
               "uri" : "https://s3.amazonaws.com/agrjbrowse/MOD-jbrowses/WormBase/WS287/c_briggsae_PRJNA10731/tracks/Change-of-function polymorphisms/{refseq}/trackData.jsonz",
               "locationType" : "UriLocation"
            },
            "type" : "NCListAdapter"
         },
         "trackId" : "c_briggsae_PRJNA10731-change_of_function_polymorphisms",
         "category" : [
            "Alleles, Variations, RNAi"
         ],
         "type" : "FeatureTrack"
      },
      {
         "trackId" : "c_briggsae_PRJNA10731_rnaseq_asymmetries",
         "type" : "FeatureTrack",
         "category" : [
            "Expression"
         ],
         "displays" : [
            {
               "displayId" : "rnaseq_asymmetries-c_briggsae_PRJNA10731-LinearBasicDisplay",
               "renderer" : {
                  "color1" : "jexl:get(feature,'source')=='RNASeq_R_asymmetry'?'red': get(feature,'source')=='RNASeq_F_asymmetry'?'green':'black'",
                  "height" : 24,
                  "displayMode" : "collapse",
                  "showLabels" : false,
                  "type" : "SvgFeatureRenderer"
               },
               "type" : "LinearBasicDisplay",
               "mouseover" : "jexl:'Score: '+get(feature,'score')"
            }
         ],
         "description" : "Red boxes indicate regions where there are more than 2 times as many forward sense RNASeq reads aligned to the genome as reverse sense reads. This asymmetrical signal has been found empirically to be a sensitive marker for the ends of transcripts. Green boxes indicate regions where there are more than 2 times as many reverse sense RNASeq reads aligned to the genome as forward sense reads. This asymmetrical signal has been found empirically to be sensitive marker for the ends of transcripts. The height of all boxes indicates the relative score of the feature.",
         "name" : "RNASeq Asymmetries",
         "assemblyNames" : [
            "c_briggsae_PRJNA10731"
         ],
         "adapter" : {
            "rootUrlTemplate" : {
               "uri" : "https://s3.amazonaws.com/agrjbrowse/MOD-jbrowses/WormBase/WS287/c_briggsae_PRJNA10731/tracks/RNASeq Asymmetries/{refseq}/trackData.jsonz",
               "locationType" : "UriLocation"
            },
            "type" : "NCListAdapter"
         }
      },
      {
         "description" : "Matches to WormBase C. japonica proteins, aligned with BLASTX (nucleotide to protein, via six-frame translation).",
         "displays" : [
            {
               "displayId" : "C_japonica_proteins-c_briggsae_PRJNA10731-LinearBasicDisplay",
               "renderer" : {
                  "type" : "SvgFeatureRenderer",
                  "showLabels" : false,
                  "color1" : "orange",
                  "height" : 4
               },
               "type" : "LinearBasicDisplay",
               "mouseover" : "jexl:get(feature,'clone')"
            }
         ],
         "name" : "C. japonica proteins",
         "adapter" : {
            "rootUrlTemplate" : {
               "locationType" : "UriLocation",
               "uri" : "https://s3.amazonaws.com/agrjbrowse/MOD-jbrowses/WormBase/WS287/c_briggsae_PRJNA10731/tracks/C. japonica proteins/{refseq}/trackData.jsonz"
            },
            "type" : "NCListAdapter"
         },
         "assemblyNames" : [
            "c_briggsae_PRJNA10731"
         ],
         "type" : "FeatureTrack",
         "category" : [
            "Sequence Similarity",
            "Proteins"
         ],
         "trackId" : "c_briggsae_PRJNA10731_C_japonica_proteins"
      },
      {
         "assemblyNames" : [
            "c_briggsae_PRJNA10731"
         ],
         "adapter" : {
            "type" : "NCListAdapter",
            "rootUrlTemplate" : {
               "uri" : "https://s3.amazonaws.com/agrjbrowse/MOD-jbrowses/WormBase/WS287/c_briggsae_PRJNA10731/tracks/TEC-RED tags/{refseq}/trackData.jsonz",
               "locationType" : "UriLocation"
            }
         },
         "displays" : [
            {
               "displayId" : "tec-red_tags-c_briggsae_PRJNA10731-LinearBasicDisplay",
               "renderer" : {
                  "color1" : "red",
                  "height" : 5,
                  "type" : "SvgFeatureRenderer"
               },
               "type" : "LinearBasicDisplay"
            }
         ],
         "description" : "Trans-spliced Exon Coupled RNA End Determination (TEC-RED) tags. TEC-RED uses a method similar to SAGE to identify expressed genes and characterize the 5' end of transcripts.",
         "name" : "TEC-RED tags",
         "trackId" : "c_briggsae_PRJNA10731_tec-red_tags",
         "type" : "FeatureTrack",
         "category" : [
            "Genes",
            "Supporting Evidence"
         ]
      },
      {
         "type" : "FeatureTrack",
         "category" : [
            "Sequence Similarity",
            "Proteins"
         ],
         "trackId" : "c_briggsae_PRJNA10731_S_ratti_proteins",
         "adapter" : {
            "rootUrlTemplate" : {
               "locationType" : "UriLocation",
               "uri" : "https://s3.amazonaws.com/agrjbrowse/MOD-jbrowses/WormBase/WS287/c_briggsae_PRJNA10731/tracks/S. ratti proteins/{refseq}/trackData.jsonz"
            },
            "type" : "NCListAdapter"
         },
         "assemblyNames" : [
            "c_briggsae_PRJNA10731"
         ],
         "description" : "Matches to WormBase S. ratti proteins, aligned with BLASTX (nucleotide to protein, via six-frame translation).",
         "displays" : [
            {
               "renderer" : {
                  "type" : "SvgFeatureRenderer",
                  "showLabels" : false,
                  "color1" : "orange",
                  "height" : 4
               },
               "displayId" : "S_ratti_proteins-c_briggsae_PRJNA10731-LinearBasicDisplay",
               "mouseover" : "jexl:get(feature,'clone')",
               "type" : "LinearBasicDisplay"
            }
         ],
         "name" : "S. ratti proteins"
      },
      {
         "trackId" : "c_briggsae_PRJNA10731_O_volvulus_proteins",
         "type" : "FeatureTrack",
         "category" : [
            "Sequence Similarity",
            "Proteins"
         ],
         "assemblyNames" : [
            "c_briggsae_PRJNA10731"
         ],
         "adapter" : {
            "rootUrlTemplate" : {
               "uri" : "https://s3.amazonaws.com/agrjbrowse/MOD-jbrowses/WormBase/WS287/c_briggsae_PRJNA10731/tracks/O. volvulus proteins/{refseq}/trackData.jsonz",
               "locationType" : "UriLocation"
            },
            "type" : "NCListAdapter"
         },
         "displays" : [
            {
               "displayId" : "O_volvulus_proteins-c_briggsae_PRJNA10731-LinearBasicDisplay",
               "renderer" : {
                  "height" : 4,
                  "color1" : "orange",
                  "type" : "SvgFeatureRenderer",
                  "showLabels" : false
               },
               "mouseover" : "jexl:get(feature,'clone')",
               "type" : "LinearBasicDisplay"
            }
         ],
         "description" : "Matches to WormBase O. volvulus proteins, aligned with BLASTX (nucleotide to protein, via six-frame translation).",
         "name" : "O. volvulus proteins"
      },
      {
         "trackId" : "c_briggsae_PRJNA10731_low_complextity_region_(dust)",
         "category" : [
            "Genome Structure",
            "Repeats"
         ],
         "type" : "FeatureTrack",
         "displays" : [
            {
               "renderer" : {
                  "type" : "SvgFeatureRenderer",
                  "showLabels" : false,
                  "showDescriptions" : false,
                  "color1" : "bisque",
                  "height" : 4
               },
               "displayId" : "low_complextity_region_(dust)-c_briggsae_PRJNA10731-LinearBasicDisplay",
               "type" : "LinearBasicDisplay"
            }
         ],
         "description" : "Low-complexity regions identified by Dust.",
         "name" : "Low complextity region (Dust)",
         "assemblyNames" : [
            "c_briggsae_PRJNA10731"
         ],
         "adapter" : {
            "type" : "NCListAdapter",
            "rootUrlTemplate" : {
               "locationType" : "UriLocation",
               "uri" : "https://s3.amazonaws.com/agrjbrowse/MOD-jbrowses/WormBase/WS287/c_briggsae_PRJNA10731/tracks/Low complextity region (Dust)/{refseq}/trackData.jsonz"
            }
         }
      },
      {
         "trackId" : "c_briggsae_PRJNA10731_ests",
         "category" : [
            "Genes",
            "Supporting Evidence"
         ],
         "type" : "FeatureTrack",
         "name" : "ESTs",
         "displays" : [
            {
               "type" : "LinearBasicDisplay",
               "renderer" : {
                  "color1" : "jexl:parent(feature)=='undefined'?'red':get(parent(feature),'has_mate')==1?'limegreen':get(parent(feature),'has_mate')==2?'green':get(parent(feature),'has_mate')==0?'gold':'black'",
                  "type" : "SvgFeatureRenderer"
               },
               "displayId" : "ests-c_briggsae_PRJNA10731-LinearBasicDisplay"
            }
         ],
         "description" : "Native (same-species) Expressed Sequence Tags (ESTs), aligned to the genome using <a href='http://genome.cse.ucsc.edu/cgi-bin/hgBlat'>BLAT</a>. This track shows the best unique location for each EST. The paired 5' and 3' ESTs from the same cDNA clone are connected by a dashed line and a colored light green. ESTs with no mate are yellow, and ESTs with a mate that is 'far away' are dark green.",
         "assemblyNames" : [
            "c_briggsae_PRJNA10731"
         ],
         "adapter" : {
            "rootUrlTemplate" : {
               "uri" : "https://s3.amazonaws.com/agrjbrowse/MOD-jbrowses/WormBase/WS287/c_briggsae_PRJNA10731/tracks/ESTs (best)/{refseq}/trackData.jsonz",
               "locationType" : "UriLocation"
            },
            "type" : "NCListAdapter"
         }
      },
      {
         "name" : "Other UniProt proteins",
         "displays" : [
            {
               "type" : "LinearBasicDisplay",
               "renderer" : {
                  "color1" : "orange",
                  "height" : 4,
                  "showLabels" : false,
                  "type" : "SvgFeatureRenderer",
                  "showDescriptions" : false
               },
               "displayId" : "other_uniprot_proteins-c_briggsae_PRJNA10731-LinearBasicDisplay"
            }
         ],
         "description" : "Matches to proteins from a slimmed-down version of UniProt (with proteins from WormBase core nematodes, human, fly and yeast removed), aligned with BLASTX (nucleotide to protein, via six-frame translation).",
         "assemblyNames" : [
            "c_briggsae_PRJNA10731"
         ],
         "adapter" : {
            "rootUrlTemplate" : {
               "uri" : "https://s3.amazonaws.com/agrjbrowse/MOD-jbrowses/WormBase/WS287/c_briggsae_PRJNA10731/tracks/Other UniProt proteins/{refseq}/trackData.jsonz",
               "locationType" : "UriLocation"
            },
            "type" : "NCListAdapter"
         },
         "trackId" : "c_briggsae_PRJNA10731_other_uniprot_proteins",
         "type" : "FeatureTrack",
         "category" : [
            "Sequence Similarity",
            "Proteins"
         ]
      },
      {
         "adapter" : {
            "rootUrlTemplate" : {
               "locationType" : "UriLocation",
               "uri" : "https://s3.amazonaws.com/agrjbrowse/MOD-jbrowses/WormBase/WS287/c_briggsae_PRJNA10731/tracks/Change-of-function alleles/{refseq}/trackData.jsonz"
            },
            "type" : "NCListAdapter"
         },
         "assemblyNames" : [
            "c_briggsae_PRJNA10731"
         ],
         "name" : "Change-of-function alleles",
         "displays" : [
            {
               "type" : "LinearBasicDisplay",
               "mouseover" : "jexl:get(feature,'name')+', '+get(feature,'consequence')",
               "displayId" : "change-of-function_alleles-c_briggsae_PRJNA10731-LinearBasicDisplay",
               "renderer" : {
                  "showLabels" : false,
                  "type" : "SvgFeatureRenderer",
                  "showDescriptions" : false,
                  "color1" : "jexl:get(feature,'vep_impact')=='HIGH'?'red':get(feature,'vep_impact')=='MODIFIER'?'purple':get(feature,'vep_impact')=='MODERATE'?'gold':get(feature,'vep_impact')=='LOW'?'cyan':'white'"
               }
            }
         ],
         "type" : "FeatureTrack",
         "category" : [
            "Alleles, Variations, RNAi"
         ],
         "trackId" : "c_briggsae_PRJNA10731_change-of-function_alleles"
      },
      {
         "displays" : [
            {
               "displayId" : "contig_submissions-c_briggsae_PRJNA10731-LinearBasicDisplay",
               "renderer" : {
                  "type" : "SvgFeatureRenderer",
                  "color1" : "sienna",
                  "height" : 7
               },
               "type" : "LinearBasicDisplay"
            }
         ],
         "description" : "This track shows the location and coordinates of contigs (mostly cosmids) submitted to GenBank/EMBL.",
         "name" : "Contig submissions",
         "assemblyNames" : [
            "c_briggsae_PRJNA10731"
         ],
         "adapter" : {
            "rootUrlTemplate" : {
               "uri" : "https://s3.amazonaws.com/agrjbrowse/MOD-jbrowses/WormBase/WS287/c_briggsae_PRJNA10731/tracks/Contig submissions/{refseq}/trackData.jsonz",
               "locationType" : "UriLocation"
            },
            "type" : "NCListAdapter"
         },
         "trackId" : "c_briggsae_PRJNA10731_contig_submissions",
         "category" : [
            "Genome Structure",
            "Assembly & Curation"
         ],
         "type" : "FeatureTrack"
      },
      {
         "type" : "FeatureTrack",
         "category" : [
            "Sequence Similarity",
            "Proteins"
         ],
         "trackId" : "c_briggsae_PRJNA10731_P_pacificus_proteins",
         "description" : "Matches to WormBase P. pacificus proteins, aligned with BLASTX (nucleotide to protein, via six-frame translation).",
         "displays" : [
            {
               "type" : "LinearBasicDisplay",
               "mouseover" : "jexl:get(feature,'clone')",
               "renderer" : {
                  "color1" : "orange",
                  "height" : 4,
                  "type" : "SvgFeatureRenderer",
                  "showLabels" : false
               },
               "displayId" : "P_pacificus_proteins-c_briggsae_PRJNA10731-LinearBasicDisplay"
            }
         ],
         "name" : "P. pacificus proteins",
         "adapter" : {
            "type" : "NCListAdapter",
            "rootUrlTemplate" : {
               "locationType" : "UriLocation",
               "uri" : "https://s3.amazonaws.com/agrjbrowse/MOD-jbrowses/WormBase/WS287/c_briggsae_PRJNA10731/tracks/P. pacificus proteins/{refseq}/trackData.jsonz"
            }
         },
         "assemblyNames" : [
            "c_briggsae_PRJNA10731"
         ]
      },
      {
         "assemblyNames" : [
            "c_briggsae_PRJNA10731"
         ],
         "adapter" : {
            "type" : "NCListAdapter",
            "rootUrlTemplate" : {
               "uri" : "https://s3.amazonaws.com/agrjbrowse/MOD-jbrowses/WormBase/WS287/c_briggsae_PRJNA10731/tracks/T. muris proteins/{refseq}/trackData.jsonz",
               "locationType" : "UriLocation"
            }
         },
         "displays" : [
            {
               "displayId" : "T_muris_proteins-c_briggsae_PRJNA10731-LinearBasicDisplay",
               "renderer" : {
                  "color1" : "orange",
                  "height" : 4,
                  "type" : "SvgFeatureRenderer",
                  "showLabels" : false
               },
               "type" : "LinearBasicDisplay",
               "mouseover" : "jexl:get(feature,'clone')"
            }
         ],
         "description" : "Matches to WormBase T. muris proteins, aligned with BLASTX (nucleotide to protein, via six-frame translation).",
         "name" : "T. muris proteins",
         "trackId" : "c_briggsae_PRJNA10731_T_muris_proteins",
         "category" : [
            "Sequence Similarity",
            "Proteins"
         ],
         "type" : "FeatureTrack"
      },
      {
         "assemblyNames" : [
            "c_briggsae_PRJNA10731"
         ],
         "adapter" : {
            "type" : "NCListAdapter",
            "rootUrlTemplate" : {
               "locationType" : "UriLocation",
               "uri" : "https://s3.amazonaws.com/agrjbrowse/MOD-jbrowses/WormBase/WS287/c_briggsae_PRJNA10731/tracks/Tandem and Inverted Repeats/{refseq}/trackData.jsonz"
            }
         },
         "displays" : [
            {
               "displayId" : "tandem_and_inverted_repeats-c_briggsae_PRJNA10731-LinearBasicDisplay",
               "renderer" : {
                  "type" : "SvgFeatureRenderer",
                  "showLabels" : false,
                  "showDescriptions" : false,
                  "color1" : "bisque"
               },
               "type" : "LinearBasicDisplay"
            }
         ],
         "description" : "Exact tandem and inverted repetitive elements.",
         "name" : "Tandem and Inverted Repeats",
         "trackId" : "c_briggsae_PRJNA10731_tandem_and_inverted_repeats",
         "category" : [
            "Genome Structure",
            "Repeats"
         ],
         "type" : "FeatureTrack"
      },
      {
         "type" : "FeatureTrack",
         "category" : [
            "Sequence Similarity",
            "Proteins"
         ],
         "trackId" : "c_briggsae_PRJNA10731_H_sapiens_proteins",
         "adapter" : {
            "rootUrlTemplate" : {
               "uri" : "https://s3.amazonaws.com/agrjbrowse/MOD-jbrowses/WormBase/WS287/c_briggsae_PRJNA10731/tracks/H. sapiens proteins/{refseq}/trackData.jsonz",
               "locationType" : "UriLocation"
            },
            "type" : "NCListAdapter"
         },
         "assemblyNames" : [
            "c_briggsae_PRJNA10731"
         ],
         "description" : "Matches to WormBase H. sapiens proteins, aligned with BLASTX (nucleotide to protein, via six-frame translation).",
         "displays" : [
            {
               "type" : "LinearBasicDisplay",
               "mouseover" : "jexl:get(feature,'clone')",
               "renderer" : {
                  "showLabels" : false,
                  "type" : "SvgFeatureRenderer",
                  "color1" : "orange",
                  "height" : 4
               },
               "displayId" : "H_sapiens_proteins-c_briggsae_PRJNA10731-LinearBasicDisplay"
            }
         ],
         "name" : "H. sapiens proteins"
      },
      {
         "displays" : [
            {
               "type" : "LinearBasicDisplay",
               "renderer" : {
                  "type" : "SvgFeatureRenderer",
                  "height" : 4,
                  "color1" : "black"
               },
               "displayId" : "microarray_oligo_probes-c_briggsae_PRJNA10731-LinearBasicDisplay"
            }
         ],
         "description" : "This track contains Affymetrix GeneChip and Washington University GSC microarray probe sets.",
         "name" : "Microarray oligo probes",
         "assemblyNames" : [
            "c_briggsae_PRJNA10731"
         ],
         "adapter" : {
            "rootUrlTemplate" : {
               "uri" : "https://s3.amazonaws.com/agrjbrowse/MOD-jbrowses/WormBase/WS287/c_briggsae_PRJNA10731/tracks/Microarray oligo probes/{refseq}/trackData.jsonz",
               "locationType" : "UriLocation"
            },
            "type" : "NCListAdapter"
         },
         "trackId" : "c_briggsae_PRJNA10731_microarray_oligo_probes",
         "category" : [
            "Reagents"
         ],
         "type" : "FeatureTrack"
      },
      {
         "adapter" : {
            "rootUrlTemplate" : {
               "locationType" : "UriLocation",
               "uri" : "https://s3.amazonaws.com/agrjbrowse/MOD-jbrowses/WormBase/WS287/c_briggsae_PRJNA10731/tracks/D. melanogaster proteins/{refseq}/trackData.jsonz"
            },
            "type" : "NCListAdapter"
         },
         "assemblyNames" : [
            "c_briggsae_PRJNA10731"
         ],
         "description" : "Matches to WormBase D. melanogaster proteins, aligned with BLASTX (nucleotide to protein, via six-frame translation).",
         "displays" : [
            {
               "mouseover" : "jexl:get(feature,'clone')",
               "type" : "LinearBasicDisplay",
               "renderer" : {
                  "height" : 4,
                  "color1" : "orange",
                  "type" : "SvgFeatureRenderer",
                  "showLabels" : false
               },
               "displayId" : "D_melanogaster_proteins-c_briggsae_PRJNA10731-LinearBasicDisplay"
            }
         ],
         "name" : "D. melanogaster proteins",
         "type" : "FeatureTrack",
         "category" : [
            "Sequence Similarity",
            "Proteins"
         ],
         "trackId" : "c_briggsae_PRJNA10731_D_melanogaster_proteins"
      },
      {
         "name" : "Trinity-assembled RNAseq",
         "description" : "Native (same species) RNAseq data was assembled with Trinity and then aligned to the genome with BLAT",
         "displays" : [
            {
               "renderer" : {
                  "height" : 5,
                  "color1" : "mediumpurple",
                  "showLabels" : false,
                  "type" : "SvgFeatureRenderer"
               },
               "displayId" : "trinity-assembled_rnaseq-c_briggsae_PRJNA10731-LinearBasicDisplay",
               "type" : "LinearBasicDisplay"
            }
         ],
         "adapter" : {
            "rootUrlTemplate" : {
               "uri" : "https://s3.amazonaws.com/agrjbrowse/MOD-jbrowses/WormBase/WS287/c_briggsae_PRJNA10731/tracks/Trinity-assembled RNAseq/{refseq}/trackData.jsonz",
               "locationType" : "UriLocation"
            },
            "type" : "NCListAdapter"
         },
         "assemblyNames" : [
            "c_briggsae_PRJNA10731"
         ],
         "type" : "FeatureTrack",
         "category" : [
            "Genes",
            "Supporting Evidence"
         ],
         "trackId" : "c_briggsae_PRJNA10731_trinity-assembled_rnaseq"
      },
      {
         "name" : "B. malayi proteins",
         "description" : "Matches to WormBase B. malayi proteins, aligned with BLASTX (nucleotide to protein, via six-frame translation).",
         "displays" : [
            {
               "renderer" : {
                  "showLabels" : false,
                  "type" : "SvgFeatureRenderer",
                  "height" : 4,
                  "color1" : "orange"
               },
               "displayId" : "B_malayi_proteins-c_briggsae_PRJNA10731-LinearBasicDisplay",
               "mouseover" : "jexl:get(feature,'clone')",
               "type" : "LinearBasicDisplay"
            }
         ],
         "adapter" : {
            "type" : "NCListAdapter",
            "rootUrlTemplate" : {
               "locationType" : "UriLocation",
               "uri" : "https://s3.amazonaws.com/agrjbrowse/MOD-jbrowses/WormBase/WS287/c_briggsae_PRJNA10731/tracks/B. malayi proteins/{refseq}/trackData.jsonz"
            }
         },
         "assemblyNames" : [
            "c_briggsae_PRJNA10731"
         ],
         "category" : [
            "Sequence Similarity",
            "Proteins"
         ],
         "type" : "FeatureTrack",
         "trackId" : "c_briggsae_PRJNA10731_B_malayi_proteins"
      },
      {
         "trackId" : "c_briggsae_PRJNA10731_rnaseq",
         "type" : "FeatureTrack",
         "category" : [
            "Expression"
         ],
         "assemblyNames" : [
            "c_briggsae_PRJNA10731"
         ],
         "adapter" : {
            "rootUrlTemplate" : {
               "uri" : "https://s3.amazonaws.com/agrjbrowse/MOD-jbrowses/WormBase/WS287/c_briggsae_PRJNA10731/tracks/RNASeq/{refseq}/trackData.jsonz",
               "locationType" : "UriLocation"
            },
            "type" : "NCListAdapter"
         },
         "displays" : [
            {
               "displayId" : "rnaseq-c_briggsae_PRJNA10731-LinearBasicDisplay",
               "renderer" : {
                  "type" : "SvgFeatureRenderer",
                  "showLabels" : false,
                  "color1" : "black",
                  "height" : "jexl:get(feature,'score')>100?50:floor(get(feature,'score')/2)>4?floor(get(feature,'score')/2):4",
                  "displayMode" : "collapse"
               },
               "type" : "LinearBasicDisplay",
               "mouseover" : "jexl:'Score: '+get(feature,'score')"
            }
         ],
         "description" : "These boxes indicate alignments of short read sequences from all available RNASeq projects. The number of reads has been normalised by averaging over the number of libraries. The height of all boxes indicates the relative score of the feature.",
         "name" : "RNASeq"
      },
      {
         "trackId" : "c_briggsae_PRJNA10731_C_remanei_proteins",
         "category" : [
            "Sequence Similarity",
            "Proteins"
         ],
         "type" : "FeatureTrack",
         "assemblyNames" : [
            "c_briggsae_PRJNA10731"
         ],
         "adapter" : {
            "rootUrlTemplate" : {
               "locationType" : "UriLocation",
               "uri" : "https://s3.amazonaws.com/agrjbrowse/MOD-jbrowses/WormBase/WS287/c_briggsae_PRJNA10731/tracks/C. remanei proteins/{refseq}/trackData.jsonz"
            },
            "type" : "NCListAdapter"
         },
         "displays" : [
            {
               "mouseover" : "jexl:get(feature,'clone')",
               "type" : "LinearBasicDisplay",
               "displayId" : "C_remanei_proteins-c_briggsae_PRJNA10731-LinearBasicDisplay",
               "renderer" : {
                  "showLabels" : false,
                  "type" : "SvgFeatureRenderer",
                  "color1" : "orange",
                  "height" : 4
               }
            }
         ],
         "description" : "Matches to WormBase C. remanei proteins, aligned with BLASTX (nucleotide to protein, via six-frame translation).",
         "name" : "C. remanei proteins"
      },
      {
         "adapter" : {
            "type" : "NCListAdapter",
            "rootUrlTemplate" : {
               "uri" : "https://s3.amazonaws.com/agrjbrowse/MOD-jbrowses/WormBase/WS287/c_briggsae_PRJNA10731/tracks/S. cerevisiae proteins/{refseq}/trackData.jsonz",
               "locationType" : "UriLocation"
            }
         },
         "assemblyNames" : [
            "c_briggsae_PRJNA10731"
         ],
         "description" : "Matches to WormBase S. cerevisiae proteins, aligned with BLASTX (nucleotide to protein, via six-frame translation).",
         "displays" : [
            {
               "type" : "LinearBasicDisplay",
               "mouseover" : "jexl:get(feature,'clone')",
               "displayId" : "S_cerevisiae_proteins-c_briggsae_PRJNA10731-LinearBasicDisplay",
               "renderer" : {
                  "type" : "SvgFeatureRenderer",
                  "showLabels" : false,
                  "color1" : "orange",
                  "height" : 4
               }
            }
         ],
         "name" : "S. cerevisiae proteins",
         "category" : [
            "Sequence Similarity",
            "Proteins"
         ],
         "type" : "FeatureTrack",
         "trackId" : "c_briggsae_PRJNA10731_S_cerevisiae_proteins"
      },
      {
         "assemblyNames" : [
            "c_briggsae_PRJNA10731"
         ],
         "adapter" : {
            "rootUrlTemplate" : {
               "locationType" : "UriLocation",
               "uri" : "https://s3.amazonaws.com/agrjbrowse/MOD-jbrowses/WormBase/WS287/c_briggsae_PRJNA10731/tracks/Nanopore matches/{refseq}/trackData.jsonz"
            },
            "type" : "NCListAdapter"
         },
         "name" : "Nanopore matches",
         "displays" : [
            {
               "type" : "LinearBasicDisplay",
               "displayId" : "nanopore_matches-c_briggsae_PRJNA10731-LinearBasicDisplay",
               "renderer" : {
                  "type" : "SvgFeatureRenderer",
                  "showLabels" : false,
                  "height" : 4,
                  "color1" : "jexl:get(feature,'source')=='BLAT_Caen_mRNA'?'lightblue':'green'"
               }
            }
         ],
         "description" : "This Nanopore transcript data is from the paper 'The full-length transcriptome of C. elegans using direct RNA sequencing' Roach et al. https://doi.org/10.1101/598763. Where several transcripts are nearly identical, they are represented by a single transcript and the number of transcripts is recorded in the read coverage. Sequencing is from 3' to 5' and randomly terminates, so the 5' end of transcripts is often incomplete.",
         "trackId" : "c_briggsae_PRJNA10731_nanopore_matches",
         "category" : [
            "Genes",
            "Supporting Evidence"
         ],
         "type" : "FeatureTrack"
      },
      {
         "name" : "C. briggsae proteins",
         "description" : "Matches to WormBase C. briggsae proteins, aligned with BLASTX (nucleotide to protein, via six-frame translation).",
         "displays" : [
            {
               "mouseover" : "jexl:get(feature,'clone')",
               "type" : "LinearBasicDisplay",
               "displayId" : "C_briggsae_proteins-c_briggsae_PRJNA10731-LinearBasicDisplay",
               "renderer" : {
                  "showLabels" : false,
                  "type" : "SvgFeatureRenderer",
                  "color1" : "orange",
                  "height" : 4
               }
            }
         ],
         "adapter" : {
            "rootUrlTemplate" : {
               "uri" : "https://s3.amazonaws.com/agrjbrowse/MOD-jbrowses/WormBase/WS287/c_briggsae_PRJNA10731/tracks/C. briggsae proteins/{refseq}/trackData.jsonz",
               "locationType" : "UriLocation"
            },
            "type" : "NCListAdapter"
         },
         "assemblyNames" : [
            "c_briggsae_PRJNA10731"
         ],
         "type" : "FeatureTrack",
         "category" : [
            "Sequence Similarity",
            "Proteins"
         ],
         "trackId" : "c_briggsae_PRJNA10731_C_briggsae_proteins"
      },
      {
         "trackId" : "c_briggsae_PRJNA10731_links_and_superlinks",
         "category" : [
            "Genome Structure",
            "Assembly & Curation"
         ],
         "type" : "FeatureTrack",
         "name" : "Links and Superlinks",
         "displays" : [
            {
               "renderer" : {
                  "type" : "SvgFeatureRenderer",
                  "color1" : "black",
                  "height" : 4
               },
               "displayId" : "links_and_superlinks-c_briggsae_PRJNA10731-LinearBasicDisplay",
               "type" : "LinearBasicDisplay"
            }
         ],
         "description" : "This track shows the location and coordinates of contigs created during the assembly of the C. elegans genome.",
         "assemblyNames" : [
            "c_briggsae_PRJNA10731"
         ],
         "adapter" : {
            "rootUrlTemplate" : {
               "uri" : "https://s3.amazonaws.com/agrjbrowse/MOD-jbrowses/WormBase/WS287/c_briggsae_PRJNA10731/tracks/Links and Superlinks/{refseq}/trackData.jsonz",
               "locationType" : "UriLocation"
            },
            "type" : "NCListAdapter"
         }
      },
      {
         "trackId" : "c_briggsae_PRJNA10731_repeat_region_(repeatmasker)",
         "type" : "FeatureTrack",
         "category" : [
            "Genome Structure",
            "Repeats"
         ],
         "assemblyNames" : [
            "c_briggsae_PRJNA10731"
         ],
         "adapter" : {
            "type" : "NCListAdapter",
            "rootUrlTemplate" : {
               "locationType" : "UriLocation",
               "uri" : "https://s3.amazonaws.com/agrjbrowse/MOD-jbrowses/WormBase/WS287/c_briggsae_PRJNA10731/tracks/Repeat Region (RepeatMasker)/{refseq}/trackData.jsonz"
            }
         },
         "displays" : [
            {
               "displayId" : "repeat_region_(repeatmasker)-c_briggsae_PRJNA10731-LinearBasicDisplay",
               "renderer" : {
                  "type" : "SvgFeatureRenderer",
                  "showLabels" : false,
                  "showDescriptions" : false,
                  "color1" : "bisque",
                  "height" : 4
               },
               "type" : "LinearBasicDisplay"
            }
         ],
         "description" : "Repetitive regions identified by RepeatMasker.",
         "name" : "Repeat Region (RepeatMasker)"
      },
      {
         "description" : "Matches to WormBase C. elegans proteins, aligned with BLASTX (nucleotide to protein, via six-frame translation).",
         "displays" : [
            {
               "renderer" : {
                  "type" : "SvgFeatureRenderer",
                  "showLabels" : false,
                  "height" : 4,
                  "color1" : "orange"
               },
               "displayId" : "C_elegans_proteins-c_briggsae_PRJNA10731-LinearBasicDisplay",
               "mouseover" : "jexl:get(feature,'clone')",
               "type" : "LinearBasicDisplay"
            }
         ],
         "name" : "C. elegans proteins",
         "adapter" : {
            "type" : "NCListAdapter",
            "rootUrlTemplate" : {
               "uri" : "https://s3.amazonaws.com/agrjbrowse/MOD-jbrowses/WormBase/WS287/c_briggsae_PRJNA10731/tracks/C. elegans proteins/{refseq}/trackData.jsonz",
               "locationType" : "UriLocation"
            }
         },
         "assemblyNames" : [
            "c_briggsae_PRJNA10731"
         ],
         "type" : "FeatureTrack",
         "category" : [
            "Sequence Similarity",
            "Proteins"
         ],
         "trackId" : "c_briggsae_PRJNA10731_C_elegans_proteins"
      },
      {
         "type" : "FeatureTrack",
         "category" : [
            "Genome Structure",
            "Assembly & Curation"
         ],
         "trackId" : "c_briggsae_PRJNA10731_genbank_submissions",
         "adapter" : {
            "rootUrlTemplate" : {
               "uri" : "https://s3.amazonaws.com/agrjbrowse/MOD-jbrowses/WormBase/WS287/c_briggsae_PRJNA10731/tracks/Genbank submissions/{refseq}/trackData.jsonz",
               "locationType" : "UriLocation"
            },
            "type" : "NCListAdapter"
         },
         "assemblyNames" : [
            "c_briggsae_PRJNA10731"
         ],
         "name" : "Genbank submissions",
         "description" : "The C. elegans genome was submitted to the GenBank and EMBL databases in in the form of a set of minimally-overlapping segments.  This track shows the position of these accessioned entries.",
         "displays" : [
            {
               "type" : "LinearBasicDisplay",
               "mouseover" : "jexl:get(feature,'genbank')",
               "displayId" : "genbank_submissions-c_briggsae_PRJNA10731-LinearBasicDisplay",
               "renderer" : {
                  "type" : "SvgFeatureRenderer",
                  "height" : 4,
                  "color1" : "sienna"
               }
            }
         ]
      },
      {
         "category" : [
            "Expression"
         ],
         "type" : "FeatureTrack",
         "trackId" : "c_briggsae_PRJNA10731_rnaseq_introns",
         "adapter" : {
            "rootUrlTemplate" : {
               "locationType" : "UriLocation",
               "uri" : "https://s3.amazonaws.com/agrjbrowse/MOD-jbrowses/WormBase/WS287/c_briggsae_PRJNA10731/tracks/RNASeq introns/{refseq}/trackData.jsonz"
            },
            "type" : "NCListAdapter"
         },
         "assemblyNames" : [
            "c_briggsae_PRJNA10731"
         ],
         "description" : "These are introns formed by aligned RNASeq reads spanning a region of the genome. Alignments of short read sequences from all available RNASeq projects were used. The number of reads spanning the introns is indicated by the thickness of the display.",
         "displays" : [
            {
               "renderer" : {
                  "showDescriptions" : false,
                  "showLabels" : false,
                  "type" : "SvgFeatureRenderer",
                  "height" : "jexl:get(feature,'score')>100?50:get(feature,'score')<8?4:floor(get(feature,'score')/2)",
                  "color1" : "green"
               },
               "displayId" : "rnaseq_introns-c_briggsae_PRJNA10731-LinearBasicDisplay",
               "type" : "LinearBasicDisplay",
               "mouseover" : "jexl:get(feature,'score')+' reads'"
            }
         ],
         "name" : "RNASeq introns"
      },
      {
         "type" : "FeatureTrack",
         "category" : [
            "Expression"
         ],
         "trackId" : "c_briggsae_PRJNA10731_rnaseq_splice_junctions_(common)",
         "adapter" : {
            "type" : "NCListAdapter",
            "rootUrlTemplate" : {
               "locationType" : "UriLocation",
               "uri" : "https://s3.amazonaws.com/agrjbrowse/MOD-jbrowses/WormBase/WS287/c_briggsae_PRJNA10731/tracks/RNASeq Splice Junctions (common)/{refseq}/trackData.jsonz"
            }
         },
         "assemblyNames" : [
            "c_briggsae_PRJNA10731"
         ],
         "description" : "These are introns formed by aligned RNASeq reads spanning a region of the genome. Alignments of short read sequences from all available RNASeq projects were used. These junctions are considered 'common' in that there are more than 500 reads confirming their existence. The number of reads spanning the introns is indicated by the darkness of the color (shades of cyan for reverse, shades of violet for forward).  Darker is more reads.",
         "displays" : [
            {
               "mouseover" : "jexl:get(feature,'score')+' reads'",
               "type" : "LinearBasicDisplay",
               "displayId" : "rnaseq_splice_junctions_(common)-c_briggsae_PRJNA10731-LinearBasicDisplay",
               "renderer" : {
                  "type" : "SvgFeatureRenderer",
                  "showLabels" : false,
                  "color1" : "jexl:get(feature,'score')>20000?(get(feature,'strand')>0?'#730073':'#007373'):get(feature,'strand')>0?'#'+hex(round(255-(140*(get(feature,'score')/20000))))+'00'+hex(round(255-(140*(get(feature,'score')/20000)))):'#00'+hex(round(255-(140*(get(feature,'score')/20000))))+hex(round(255-(140*(get(feature,'score')/20000))))"
               }
            }
         ],
         "name" : "RNASeq Splice Junctions (common)"
      },
      {
         "assemblyNames" : [
            "c_briggsae_PRJNA10731"
         ],
         "adapter" : {
            "type" : "NCListAdapter",
            "rootUrlTemplate" : {
               "locationType" : "UriLocation",
               "uri" : "https://s3.amazonaws.com/agrjbrowse/MOD-jbrowses/WormBase/WS287/c_briggsae_PRJNA10731/tracks/RNASeq Splice Junctions (rare)/{refseq}/trackData.jsonz"
            }
         },
         "displays" : [
            {
               "mouseover" : "jexl:get(feature,'score')+' reads'",
               "type" : "LinearBasicDisplay",
               "displayId" : "rnaseq_splice_junctions_(rare)-c_briggsae_PRJNA10731-LinearBasicDisplay",
               "renderer" : {
                  "type" : "SvgFeatureRenderer",
                  "showLabels" : false,
                  "height" : "jexl:4",
                  "color1" : "jexl:get(feature,'score')>20000?(get(feature,'strand')>0?'#730073':'#007373'):get(feature,'strand')>0?'#'+hex(round(255-(140*(get(feature,'score')/20000))))+'00'+hex(round(255-(140*(get(feature,'score')/20000)))):'#00'+hex(round(255-(140*(get(feature,'score')/20000))))+hex(round(255-(140*(get(feature,'score')/20000))))"
               }
            }
         ],
         "description" : "These are introns formed by aligned RNASeq reads spanning a region of the genome. Alignments of short read sequences from all available RNASeq projects were used. These junctions are considered 'rare' in that there are fewer than 500 reads confirming their existence. The number of reads spanning the introns is indicated by the darkness of the color (shades of cyan for reverse, shades of violet for forward).  Darker is more reads.",
         "name" : "RNASeq Splice Junctions (rare)",
         "trackId" : "c_briggsae_PRJNA10731_rnaseq_splice_junctions_(rare)",
         "type" : "FeatureTrack",
         "category" : [
            "Expression"
         ]
      },
      {
         "description" : "Matches to WormBase C. brenneri proteins, aligned with BLASTX (nucleotide to protein, via six-frame translation).",
         "displays" : [
            {
               "mouseover" : "jexl:get(feature,'clone')",
               "type" : "LinearBasicDisplay",
               "renderer" : {
                  "type" : "SvgFeatureRenderer",
                  "showLabels" : false,
                  "height" : 4,
                  "color1" : "orange"
               },
               "displayId" : "C_brenneri_proteins-c_briggsae_PRJNA10731-LinearBasicDisplay"
            }
         ],
         "name" : "C. brenneri proteins",
         "adapter" : {
            "type" : "NCListAdapter",
            "rootUrlTemplate" : {
               "uri" : "https://s3.amazonaws.com/agrjbrowse/MOD-jbrowses/WormBase/WS287/c_briggsae_PRJNA10731/tracks/C. brenneri proteins/{refseq}/trackData.jsonz",
               "locationType" : "UriLocation"
            }
         },
         "assemblyNames" : [
            "c_briggsae_PRJNA10731"
         ],
         "type" : "FeatureTrack",
         "category" : [
            "Sequence Similarity",
            "Proteins"
         ],
         "trackId" : "c_briggsae_PRJNA10731_C_brenneri_proteins"
      }
   ],
   "assemblies" : [
      {
         "name" : "c_briggsae_PRJNA10731",
         "sequence" : {
            "displays" : [
               {
                  "displayId" : "c_briggsae_PRJNA10731-1646426635733-LinearReferenceSequenceDisplay",
                  "type" : "LinearReferenceSequenceDisplay"
               }
            ],
            "trackId" : "c_briggsae_PRJNA10731-1646426635733",
            "type" : "ReferenceSequenceTrack",
            "adapter" : {
               "gziLocation" : {
                  "uri" : "https://s3.amazonaws.com/wormbase-modencode/fasta/current/c_briggsae.PRJNA10731.WS284.genomic.fa.gz.gzi",
                  "locationType" : "UriLocation"
               },
               "fastaLocation" : {
                  "locationType" : "UriLocation",
                  "uri" : "https://s3.amazonaws.com/wormbase-modencode/fasta/current/c_briggsae.PRJNA10731.WS284.genomic.fa.gz"
               },
               "type" : "BgzipFastaAdapter",
               "faiLocation" : {
                  "uri" : "https://s3.amazonaws.com/wormbase-modencode/fasta/current/c_briggsae.PRJNA10731.WS284.genomic.fa.gz.fai",
                  "locationType" : "UriLocation"
               }
            }
         },
         "displayName" : "C. briggsae"
      }
   ]
}
