{
   "tracks" : [
      {
         "trackId" : "c_elegans_PRJEB28388_curated_genes_pseudogenes",
         "adapter" : {
            "rootUrlTemplate" : {
               "uri" : "https://s3.amazonaws.com/agrjbrowse/MOD-jbrowses/WormBase/WS287/c_elegans_PRJEB28388/tracks/Curated Genes (pseudogenes)/{refseq}/trackData.jsonz",
               "locationType" : "UriLocation"
            },
            "type" : "NCListAdapter"
         },
         "description" : "A subset of the full Curated Genes set limited to pseudogenes only. Pseudogenes of tRNA are lighter gray and pseudogenes of rRNA are darker gray than pseudogenes of protein coding genes.",
         "formatDetails" : {
            "feature" : "jexl:{ JBrowse1: '<a href=\"/tools/genome/jbrowse-simple/?data=data/c_elegans_PRJEB28388' + '&loc=' +feature.refName+':'+feature.start+'..'+feature.end+ '\">'+feature.name+'</a>'}"
         },
         "assemblyNames" : [
            "c_elegans_PRJEB28388"
         ],
         "displays" : [
            {
               "displayId" : "curated_genes_(pseudogenes)-c_elegans_PRJEB28388-LinearBasicDisplay",
               "type" : "LinearBasicDisplay",
               "renderer" : {
                  "color1" : "gray",
                  "type" : "SvgFeatureRenderer",
                  "height" : 6
               }
            }
         ],
         "type" : "FeatureTrack",
         "name" : "Curated Genes (pseudogenes)",
         "category" : [
            "Genes",
            "Curated Genes"
         ]
      },
      {
         "adapter" : {
            "rootUrlTemplate" : {
               "uri" : "https://s3.amazonaws.com/agrjbrowse/MOD-jbrowses/WormBase/WS287/c_elegans_PRJEB28388/tracks/Transposon Genes/{refseq}/trackData.jsonz",
               "locationType" : "UriLocation"
            },
            "type" : "NCListAdapter"
         },
         "trackId" : "c_elegans_PRJEB28388_transposon_genes",
         "displays" : [
            {
               "displayId" : "transposon_genes-c_elegans_PRJEB28388-LinearBasicDisplay",
               "renderer" : {
                  "color1" : "gray",
                  "height" : 6,
                  "type" : "SvgFeatureRenderer",
                  "labels" : {
                     "description" : "jexl:get(feature,'type')=='pseudogenic_transcript'?'transposon pseudogene':'transposon mRNA'"
                  }
               },
               "type" : "LinearBasicDisplay"
            }
         ],
         "assemblyNames" : [
            "c_elegans_PRJEB28388"
         ],
         "formatDetails" : {
            "feature" : "jexl:{ JBrowse1: '<a href=\"/tools/genome/jbrowse-simple/?data=data/c_elegans_PRJEB28388' + '&loc=' +feature.refName+':'+feature.start+'..'+feature.end+ '\">'+feature.name+'</a>'}"
         },
         "description" : "These are transposon spans reviewed by WormBase curators.",
         "category" : [
            "Genes",
            "Curated Genes"
         ],
         "name" : "Transposon Genes",
         "type" : "FeatureTrack"
      },
      {
         "category" : [
            "Genes",
            "Curated Genes"
         ],
         "type" : "FeatureTrack",
         "name" : "Curated Genes (protein coding)",
         "displays" : [
            {
               "displayId" : "curated_genes_(protein_coding)-c_elegans_PRJEB28388-LinearBasicDisplay",
               "renderer" : {
                  "color3" : "#965567",
                  "color1" : "jexl:get(feature,'strand')>0?'violet':'turquoise'",
                  "type" : "SvgFeatureRenderer"
               },
               "type" : "LinearBasicDisplay"
            }
         ],
         "assemblyNames" : [
            "c_elegans_PRJEB28388"
         ],
         "formatDetails" : {
            "feature" : "jexl:{ JBrowse1: '<a href=\"/tools/genome/jbrowse-simple/?data=data/c_elegans_PRJEB28388' + '&loc=' +feature.refName+':'+feature.start+'..'+feature.end+ '\">'+feature.name+'</a>'}"
         },
         "description" : "A subset of the full Curated Genes set limited to protein-coding genes only. Only the CDS is represented. Full models (with UTRs) can be seen on the 'Curated Genes' track.",
         "adapter" : {
            "rootUrlTemplate" : {
               "locationType" : "UriLocation",
               "uri" : "https://s3.amazonaws.com/agrjbrowse/MOD-jbrowses/WormBase/WS287/c_elegans_PRJEB28388/tracks/Curated Genes (protein coding)/{refseq}/trackData.jsonz"
            },
            "type" : "NCListAdapter"
         },
         "trackId" : "c_elegans_PRJEB28388_curated_genes_protein_coding"
      },
      {
         "category" : [
            "Genes",
            "Curated Genes"
         ],
         "name" : "Curated Genes (noncoding)",
         "type" : "FeatureTrack",
         "adapter" : {
            "rootUrlTemplate" : {
               "locationType" : "UriLocation",
               "uri" : "https://s3.amazonaws.com/agrjbrowse/MOD-jbrowses/WormBase/WS287/c_elegans_PRJEB28388/tracks/Curated Genes (noncoding)/{refseq}/trackData.jsonz"
            },
            "type" : "NCListAdapter"
         },
         "trackId" : "c_elegans_PRJEB28388_curated_genes_noncoding",
         "displays" : [
            {
               "type" : "LinearBasicDisplay",
               "renderer" : {
                  "color1" : "gray",
                  "type" : "SvgFeatureRenderer",
                  "height" : 6
               },
               "displayId" : "curated_genes_(noncoding)-c_elegans_PRJEB28388-LinearBasicDisplay"
            }
         ],
         "assemblyNames" : [
            "c_elegans_PRJEB28388"
         ],
         "formatDetails" : {
            "feature" : "jexl:{ JBrowse1: '<a href=\"/tools/genome/jbrowse-simple/?data=data/c_elegans_PRJEB28388' + '&loc=' +feature.refName+':'+feature.start+'..'+feature.end+ '\">'+feature.name+'</a>'}"
         },
         "description" : "Non-coding curated gene models, including ncRNA, tRNA, miRNA, snRNA, snoRNA, piRNA, lincRNA and antisense RNA."
      },
      {
         "adapter" : {
            "rootUrlTemplate" : {
               "locationType" : "UriLocation",
               "uri" : "https://s3.amazonaws.com/agrjbrowse/MOD-jbrowses/WormBase/WS287/c_elegans_PRJEB28388/tracks/Curated_Genes/{refseq}/trackData.jsonz"
            },
            "type" : "NCListAdapter"
         },
         "trackId" : "c_elegans_PRJEB28388_curated_genes",
         "assemblyNames" : [
            "c_elegans_PRJEB28388"
         ],
         "displays" : [
            {
               "renderer" : {
                  "labels" : {
                     "name" : "jexl:get(feature,'locus') || get(feature,'sequence_name')"
                  },
                  "color3" : "#965567",
                  "color1" : "jexl:get(feature,'type')!='CDS'?'gray':get(feature,'strand')>0?'violet':'turquoise'",
                  "type" : "SvgFeatureRenderer"
               },
               "type" : "LinearBasicDisplay",
               "displayId" : "curated_genes-c_elegans_PRJEB28388-LinearBasicDisplay"
            }
         ],
         "formatDetails" : {
            "feature" : "jexl:{ JBrowse1: '<a href=\"/tools/genome/jbrowse-simple/?data=data/c_elegans_PRJEB28388' + '&loc=' +feature.refName+':'+feature.start+'..'+feature.end+ '\">'+feature.name+'</a>'}"
         },
         "description" : "Protein-coding gene structures result from the integration of a variety of prediction methods and data sources followed by manual review and revison by WormBase curators. tRNAs are predicted by tRNAscan, and other non-coding RNA transcripts are taken from a variety of literature sources. The purple and blue colors indicate transcripts on the forward and reverse strands respectively. Dark purple areas represent 5' and 3' UTRs of protein-coding transcripts, assigned automatically using the extents of overlapping ESTs and full-length cDNAs. The UTR predictions have not been reviewed by WormBase curators, and some are known to contain artifacts. Grey transcripts represent either non-coding transcripts of protein coding genes or transcripts of non-coding genes.",
         "category" : [
            "Genes",
            "Curated Genes"
         ],
         "name" : "Curated Genes",
         "type" : "FeatureTrack"
      },
      {
         "description" : "Matches to WormBase T. muris proteins, aligned with BLASTX (nucleotide to protein, via six-frame translation).",
         "displays" : [
            {
               "mouseover" : "jexl:get(feature,'clone')",
               "renderer" : {
                  "showLabels" : false,
                  "type" : "SvgFeatureRenderer",
                  "height" : 4,
                  "color1" : "orange"
               },
               "type" : "LinearBasicDisplay",
               "displayId" : "T_muris_proteins-c_elegans_PRJEB28388-LinearBasicDisplay"
            }
         ],
         "assemblyNames" : [
            "c_elegans_PRJEB28388"
         ],
         "trackId" : "c_elegans_PRJEB28388_T_muris_proteins",
         "adapter" : {
            "rootUrlTemplate" : {
               "locationType" : "UriLocation",
               "uri" : "https://s3.amazonaws.com/agrjbrowse/MOD-jbrowses/WormBase/WS287/c_elegans_PRJEB28388/tracks/T. muris proteins/{refseq}/trackData.jsonz"
            },
            "type" : "NCListAdapter"
         },
         "name" : "T. muris proteins",
         "type" : "FeatureTrack",
         "category" : [
            "Sequence Similarity",
            "Proteins"
         ]
      },
      {
         "adapter" : {
            "type" : "NCListAdapter",
            "rootUrlTemplate" : {
               "locationType" : "UriLocation",
               "uri" : "https://s3.amazonaws.com/agrjbrowse/MOD-jbrowses/WormBase/WS287/c_elegans_PRJEB28388/tracks/C. japonica proteins/{refseq}/trackData.jsonz"
            }
         },
         "trackId" : "c_elegans_PRJEB28388_C_japonica_proteins",
         "assemblyNames" : [
            "c_elegans_PRJEB28388"
         ],
         "displays" : [
            {
               "mouseover" : "jexl:get(feature,'clone')",
               "renderer" : {
                  "showLabels" : false,
                  "color1" : "orange",
                  "type" : "SvgFeatureRenderer",
                  "height" : 4
               },
               "type" : "LinearBasicDisplay",
               "displayId" : "C_japonica_proteins-c_elegans_PRJEB28388-LinearBasicDisplay"
            }
         ],
         "description" : "Matches to WormBase C. japonica proteins, aligned with BLASTX (nucleotide to protein, via six-frame translation).",
         "category" : [
            "Sequence Similarity",
            "Proteins"
         ],
         "type" : "FeatureTrack",
         "name" : "C. japonica proteins"
      },
      {
         "category" : [
            "Sequence Similarity",
            "Proteins"
         ],
         "type" : "FeatureTrack",
         "name" : "S. cerevisiae proteins",
         "adapter" : {
            "rootUrlTemplate" : {
               "uri" : "https://s3.amazonaws.com/agrjbrowse/MOD-jbrowses/WormBase/WS287/c_elegans_PRJEB28388/tracks/S. cerevisiae proteins/{refseq}/trackData.jsonz",
               "locationType" : "UriLocation"
            },
            "type" : "NCListAdapter"
         },
         "trackId" : "c_elegans_PRJEB28388_S_cerevisiae_proteins",
         "assemblyNames" : [
            "c_elegans_PRJEB28388"
         ],
         "displays" : [
            {
               "mouseover" : "jexl:get(feature,'clone')",
               "displayId" : "S_cerevisiae_proteins-c_elegans_PRJEB28388-LinearBasicDisplay",
               "type" : "LinearBasicDisplay",
               "renderer" : {
                  "showLabels" : false,
                  "type" : "SvgFeatureRenderer",
                  "height" : 4,
                  "color1" : "orange"
               }
            }
         ],
         "description" : "Matches to WormBase S. cerevisiae proteins, aligned with BLASTX (nucleotide to protein, via six-frame translation)."
      },
      {
         "name" : "Other UniProt proteins",
         "type" : "FeatureTrack",
         "category" : [
            "Sequence Similarity",
            "Proteins"
         ],
         "description" : "Matches to proteins from a slimmed-down version of UniProt (with proteins from WormBase core nematodes, human, fly and yeast removed), aligned with BLASTX (nucleotide to protein, via six-frame translation).",
         "assemblyNames" : [
            "c_elegans_PRJEB28388"
         ],
         "displays" : [
            {
               "displayId" : "other_uniprot_proteins-c_elegans_PRJEB28388-LinearBasicDisplay",
               "type" : "LinearBasicDisplay",
               "renderer" : {
                  "type" : "SvgFeatureRenderer",
                  "height" : 4,
                  "color1" : "orange",
                  "showLabels" : false,
                  "showDescriptions" : false
               }
            }
         ],
         "trackId" : "c_elegans_PRJEB28388_other_uniprot_proteins",
         "adapter" : {
            "type" : "NCListAdapter",
            "rootUrlTemplate" : {
               "locationType" : "UriLocation",
               "uri" : "https://s3.amazonaws.com/agrjbrowse/MOD-jbrowses/WormBase/WS287/c_elegans_PRJEB28388/tracks/Other UniProt proteins/{refseq}/trackData.jsonz"
            }
         }
      },
      {
         "type" : "FeatureTrack",
         "name" : "P. pacificus proteins",
         "category" : [
            "Sequence Similarity",
            "Proteins"
         ],
         "trackId" : "c_elegans_PRJEB28388_P_pacificus_proteins",
         "adapter" : {
            "type" : "NCListAdapter",
            "rootUrlTemplate" : {
               "locationType" : "UriLocation",
               "uri" : "https://s3.amazonaws.com/agrjbrowse/MOD-jbrowses/WormBase/WS287/c_elegans_PRJEB28388/tracks/P. pacificus proteins/{refseq}/trackData.jsonz"
            }
         },
         "description" : "Matches to WormBase P. pacificus proteins, aligned with BLASTX (nucleotide to protein, via six-frame translation).",
         "assemblyNames" : [
            "c_elegans_PRJEB28388"
         ],
         "displays" : [
            {
               "displayId" : "P_pacificus_proteins-c_elegans_PRJEB28388-LinearBasicDisplay",
               "type" : "LinearBasicDisplay",
               "renderer" : {
                  "color1" : "orange",
                  "type" : "SvgFeatureRenderer",
                  "height" : 4,
                  "showLabels" : false
               },
               "mouseover" : "jexl:get(feature,'clone')"
            }
         ]
      },
      {
         "trackId" : "c_elegans_PRJEB28388_H_sapiens_proteins",
         "adapter" : {
            "rootUrlTemplate" : {
               "uri" : "https://s3.amazonaws.com/agrjbrowse/MOD-jbrowses/WormBase/WS287/c_elegans_PRJEB28388/tracks/H. sapiens proteins/{refseq}/trackData.jsonz",
               "locationType" : "UriLocation"
            },
            "type" : "NCListAdapter"
         },
         "description" : "Matches to WormBase H. sapiens proteins, aligned with BLASTX (nucleotide to protein, via six-frame translation).",
         "displays" : [
            {
               "mouseover" : "jexl:get(feature,'clone')",
               "renderer" : {
                  "color1" : "orange",
                  "height" : 4,
                  "type" : "SvgFeatureRenderer",
                  "showLabels" : false
               },
               "type" : "LinearBasicDisplay",
               "displayId" : "H_sapiens_proteins-c_elegans_PRJEB28388-LinearBasicDisplay"
            }
         ],
         "assemblyNames" : [
            "c_elegans_PRJEB28388"
         ],
         "type" : "FeatureTrack",
         "name" : "H. sapiens proteins",
         "category" : [
            "Sequence Similarity",
            "Proteins"
         ]
      },
      {
         "category" : [
            "Sequence Similarity",
            "Proteins"
         ],
         "type" : "FeatureTrack",
         "name" : "C. briggsae proteins",
         "displays" : [
            {
               "mouseover" : "jexl:get(feature,'clone')",
               "displayId" : "C_briggsae_proteins-c_elegans_PRJEB28388-LinearBasicDisplay",
               "type" : "LinearBasicDisplay",
               "renderer" : {
                  "color1" : "orange",
                  "height" : 4,
                  "type" : "SvgFeatureRenderer",
                  "showLabels" : false
               }
            }
         ],
         "assemblyNames" : [
            "c_elegans_PRJEB28388"
         ],
         "description" : "Matches to WormBase C. briggsae proteins, aligned with BLASTX (nucleotide to protein, via six-frame translation).",
         "adapter" : {
            "type" : "NCListAdapter",
            "rootUrlTemplate" : {
               "uri" : "https://s3.amazonaws.com/agrjbrowse/MOD-jbrowses/WormBase/WS287/c_elegans_PRJEB28388/tracks/C. briggsae proteins/{refseq}/trackData.jsonz",
               "locationType" : "UriLocation"
            }
         },
         "trackId" : "c_elegans_PRJEB28388_C_briggsae_proteins"
      },
      {
         "category" : [
            "Sequence Similarity",
            "Proteins"
         ],
         "type" : "FeatureTrack",
         "name" : "C. brenneri proteins",
         "adapter" : {
            "rootUrlTemplate" : {
               "uri" : "https://s3.amazonaws.com/agrjbrowse/MOD-jbrowses/WormBase/WS287/c_elegans_PRJEB28388/tracks/C. brenneri proteins/{refseq}/trackData.jsonz",
               "locationType" : "UriLocation"
            },
            "type" : "NCListAdapter"
         },
         "trackId" : "c_elegans_PRJEB28388_C_brenneri_proteins",
         "assemblyNames" : [
            "c_elegans_PRJEB28388"
         ],
         "displays" : [
            {
               "mouseover" : "jexl:get(feature,'clone')",
               "displayId" : "C_brenneri_proteins-c_elegans_PRJEB28388-LinearBasicDisplay",
               "type" : "LinearBasicDisplay",
               "renderer" : {
                  "type" : "SvgFeatureRenderer",
                  "height" : 4,
                  "color1" : "orange",
                  "showLabels" : false
               }
            }
         ],
         "description" : "Matches to WormBase C. brenneri proteins, aligned with BLASTX (nucleotide to protein, via six-frame translation)."
      },
      {
         "type" : "FeatureTrack",
         "name" : "S. ratti proteins",
         "category" : [
            "Sequence Similarity",
            "Proteins"
         ],
         "trackId" : "c_elegans_PRJEB28388_S_ratti_proteins",
         "adapter" : {
            "type" : "NCListAdapter",
            "rootUrlTemplate" : {
               "uri" : "https://s3.amazonaws.com/agrjbrowse/MOD-jbrowses/WormBase/WS287/c_elegans_PRJEB28388/tracks/S. ratti proteins/{refseq}/trackData.jsonz",
               "locationType" : "UriLocation"
            }
         },
         "description" : "Matches to WormBase S. ratti proteins, aligned with BLASTX (nucleotide to protein, via six-frame translation).",
         "assemblyNames" : [
            "c_elegans_PRJEB28388"
         ],
         "displays" : [
            {
               "mouseover" : "jexl:get(feature,'clone')",
               "displayId" : "S_ratti_proteins-c_elegans_PRJEB28388-LinearBasicDisplay",
               "type" : "LinearBasicDisplay",
               "renderer" : {
                  "color1" : "orange",
                  "type" : "SvgFeatureRenderer",
                  "height" : 4,
                  "showLabels" : false
               }
            }
         ]
      },
      {
         "description" : "Low-complexity regions identified by Dust.",
         "assemblyNames" : [
            "c_elegans_PRJEB28388"
         ],
         "displays" : [
            {
               "displayId" : "low_complextity_region_(dust)-c_elegans_PRJEB28388-LinearBasicDisplay",
               "type" : "LinearBasicDisplay",
               "renderer" : {
                  "color1" : "bisque",
                  "height" : 4,
                  "type" : "SvgFeatureRenderer",
                  "showDescriptions" : false,
                  "showLabels" : false
               }
            }
         ],
         "trackId" : "c_elegans_PRJEB28388_low_complextity_region_(dust)",
         "adapter" : {
            "rootUrlTemplate" : {
               "uri" : "https://s3.amazonaws.com/agrjbrowse/MOD-jbrowses/WormBase/WS287/c_elegans_PRJEB28388/tracks/Low complextity region (Dust)/{refseq}/trackData.jsonz",
               "locationType" : "UriLocation"
            },
            "type" : "NCListAdapter"
         },
         "name" : "Low complextity region (Dust)",
         "type" : "FeatureTrack",
         "category" : [
            "Genome Structure",
            "Repeats"
         ]
      },
      {
         "name" : "D. melanogaster proteins",
         "type" : "FeatureTrack",
         "category" : [
            "Sequence Similarity",
            "Proteins"
         ],
         "trackId" : "c_elegans_PRJEB28388_D_melanogaster_proteins",
         "adapter" : {
            "type" : "NCListAdapter",
            "rootUrlTemplate" : {
               "uri" : "https://s3.amazonaws.com/agrjbrowse/MOD-jbrowses/WormBase/WS287/c_elegans_PRJEB28388/tracks/D. melanogaster proteins/{refseq}/trackData.jsonz",
               "locationType" : "UriLocation"
            }
         },
         "description" : "Matches to WormBase D. melanogaster proteins, aligned with BLASTX (nucleotide to protein, via six-frame translation).",
         "displays" : [
            {
               "displayId" : "D_melanogaster_proteins-c_elegans_PRJEB28388-LinearBasicDisplay",
               "type" : "LinearBasicDisplay",
               "renderer" : {
                  "showLabels" : false,
                  "color1" : "orange",
                  "type" : "SvgFeatureRenderer",
                  "height" : 4
               },
               "mouseover" : "jexl:get(feature,'clone')"
            }
         ],
         "assemblyNames" : [
            "c_elegans_PRJEB28388"
         ]
      },
      {
         "description" : "Matches to WormBase C. elegans proteins, aligned with BLASTX (nucleotide to protein, via six-frame translation).",
         "assemblyNames" : [
            "c_elegans_PRJEB28388"
         ],
         "displays" : [
            {
               "displayId" : "C_elegans_proteins-c_elegans_PRJEB28388-LinearBasicDisplay",
               "renderer" : {
                  "color1" : "orange",
                  "type" : "SvgFeatureRenderer",
                  "height" : 4,
                  "showLabels" : false
               },
               "type" : "LinearBasicDisplay",
               "mouseover" : "jexl:get(feature,'clone')"
            }
         ],
         "trackId" : "c_elegans_PRJEB28388_C_elegans_proteins",
         "adapter" : {
            "type" : "NCListAdapter",
            "rootUrlTemplate" : {
               "uri" : "https://s3.amazonaws.com/agrjbrowse/MOD-jbrowses/WormBase/WS287/c_elegans_PRJEB28388/tracks/C. elegans proteins/{refseq}/trackData.jsonz",
               "locationType" : "UriLocation"
            }
         },
         "type" : "FeatureTrack",
         "name" : "C. elegans proteins",
         "category" : [
            "Sequence Similarity",
            "Proteins"
         ]
      },
      {
         "category" : [
            "Sequence Similarity",
            "Proteins"
         ],
         "type" : "FeatureTrack",
         "name" : "B. malayi proteins",
         "adapter" : {
            "type" : "NCListAdapter",
            "rootUrlTemplate" : {
               "locationType" : "UriLocation",
               "uri" : "https://s3.amazonaws.com/agrjbrowse/MOD-jbrowses/WormBase/WS287/c_elegans_PRJEB28388/tracks/B. malayi proteins/{refseq}/trackData.jsonz"
            }
         },
         "trackId" : "c_elegans_PRJEB28388_B_malayi_proteins",
         "displays" : [
            {
               "mouseover" : "jexl:get(feature,'clone')",
               "displayId" : "B_malayi_proteins-c_elegans_PRJEB28388-LinearBasicDisplay",
               "type" : "LinearBasicDisplay",
               "renderer" : {
                  "color1" : "orange",
                  "height" : 4,
                  "type" : "SvgFeatureRenderer",
                  "showLabels" : false
               }
            }
         ],
         "assemblyNames" : [
            "c_elegans_PRJEB28388"
         ],
         "description" : "Matches to WormBase B. malayi proteins, aligned with BLASTX (nucleotide to protein, via six-frame translation)."
      },
      {
         "adapter" : {
            "type" : "NCListAdapter",
            "rootUrlTemplate" : {
               "uri" : "https://s3.amazonaws.com/agrjbrowse/MOD-jbrowses/WormBase/WS287/c_elegans_PRJEB28388/tracks/O. volvulus proteins/{refseq}/trackData.jsonz",
               "locationType" : "UriLocation"
            }
         },
         "trackId" : "c_elegans_PRJEB28388_O_volvulus_proteins",
         "assemblyNames" : [
            "c_elegans_PRJEB28388"
         ],
         "displays" : [
            {
               "mouseover" : "jexl:get(feature,'clone')",
               "type" : "LinearBasicDisplay",
               "renderer" : {
                  "height" : 4,
                  "type" : "SvgFeatureRenderer",
                  "color1" : "orange",
                  "showLabels" : false
               },
               "displayId" : "O_volvulus_proteins-c_elegans_PRJEB28388-LinearBasicDisplay"
            }
         ],
         "description" : "Matches to WormBase O. volvulus proteins, aligned with BLASTX (nucleotide to protein, via six-frame translation).",
         "category" : [
            "Sequence Similarity",
            "Proteins"
         ],
         "name" : "O. volvulus proteins",
         "type" : "FeatureTrack"
      },
      {
         "name" : "C. remanei proteins",
         "type" : "FeatureTrack",
         "category" : [
            "Sequence Similarity",
            "Proteins"
         ],
         "description" : "Matches to WormBase C. remanei proteins, aligned with BLASTX (nucleotide to protein, via six-frame translation).",
         "displays" : [
            {
               "mouseover" : "jexl:get(feature,'clone')",
               "displayId" : "C_remanei_proteins-c_elegans_PRJEB28388-LinearBasicDisplay",
               "renderer" : {
                  "showLabels" : false,
                  "type" : "SvgFeatureRenderer",
                  "height" : 4,
                  "color1" : "orange"
               },
               "type" : "LinearBasicDisplay"
            }
         ],
         "assemblyNames" : [
            "c_elegans_PRJEB28388"
         ],
         "trackId" : "c_elegans_PRJEB28388_C_remanei_proteins",
         "adapter" : {
            "rootUrlTemplate" : {
               "uri" : "https://s3.amazonaws.com/agrjbrowse/MOD-jbrowses/WormBase/WS287/c_elegans_PRJEB28388/tracks/C. remanei proteins/{refseq}/trackData.jsonz",
               "locationType" : "UriLocation"
            },
            "type" : "NCListAdapter"
         }
      }
   ],
   "assemblies" : [
      {
         "name" : "c_elegans_PRJEB28388",
         "sequence" : {
            "adapter" : {
               "gziLocation" : {
                  "locationType" : "UriLocation",
                  "uri" : "https://s3.amazonaws.com/wormbase-modencode/fasta/current/c_elegans.PRJEB28388.WS284.genomic.fa.gz.gzi"
               },
               "fastaLocation" : {
                  "locationType" : "UriLocation",
                  "uri" : "https://s3.amazonaws.com/wormbase-modencode/fasta/current/c_elegans.PRJEB28388.WS284.genomic.fa.gz"
               },
               "faiLocation" : {
                  "locationType" : "UriLocation",
                  "uri" : "https://s3.amazonaws.com/wormbase-modencode/fasta/current/c_elegans.PRJEB28388.WS284.genomic.fa.gz.fai"
               },
               "type" : "BgzipFastaAdapter"
            },
            "trackId" : "c_elegans_PRJEB28388-1646426635733",
            "type" : "ReferenceSequenceTrack",
            "displays" : [
               {
                  "type" : "LinearReferenceSequenceDisplay",
                  "displayId" : "c_elegans_PRJEB28388-LinearReferenceSequenceDisplay"
               }
            ]
         },
         "displayName" : "c_elegans_PRJEB28388"
      }
   ]
}
