{
   "tracks" : [
      {
         "assemblyNames" : [
            "c_elegans_PRJEB28388"
         ],
         "adapter" : {
            "type" : "NCListAdapter",
            "rootUrlTemplate" : {
               "locationType" : "UriLocation",
               "uri" : "https://s3.amazonaws.com/agrjbrowse/MOD-jbrowses/WormBase/WS287/c_elegans_PRJEB28388/tracks/Curated Genes (pseudogenes)/{refseq}/trackData.jsonz"
            }
         },
         "trackId" : "c_elegans_PRJEB28388_curated_genes_pseudogenes",
         "type" : "FeatureTrack",
         "name" : "Curated Genes (pseudogenes)",
         "category" : [
            "Genes",
            "Curated Genes"
         ],
         "displays" : [
            {
               "renderer" : {
                  "type" : "SvgFeatureRenderer",
                  "height" : 6,
                  "color1" : "gray"
               },
               "displayId" : "curated_genes_(pseudogenes)-c_elegans_PRJEB28388-LinearBasicDisplay",
               "type" : "LinearBasicDisplay"
            }
         ],
         "description" : "A subset of the full Curated Genes set limited to pseudogenes only. Pseudogenes of tRNA are lighter gray and pseudogenes of rRNA are darker gray than pseudogenes of protein coding genes."
      },
      {
         "adapter" : {
            "type" : "NCListAdapter",
            "rootUrlTemplate" : {
               "uri" : "https://s3.amazonaws.com/agrjbrowse/MOD-jbrowses/WormBase/WS287/c_elegans_PRJEB28388/tracks/Transposon Genes/{refseq}/trackData.jsonz",
               "locationType" : "UriLocation"
            }
         },
         "assemblyNames" : [
            "c_elegans_PRJEB28388"
         ],
         "name" : "Transposon Genes",
         "description" : "These are transposon spans reviewed by WormBase curators.",
         "displays" : [
            {
               "displayId" : "transposon_genes-c_elegans_PRJEB28388-LinearBasicDisplay",
               "renderer" : {
                  "color1" : "gray",
                  "height" : 6,
                  "type" : "SvgFeatureRenderer",
                  "labels" : {
                     "description" : "jexl:get(feature,'type')=='pseudogenic_transcript'?'transposon pseudogene':'transposon mRNA'"
                  }
               },
               "type" : "LinearBasicDisplay"
            }
         ],
         "category" : [
            "Genes",
            "Curated Genes"
         ],
         "type" : "FeatureTrack",
         "trackId" : "c_elegans_PRJEB28388_transposon_genes"
      },
      {
         "assemblyNames" : [
            "c_elegans_PRJEB28388"
         ],
         "adapter" : {
            "type" : "NCListAdapter",
            "rootUrlTemplate" : {
               "locationType" : "UriLocation",
               "uri" : "https://s3.amazonaws.com/agrjbrowse/MOD-jbrowses/WormBase/WS287/c_elegans_PRJEB28388/tracks/Curated Genes (protein coding)/{refseq}/trackData.jsonz"
            }
         },
         "displays" : [
            {
               "type" : "LinearBasicDisplay",
               "renderer" : {
                  "color1" : "jexl:get(feature,'strand')>0?'violet':'turquoise'",
                  "color3" : "#965567",
                  "type" : "SvgFeatureRenderer"
               },
               "displayId" : "curated_genes_(protein_coding)-c_elegans_PRJEB28388-LinearBasicDisplay"
            }
         ],
         "description" : "A subset of the full Curated Genes set limited to protein-coding genes only. Only the CDS is represented. Full models (with UTRs) can be seen on the 'Curated Genes' track.",
         "trackId" : "c_elegans_PRJEB28388_curated_genes_protein_coding",
         "name" : "Curated Genes (protein coding)",
         "category" : [
            "Genes",
            "Curated Genes"
         ],
         "type" : "FeatureTrack"
      },
      {
         "type" : "FeatureTrack",
         "category" : [
            "Genes",
            "Curated Genes"
         ],
         "trackId" : "c_elegans_PRJEB28388_curated_genes_noncoding",
         "adapter" : {
            "rootUrlTemplate" : {
               "uri" : "https://s3.amazonaws.com/agrjbrowse/MOD-jbrowses/WormBase/WS287/c_elegans_PRJEB28388/tracks/Curated Genes (noncoding)/{refseq}/trackData.jsonz",
               "locationType" : "UriLocation"
            },
            "type" : "NCListAdapter"
         },
         "assemblyNames" : [
            "c_elegans_PRJEB28388"
         ],
         "description" : "Non-coding curated gene models, including ncRNA, tRNA, miRNA, snRNA, snoRNA, piRNA, lincRNA and antisense RNA.",
         "displays" : [
            {
               "displayId" : "curated_genes_(noncoding)-c_elegans_PRJEB28388-LinearBasicDisplay",
               "renderer" : {
                  "height" : 6,
                  "color1" : "gray",
                  "type" : "SvgFeatureRenderer"
               },
               "type" : "LinearBasicDisplay"
            }
         ],
         "name" : "Curated Genes (noncoding)"
      },
      {
         "assemblyNames" : [
            "c_elegans_PRJEB28388"
         ],
         "adapter" : {
            "rootUrlTemplate" : {
               "locationType" : "UriLocation",
               "uri" : "https://s3.amazonaws.com/agrjbrowse/MOD-jbrowses/WormBase/WS287/c_elegans_PRJEB28388/tracks/Curated_Genes/{refseq}/trackData.jsonz"
            },
            "type" : "NCListAdapter"
         },
         "displays" : [
            {
               "renderer" : {
                  "labels" : {
                     "name" : "jexl:get(feature,'locus') || get(feature,'sequence_name')"
                  },
                  "type" : "SvgFeatureRenderer",
                  "color3" : "#965567",
                  "color1" : "jexl:get(feature,'type')!='CDS'?'gray':get(feature,'strand')>0?'violet':'turquoise'"
               },
               "displayId" : "curated_genes-c_elegans_PRJEB28388-LinearBasicDisplay",
               "type" : "LinearBasicDisplay"
            }
         ],
         "description" : "Protein-coding gene structures result from the integration of a variety of prediction methods and data sources followed by manual review and revison by WormBase curators. tRNAs are predicted by tRNAscan, and other non-coding RNA transcripts are taken from a variety of literature sources. The purple and blue colors indicate transcripts on the forward and reverse strands respectively. Dark purple areas represent 5' and 3' UTRs of protein-coding transcripts, assigned automatically using the extents of overlapping ESTs and full-length cDNAs. The UTR predictions have not been reviewed by WormBase curators, and some are known to contain artifacts. Grey transcripts represent either non-coding transcripts of protein coding genes or transcripts of non-coding genes.",
         "name" : "Curated Genes",
         "trackId" : "c_elegans_PRJEB28388_curated_genes",
         "type" : "FeatureTrack",
         "category" : [
            "Genes",
            "Curated Genes"
         ]
      },
      {
         "trackId" : "c_elegans_PRJEB28388_T_muris_proteins",
         "type" : "FeatureTrack",
         "category" : [
            "Sequence Similarity",
            "Proteins"
         ],
         "assemblyNames" : [
            "c_elegans_PRJEB28388"
         ],
         "adapter" : {
            "rootUrlTemplate" : {
               "uri" : "https://s3.amazonaws.com/agrjbrowse/MOD-jbrowses/WormBase/WS287/c_elegans_PRJEB28388/tracks/T. muris proteins/{refseq}/trackData.jsonz",
               "locationType" : "UriLocation"
            },
            "type" : "NCListAdapter"
         },
         "name" : "T. muris proteins",
         "displays" : [
            {
               "type" : "LinearBasicDisplay",
               "mouseover" : "jexl:get(feature,'clone')",
               "renderer" : {
                  "showLabels" : false,
                  "type" : "SvgFeatureRenderer",
                  "height" : 4,
                  "color1" : "orange"
               },
               "displayId" : "T_muris_proteins-c_elegans_PRJEB28388-LinearBasicDisplay"
            }
         ],
         "description" : "Matches to WormBase T. muris proteins, aligned with BLASTX (nucleotide to protein, via six-frame translation)."
      },
      {
         "assemblyNames" : [
            "c_elegans_PRJEB28388"
         ],
         "adapter" : {
            "rootUrlTemplate" : {
               "locationType" : "UriLocation",
               "uri" : "https://s3.amazonaws.com/agrjbrowse/MOD-jbrowses/WormBase/WS287/c_elegans_PRJEB28388/tracks/C. japonica proteins/{refseq}/trackData.jsonz"
            },
            "type" : "NCListAdapter"
         },
         "name" : "C. japonica proteins",
         "displays" : [
            {
               "mouseover" : "jexl:get(feature,'clone')",
               "type" : "LinearBasicDisplay",
               "renderer" : {
                  "color1" : "orange",
                  "height" : 4,
                  "type" : "SvgFeatureRenderer",
                  "showLabels" : false
               },
               "displayId" : "C_japonica_proteins-c_elegans_PRJEB28388-LinearBasicDisplay"
            }
         ],
         "description" : "Matches to WormBase C. japonica proteins, aligned with BLASTX (nucleotide to protein, via six-frame translation).",
         "trackId" : "c_elegans_PRJEB28388_C_japonica_proteins",
         "type" : "FeatureTrack",
         "category" : [
            "Sequence Similarity",
            "Proteins"
         ]
      },
      {
         "adapter" : {
            "type" : "NCListAdapter",
            "rootUrlTemplate" : {
               "uri" : "https://s3.amazonaws.com/agrjbrowse/MOD-jbrowses/WormBase/WS287/c_elegans_PRJEB28388/tracks/S. cerevisiae proteins/{refseq}/trackData.jsonz",
               "locationType" : "UriLocation"
            }
         },
         "assemblyNames" : [
            "c_elegans_PRJEB28388"
         ],
         "description" : "Matches to WormBase S. cerevisiae proteins, aligned with BLASTX (nucleotide to protein, via six-frame translation).",
         "displays" : [
            {
               "mouseover" : "jexl:get(feature,'clone')",
               "type" : "LinearBasicDisplay",
               "displayId" : "S_cerevisiae_proteins-c_elegans_PRJEB28388-LinearBasicDisplay",
               "renderer" : {
                  "height" : 4,
                  "color1" : "orange",
                  "type" : "SvgFeatureRenderer",
                  "showLabels" : false
               }
            }
         ],
         "name" : "S. cerevisiae proteins",
         "type" : "FeatureTrack",
         "category" : [
            "Sequence Similarity",
            "Proteins"
         ],
         "trackId" : "c_elegans_PRJEB28388_S_cerevisiae_proteins"
      },
      {
         "description" : "Matches to proteins from a slimmed-down version of UniProt (with proteins from WormBase core nematodes, human, fly and yeast removed), aligned with BLASTX (nucleotide to protein, via six-frame translation).",
         "displays" : [
            {
               "displayId" : "other_uniprot_proteins-c_elegans_PRJEB28388-LinearBasicDisplay",
               "renderer" : {
                  "color1" : "orange",
                  "height" : 4,
                  "showLabels" : false,
                  "type" : "SvgFeatureRenderer",
                  "showDescriptions" : false
               },
               "type" : "LinearBasicDisplay"
            }
         ],
         "name" : "Other UniProt proteins",
         "adapter" : {
            "rootUrlTemplate" : {
               "locationType" : "UriLocation",
               "uri" : "https://s3.amazonaws.com/agrjbrowse/MOD-jbrowses/WormBase/WS287/c_elegans_PRJEB28388/tracks/Other UniProt proteins/{refseq}/trackData.jsonz"
            },
            "type" : "NCListAdapter"
         },
         "assemblyNames" : [
            "c_elegans_PRJEB28388"
         ],
         "category" : [
            "Sequence Similarity",
            "Proteins"
         ],
         "type" : "FeatureTrack",
         "trackId" : "c_elegans_PRJEB28388_other_uniprot_proteins"
      },
      {
         "description" : "Matches to WormBase P. pacificus proteins, aligned with BLASTX (nucleotide to protein, via six-frame translation).",
         "displays" : [
            {
               "displayId" : "P_pacificus_proteins-c_elegans_PRJEB28388-LinearBasicDisplay",
               "renderer" : {
                  "showLabels" : false,
                  "type" : "SvgFeatureRenderer",
                  "height" : 4,
                  "color1" : "orange"
               },
               "mouseover" : "jexl:get(feature,'clone')",
               "type" : "LinearBasicDisplay"
            }
         ],
         "category" : [
            "Sequence Similarity",
            "Proteins"
         ],
         "name" : "P. pacificus proteins",
         "type" : "FeatureTrack",
         "trackId" : "c_elegans_PRJEB28388_P_pacificus_proteins",
         "adapter" : {
            "rootUrlTemplate" : {
               "uri" : "https://s3.amazonaws.com/agrjbrowse/MOD-jbrowses/WormBase/WS287/c_elegans_PRJEB28388/tracks/P. pacificus proteins/{refseq}/trackData.jsonz",
               "locationType" : "UriLocation"
            },
            "type" : "NCListAdapter"
         },
         "assemblyNames" : [
            "c_elegans_PRJEB28388"
         ]
      },
      {
         "name" : "H. sapiens proteins",
         "displays" : [
            {
               "displayId" : "H_sapiens_proteins-c_elegans_PRJEB28388-LinearBasicDisplay",
               "renderer" : {
                  "type" : "SvgFeatureRenderer",
                  "showLabels" : false,
                  "height" : 4,
                  "color1" : "orange"
               },
               "mouseover" : "jexl:get(feature,'clone')",
               "type" : "LinearBasicDisplay"
            }
         ],
         "description" : "Matches to WormBase H. sapiens proteins, aligned with BLASTX (nucleotide to protein, via six-frame translation).",
         "assemblyNames" : [
            "c_elegans_PRJEB28388"
         ],
         "adapter" : {
            "type" : "NCListAdapter",
            "rootUrlTemplate" : {
               "uri" : "https://s3.amazonaws.com/agrjbrowse/MOD-jbrowses/WormBase/WS287/c_elegans_PRJEB28388/tracks/H. sapiens proteins/{refseq}/trackData.jsonz",
               "locationType" : "UriLocation"
            }
         },
         "trackId" : "c_elegans_PRJEB28388_H_sapiens_proteins",
         "category" : [
            "Sequence Similarity",
            "Proteins"
         ],
         "type" : "FeatureTrack"
      },
      {
         "name" : "C. briggsae proteins",
         "description" : "Matches to WormBase C. briggsae proteins, aligned with BLASTX (nucleotide to protein, via six-frame translation).",
         "displays" : [
            {
               "type" : "LinearBasicDisplay",
               "mouseover" : "jexl:get(feature,'clone')",
               "renderer" : {
                  "type" : "SvgFeatureRenderer",
                  "showLabels" : false,
                  "color1" : "orange",
                  "height" : 4
               },
               "displayId" : "C_briggsae_proteins-c_elegans_PRJEB28388-LinearBasicDisplay"
            }
         ],
         "adapter" : {
            "type" : "NCListAdapter",
            "rootUrlTemplate" : {
               "locationType" : "UriLocation",
               "uri" : "https://s3.amazonaws.com/agrjbrowse/MOD-jbrowses/WormBase/WS287/c_elegans_PRJEB28388/tracks/C. briggsae proteins/{refseq}/trackData.jsonz"
            }
         },
         "assemblyNames" : [
            "c_elegans_PRJEB28388"
         ],
         "type" : "FeatureTrack",
         "category" : [
            "Sequence Similarity",
            "Proteins"
         ],
         "trackId" : "c_elegans_PRJEB28388_C_briggsae_proteins"
      },
      {
         "type" : "FeatureTrack",
         "category" : [
            "Sequence Similarity",
            "Proteins"
         ],
         "trackId" : "c_elegans_PRJEB28388_C_brenneri_proteins",
         "adapter" : {
            "rootUrlTemplate" : {
               "locationType" : "UriLocation",
               "uri" : "https://s3.amazonaws.com/agrjbrowse/MOD-jbrowses/WormBase/WS287/c_elegans_PRJEB28388/tracks/C. brenneri proteins/{refseq}/trackData.jsonz"
            },
            "type" : "NCListAdapter"
         },
         "assemblyNames" : [
            "c_elegans_PRJEB28388"
         ],
         "name" : "C. brenneri proteins",
         "description" : "Matches to WormBase C. brenneri proteins, aligned with BLASTX (nucleotide to protein, via six-frame translation).",
         "displays" : [
            {
               "mouseover" : "jexl:get(feature,'clone')",
               "type" : "LinearBasicDisplay",
               "renderer" : {
                  "color1" : "orange",
                  "height" : 4,
                  "showLabels" : false,
                  "type" : "SvgFeatureRenderer"
               },
               "displayId" : "C_brenneri_proteins-c_elegans_PRJEB28388-LinearBasicDisplay"
            }
         ]
      },
      {
         "assemblyNames" : [
            "c_elegans_PRJEB28388"
         ],
         "adapter" : {
            "type" : "NCListAdapter",
            "rootUrlTemplate" : {
               "locationType" : "UriLocation",
               "uri" : "https://s3.amazonaws.com/agrjbrowse/MOD-jbrowses/WormBase/WS287/c_elegans_PRJEB28388/tracks/S. ratti proteins/{refseq}/trackData.jsonz"
            }
         },
         "trackId" : "c_elegans_PRJEB28388_S_ratti_proteins",
         "type" : "FeatureTrack",
         "name" : "S. ratti proteins",
         "category" : [
            "Sequence Similarity",
            "Proteins"
         ],
         "displays" : [
            {
               "mouseover" : "jexl:get(feature,'clone')",
               "type" : "LinearBasicDisplay",
               "displayId" : "S_ratti_proteins-c_elegans_PRJEB28388-LinearBasicDisplay",
               "renderer" : {
                  "height" : 4,
                  "color1" : "orange",
                  "type" : "SvgFeatureRenderer",
                  "showLabels" : false
               }
            }
         ],
         "description" : "Matches to WormBase S. ratti proteins, aligned with BLASTX (nucleotide to protein, via six-frame translation)."
      },
      {
         "trackId" : "c_elegans_PRJEB28388_low_complextity_region_(dust)",
         "category" : [
            "Genome Structure",
            "Repeats"
         ],
         "type" : "FeatureTrack",
         "assemblyNames" : [
            "c_elegans_PRJEB28388"
         ],
         "adapter" : {
            "type" : "NCListAdapter",
            "rootUrlTemplate" : {
               "uri" : "https://s3.amazonaws.com/agrjbrowse/MOD-jbrowses/WormBase/WS287/c_elegans_PRJEB28388/tracks/Low complextity region (Dust)/{refseq}/trackData.jsonz",
               "locationType" : "UriLocation"
            }
         },
         "displays" : [
            {
               "type" : "LinearBasicDisplay",
               "displayId" : "low_complextity_region_(dust)-c_elegans_PRJEB28388-LinearBasicDisplay",
               "renderer" : {
                  "type" : "SvgFeatureRenderer",
                  "showLabels" : false,
                  "showDescriptions" : false,
                  "color1" : "bisque",
                  "height" : 4
               }
            }
         ],
         "description" : "Low-complexity regions identified by Dust.",
         "name" : "Low complextity region (Dust)"
      },
      {
         "description" : "Matches to WormBase D. melanogaster proteins, aligned with BLASTX (nucleotide to protein, via six-frame translation).",
         "displays" : [
            {
               "displayId" : "D_melanogaster_proteins-c_elegans_PRJEB28388-LinearBasicDisplay",
               "renderer" : {
                  "height" : 4,
                  "color1" : "orange",
                  "type" : "SvgFeatureRenderer",
                  "showLabels" : false
               },
               "type" : "LinearBasicDisplay",
               "mouseover" : "jexl:get(feature,'clone')"
            }
         ],
         "name" : "D. melanogaster proteins",
         "adapter" : {
            "rootUrlTemplate" : {
               "uri" : "https://s3.amazonaws.com/agrjbrowse/MOD-jbrowses/WormBase/WS287/c_elegans_PRJEB28388/tracks/D. melanogaster proteins/{refseq}/trackData.jsonz",
               "locationType" : "UriLocation"
            },
            "type" : "NCListAdapter"
         },
         "assemblyNames" : [
            "c_elegans_PRJEB28388"
         ],
         "category" : [
            "Sequence Similarity",
            "Proteins"
         ],
         "type" : "FeatureTrack",
         "trackId" : "c_elegans_PRJEB28388_D_melanogaster_proteins"
      },
      {
         "description" : "Matches to WormBase C. elegans proteins, aligned with BLASTX (nucleotide to protein, via six-frame translation).",
         "displays" : [
            {
               "type" : "LinearBasicDisplay",
               "mouseover" : "jexl:get(feature,'clone')",
               "displayId" : "C_elegans_proteins-c_elegans_PRJEB28388-LinearBasicDisplay",
               "renderer" : {
                  "type" : "SvgFeatureRenderer",
                  "showLabels" : false,
                  "height" : 4,
                  "color1" : "orange"
               }
            }
         ],
         "name" : "C. elegans proteins",
         "adapter" : {
            "type" : "NCListAdapter",
            "rootUrlTemplate" : {
               "locationType" : "UriLocation",
               "uri" : "https://s3.amazonaws.com/agrjbrowse/MOD-jbrowses/WormBase/WS287/c_elegans_PRJEB28388/tracks/C. elegans proteins/{refseq}/trackData.jsonz"
            }
         },
         "assemblyNames" : [
            "c_elegans_PRJEB28388"
         ],
         "category" : [
            "Sequence Similarity",
            "Proteins"
         ],
         "type" : "FeatureTrack",
         "trackId" : "c_elegans_PRJEB28388_C_elegans_proteins"
      },
      {
         "category" : [
            "Sequence Similarity",
            "Proteins"
         ],
         "type" : "FeatureTrack",
         "trackId" : "c_elegans_PRJEB28388_B_malayi_proteins",
         "description" : "Matches to WormBase B. malayi proteins, aligned with BLASTX (nucleotide to protein, via six-frame translation).",
         "displays" : [
            {
               "renderer" : {
                  "type" : "SvgFeatureRenderer",
                  "showLabels" : false,
                  "color1" : "orange",
                  "height" : 4
               },
               "displayId" : "B_malayi_proteins-c_elegans_PRJEB28388-LinearBasicDisplay",
               "type" : "LinearBasicDisplay",
               "mouseover" : "jexl:get(feature,'clone')"
            }
         ],
         "name" : "B. malayi proteins",
         "adapter" : {
            "type" : "NCListAdapter",
            "rootUrlTemplate" : {
               "locationType" : "UriLocation",
               "uri" : "https://s3.amazonaws.com/agrjbrowse/MOD-jbrowses/WormBase/WS287/c_elegans_PRJEB28388/tracks/B. malayi proteins/{refseq}/trackData.jsonz"
            }
         },
         "assemblyNames" : [
            "c_elegans_PRJEB28388"
         ]
      },
      {
         "trackId" : "c_elegans_PRJEB28388_O_volvulus_proteins",
         "category" : [
            "Sequence Similarity",
            "Proteins"
         ],
         "type" : "FeatureTrack",
         "assemblyNames" : [
            "c_elegans_PRJEB28388"
         ],
         "adapter" : {
            "type" : "NCListAdapter",
            "rootUrlTemplate" : {
               "uri" : "https://s3.amazonaws.com/agrjbrowse/MOD-jbrowses/WormBase/WS287/c_elegans_PRJEB28388/tracks/O. volvulus proteins/{refseq}/trackData.jsonz",
               "locationType" : "UriLocation"
            }
         },
         "displays" : [
            {
               "mouseover" : "jexl:get(feature,'clone')",
               "type" : "LinearBasicDisplay",
               "renderer" : {
                  "type" : "SvgFeatureRenderer",
                  "showLabels" : false,
                  "color1" : "orange",
                  "height" : 4
               },
               "displayId" : "O_volvulus_proteins-c_elegans_PRJEB28388-LinearBasicDisplay"
            }
         ],
         "description" : "Matches to WormBase O. volvulus proteins, aligned with BLASTX (nucleotide to protein, via six-frame translation).",
         "name" : "O. volvulus proteins"
      },
      {
         "category" : [
            "Sequence Similarity",
            "Proteins"
         ],
         "type" : "FeatureTrack",
         "trackId" : "c_elegans_PRJEB28388_C_remanei_proteins",
         "description" : "Matches to WormBase C. remanei proteins, aligned with BLASTX (nucleotide to protein, via six-frame translation).",
         "displays" : [
            {
               "type" : "LinearBasicDisplay",
               "mouseover" : "jexl:get(feature,'clone')",
               "displayId" : "C_remanei_proteins-c_elegans_PRJEB28388-LinearBasicDisplay",
               "renderer" : {
                  "height" : 4,
                  "color1" : "orange",
                  "showLabels" : false,
                  "type" : "SvgFeatureRenderer"
               }
            }
         ],
         "name" : "C. remanei proteins",
         "adapter" : {
            "type" : "NCListAdapter",
            "rootUrlTemplate" : {
               "uri" : "https://s3.amazonaws.com/agrjbrowse/MOD-jbrowses/WormBase/WS287/c_elegans_PRJEB28388/tracks/C. remanei proteins/{refseq}/trackData.jsonz",
               "locationType" : "UriLocation"
            }
         },
         "assemblyNames" : [
            "c_elegans_PRJEB28388"
         ]
      }
   ],
   "assemblies" : [
      {
         "name" : "c_elegans_PRJEB28388",
         "displayName" : "c_elegans_PRJEB28388",
         "sequence" : {
            "adapter" : {
               "gziLocation" : {
                  "locationType" : "UriLocation",
                  "uri" : "https://s3.amazonaws.com/wormbase-modencode/fasta/current/c_elegans.PRJEB28388.WS284.genomic.fa.gz.gzi"
               },
               "fastaLocation" : {
                  "uri" : "https://s3.amazonaws.com/wormbase-modencode/fasta/current/c_elegans.PRJEB28388.WS284.genomic.fa.gz",
                  "locationType" : "UriLocation"
               },
               "faiLocation" : {
                  "uri" : "https://s3.amazonaws.com/wormbase-modencode/fasta/current/c_elegans.PRJEB28388.WS284.genomic.fa.gz.fai",
                  "locationType" : "UriLocation"
               },
               "type" : "BgzipFastaAdapter"
            },
            "trackId" : "c_elegans_PRJEB28388-1646426635733",
            "type" : "ReferenceSequenceTrack",
            "displays" : [
               {
                  "displayId" : "c_elegans_PRJEB28388-LinearReferenceSequenceDisplay",
                  "type" : "LinearReferenceSequenceDisplay"
               }
            ]
         }
      }
   ]
}
