{
   "tracks" : [
      {
         "description" : "A subset of the full Curated Genes set limited to protein-coding genes only. Only the CDS is represented. Full models (with UTRs) can be seen on the 'Curated Genes' track.",
         "displays" : [
            {
               "renderer" : {
                  "type" : "SvgFeatureRenderer",
                  "color3" : "#965567",
                  "color1" : "jexl:get(feature,'strand')>0?'violet':'turquoise'"
               },
               "displayId" : "curated_genes_(protein_coding)-c_japonica_PRJNA12591-LinearBasicDisplay",
               "type" : "LinearBasicDisplay"
            }
         ],
         "name" : "Curated Genes (protein coding)",
         "adapter" : {
            "type" : "NCListAdapter",
            "rootUrlTemplate" : {
               "locationType" : "UriLocation",
               "uri" : "https://s3.amazonaws.com/agrjbrowse/MOD-jbrowses/WormBase/WS287/c_japonica_PRJNA12591/tracks/Curated Genes (protein coding)/{refseq}/trackData.jsonz"
            }
         },
         "assemblyNames" : [
            "c_japonica_PRJNA12591"
         ],
         "category" : [
            "Genes",
            "Curated Genes"
         ],
         "type" : "FeatureTrack",
         "trackId" : "c_japonica_PRJNA12591_curated_genes_protein_coding"
      },
      {
         "displays" : [
            {
               "renderer" : {
                  "type" : "SvgFeatureRenderer",
                  "height" : 3,
                  "color1" : "black"
               },
               "displayId" : "yacs,_fosmids,_&_cosmids-c_japonica_PRJNA12591-LinearBasicDisplay",
               "type" : "LinearBasicDisplay"
            }
         ],
         "description" : "This track shows the locations of the cosmids, fosmids, and YACs used for the physical mapping and sequencing of the C. elegans genome.  The clone termini do not necessarily correspond to the termini of submitted GenBank/EMBL entries. In some cases the exact termini of the clones is not known.  For example, YACs were sequenced using PCR amplification across gaps in the cosmid maps.  When a clone end is not known, it is shown as an arrow extending to the end of the display.  Such data is to be treated with caution.  The Vancouver fosmids can be ordered directly from <a href='http://www.geneservice.co.uk/products/clones/Celegans_Fos.jsp'>GeneService</a>.",
         "name" : "YACs, Fosmids, & Cosmids",
         "assemblyNames" : [
            "c_japonica_PRJNA12591"
         ],
         "adapter" : {
            "rootUrlTemplate" : {
               "uri" : "https://s3.amazonaws.com/agrjbrowse/MOD-jbrowses/WormBase/WS287/c_japonica_PRJNA12591/tracks/YACs, Fosmids, & Cosmids/{refseq}/trackData.jsonz",
               "locationType" : "UriLocation"
            },
            "type" : "NCListAdapter"
         },
         "trackId" : "c_japonica_PRJNA12591_yacs_fosmids_cosmids",
         "type" : "FeatureTrack",
         "category" : [
            "Reagents"
         ]
      },
      {
         "adapter" : {
            "type" : "NCListAdapter",
            "rootUrlTemplate" : {
               "uri" : "https://s3.amazonaws.com/agrjbrowse/MOD-jbrowses/WormBase/WS287/c_japonica_PRJNA12591/tracks/Trans-spliced acceptor/{refseq}/trackData.jsonz",
               "locationType" : "UriLocation"
            }
         },
         "assemblyNames" : [
            "c_japonica_PRJNA12591"
         ],
         "description" : "This track contains SL1 and SL2 trans-spliced acceptors from a variety of sources: SL1 and SL2 trans-spliced acceptors published by Blumenthal et al, Nature (2002), Trans-Spliced Exon Coupled RNA End Determination (TEC-RED) Hwang et al, PNAS (2004), EST/mRNA sequence data, RNASeq read data from ENA. SL1 acceptors are show in red, SL2 in green. Direction of transcription is indicated by arrow direction.",
         "displays" : [
            {
               "type" : "LinearBasicDisplay",
               "renderer" : {
                  "type" : "SvgFeatureRenderer",
                  "labels" : {
                     "description" : "jexl:get(feature,'source') || get(feature,'description')"
                  },
                  "color1" : "jexl:get(feature,'source')=='SL1'?'red':get(feature,'source')=='SL2'?'green':'black'"
               },
               "displayId" : "trans-spliced_acceptor-c_japonica_PRJNA12591-LinearBasicDisplay"
            }
         ],
         "name" : "Trans-spliced acceptor",
         "type" : "FeatureTrack",
         "category" : [
            "Sequence Features",
            "Signals & Motifs"
         ],
         "trackId" : "c_japonica_PRJNA12591_trans-spliced_acceptor"
      },
      {
         "displays" : [
            {
               "type" : "LinearBasicDisplay",
               "displayId" : "curated_genes_(noncoding)-c_japonica_PRJNA12591-LinearBasicDisplay",
               "renderer" : {
                  "color1" : "gray",
                  "height" : 6,
                  "type" : "SvgFeatureRenderer"
               }
            }
         ],
         "description" : "Non-coding curated gene models, including ncRNA, tRNA, miRNA, snRNA, snoRNA, piRNA, lincRNA and antisense RNA.",
         "trackId" : "c_japonica_PRJNA12591_curated_genes_noncoding",
         "name" : "Curated Genes (noncoding)",
         "category" : [
            "Genes",
            "Curated Genes"
         ],
         "type" : "FeatureTrack",
         "assemblyNames" : [
            "c_japonica_PRJNA12591"
         ],
         "adapter" : {
            "type" : "NCListAdapter",
            "rootUrlTemplate" : {
               "locationType" : "UriLocation",
               "uri" : "https://s3.amazonaws.com/agrjbrowse/MOD-jbrowses/WormBase/WS287/c_japonica_PRJNA12591/tracks/Curated Genes (noncoding)/{refseq}/trackData.jsonz"
            }
         }
      },
      {
         "trackId" : "c_japonica_PRJNA12591_curated_genes",
         "category" : [
            "Genes",
            "Curated Genes"
         ],
         "type" : "FeatureTrack",
         "assemblyNames" : [
            "c_japonica_PRJNA12591"
         ],
         "adapter" : {
            "type" : "NCListAdapter",
            "rootUrlTemplate" : {
               "locationType" : "UriLocation",
               "uri" : "https://s3.amazonaws.com/agrjbrowse/MOD-jbrowses/WormBase/WS287/c_japonica_PRJNA12591/tracks/Curated_Genes/{refseq}/trackData.jsonz"
            }
         },
         "name" : "Curated Genes",
         "displays" : [
            {
               "displayId" : "curated_genes-c_japonica_PRJNA12591-LinearBasicDisplay",
               "renderer" : {
                  "color1" : "jexl:get(feature,'type')!='CDS'?'gray':get(feature,'strand')>0?'violet':'turquoise'",
                  "labels" : {
                     "name" : "jexl:get(feature,'locus') || get(feature,'sequence_name')"
                  },
                  "type" : "SvgFeatureRenderer",
                  "color3" : "#965567"
               },
               "type" : "LinearBasicDisplay"
            }
         ],
         "description" : "Protein-coding gene structures result from the integration of a variety of prediction methods and data sources followed by manual review and revison by WormBase curators. tRNAs are predicted by tRNAscan, and other non-coding RNA transcripts are taken from a variety of literature sources. The purple and blue colors indicate transcripts on the forward and reverse strands respectively. Dark purple areas represent 5' and 3' UTRs of protein-coding transcripts, assigned automatically using the extents of overlapping ESTs and full-length cDNAs. The UTR predictions have not been reviewed by WormBase curators, and some are known to contain artifacts. Grey transcripts represent either non-coding transcripts of protein coding genes or transcripts of non-coding genes."
      },
      {
         "description" : "This track shows the extent of predicted protein motifs. Note these spans correspond to amino acid coordinates interpolated onto the physical map.  Included are signal peptide (signalp), coiled coil (ncoils) and transmembrane (tmhmm) domains, regions of low complexity (seg), and Pfam annotated motif homologies.",
         "displays" : [
            {
               "type" : "LinearBasicDisplay",
               "displayId" : "protein_motifs-c_japonica_PRJNA12591-LinearBasicDisplay",
               "renderer" : {
                  "type" : "SvgFeatureRenderer",
                  "color1" : "jexl:parent(feature)=='undefined'?'purple':get(parent(feature),'predictiontype')=='tmhmm'?'magenta':get(parent(feature),'predictiontype')=='seg'?'lightseagreen':get(parent(feature),'predictiontype')=='signalp'?'aquamarine':get(parent(feature),'predictiontype')=='ncoils'?'chartreuse':\nget(parent(feature),'predictiontype')=='pfam'?'lightsalmon':'purple'",
                  "height" : 7
               }
            }
         ],
         "name" : "Protein motifs",
         "adapter" : {
            "rootUrlTemplate" : {
               "uri" : "https://s3.amazonaws.com/agrjbrowse/MOD-jbrowses/WormBase/WS287/c_japonica_PRJNA12591/tracks/Protein motifs/{refseq}/trackData.jsonz",
               "locationType" : "UriLocation"
            },
            "type" : "NCListAdapter"
         },
         "assemblyNames" : [
            "c_japonica_PRJNA12591"
         ],
         "category" : [
            "Sequence Features",
            "Translated Features"
         ],
         "type" : "FeatureTrack",
         "trackId" : "c_japonica_PRJNA12591_protein_motifs"
      },
      {
         "name" : "Gene Models (historical)",
         "description" : "Historical gene predictions.",
         "displays" : [
            {
               "type" : "LinearBasicDisplay",
               "renderer" : {
                  "type" : "SvgFeatureRenderer",
                  "labels" : {
                     "description" : "jexl:get(feature,'type')"
                  },
                  "color1" : "jexl:get(feature,'strand')>0?'violet':'turquoise'"
               },
               "displayId" : "gene_models_(historical)-c_japonica_PRJNA12591-LinearBasicDisplay"
            }
         ],
         "adapter" : {
            "rootUrlTemplate" : {
               "locationType" : "UriLocation",
               "uri" : "https://s3.amazonaws.com/agrjbrowse/MOD-jbrowses/WormBase/WS287/c_japonica_PRJNA12591/tracks/Gene Models (historical)/{refseq}/trackData.jsonz"
            },
            "type" : "NCListAdapter"
         },
         "assemblyNames" : [
            "c_japonica_PRJNA12591"
         ],
         "type" : "FeatureTrack",
         "category" : [
            "Genes",
            "Curated Genes"
         ],
         "trackId" : "c_japonica_PRJNA12591_gene_models_(historical)"
      },
      {
         "type" : "FeatureTrack",
         "category" : [
            "Genes",
            "Curated Genes"
         ],
         "trackId" : "c_japonica_PRJNA12591_curated_genes_pseudogenes",
         "adapter" : {
            "rootUrlTemplate" : {
               "uri" : "https://s3.amazonaws.com/agrjbrowse/MOD-jbrowses/WormBase/WS287/c_japonica_PRJNA12591/tracks/Curated Genes (pseudogenes)/{refseq}/trackData.jsonz",
               "locationType" : "UriLocation"
            },
            "type" : "NCListAdapter"
         },
         "assemblyNames" : [
            "c_japonica_PRJNA12591"
         ],
         "description" : "A subset of the full Curated Genes set limited to pseudogenes only. Pseudogenes of tRNA are lighter gray and pseudogenes of rRNA are darker gray than pseudogenes of protein coding genes.",
         "displays" : [
            {
               "type" : "LinearBasicDisplay",
               "renderer" : {
                  "color1" : "gray",
                  "height" : 6,
                  "type" : "SvgFeatureRenderer"
               },
               "displayId" : "curated_genes_(pseudogenes)-c_japonica_PRJNA12591-LinearBasicDisplay"
            }
         ],
         "name" : "Curated Genes (pseudogenes)"
      },
      {
         "type" : "FeatureTrack",
         "category" : [
            "Genes",
            "Ab-initio predictions"
         ],
         "trackId" : "c_japonica_PRJNA12591_genblastg_cds_predictions",
         "adapter" : {
            "type" : "NCListAdapter",
            "rootUrlTemplate" : {
               "locationType" : "UriLocation",
               "uri" : "https://s3.amazonaws.com/agrjbrowse/MOD-jbrowses/WormBase/WS287/c_japonica_PRJNA12591/tracks/genBlastG CDS predictions/{refseq}/trackData.jsonz"
            }
         },
         "assemblyNames" : [
            "c_japonica_PRJNA12591"
         ],
         "name" : "genBlastG CDS predictions",
         "description" : "Data from 'genBlastG: using BLAST searches to build homologous gene models' (WBPaper00040677).",
         "displays" : [
            {
               "type" : "LinearBasicDisplay",
               "renderer" : {
                  "type" : "SvgFeatureRenderer",
                  "height" : 7
               },
               "displayId" : "genblastg_cds_predictions-c_japonica_PRJNA12591-LinearBasicDisplay"
            }
         ]
      },
      {
         "assemblyNames" : [
            "c_japonica_PRJNA12591"
         ],
         "adapter" : {
            "rootUrlTemplate" : {
               "uri" : "https://s3.amazonaws.com/agrjbrowse/MOD-jbrowses/WormBase/WS287/c_japonica_PRJNA12591/tracks/mRNAs_ncRNAs (best)/{refseq}/trackData.jsonz",
               "locationType" : "UriLocation"
            },
            "type" : "NCListAdapter"
         },
         "displays" : [
            {
               "displayId" : "mrnas/ncrnas_(best)-c_japonica_PRJNA12591-LinearBasicDisplay",
               "renderer" : {
                  "outline" : "black",
                  "color1" : "jexl:startsWith(get(feature,'source'),'BLAT_mRNA_')==true?'yellow':'gray'",
                  "height" : 6,
                  "type" : "SvgFeatureRenderer"
               },
               "type" : "LinearBasicDisplay"
            }
         ],
         "description" : "Native (same species) full length cDNAs and ncRNAs aligned to the genome using BLAT. This track shows the best unique location for each cDNA.",
         "name" : "mRNAs/ncRNAs (best)",
         "trackId" : "c_japonica_PRJNA12591_mrnas/ncrnas_(best)",
         "type" : "FeatureTrack",
         "category" : [
            "Genes",
            "Supporting Evidence"
         ]
      },
      {
         "description" : "Matches to WormBase C. briggsae proteins, aligned with BLASTX (nucleotide to protein, via six-frame translation).",
         "displays" : [
            {
               "mouseover" : "jexl:get(feature,'clone')",
               "type" : "LinearBasicDisplay",
               "displayId" : "C_briggsae_proteins-c_japonica_PRJNA12591-LinearBasicDisplay",
               "renderer" : {
                  "type" : "SvgFeatureRenderer",
                  "showLabels" : false,
                  "color1" : "orange",
                  "height" : 4
               }
            }
         ],
         "name" : "C. briggsae proteins",
         "adapter" : {
            "type" : "NCListAdapter",
            "rootUrlTemplate" : {
               "uri" : "https://s3.amazonaws.com/agrjbrowse/MOD-jbrowses/WormBase/WS287/c_japonica_PRJNA12591/tracks/C. briggsae proteins/{refseq}/trackData.jsonz",
               "locationType" : "UriLocation"
            }
         },
         "assemblyNames" : [
            "c_japonica_PRJNA12591"
         ],
         "category" : [
            "Sequence Similarity",
            "Proteins"
         ],
         "type" : "FeatureTrack",
         "trackId" : "c_japonica_PRJNA12591_C_briggsae_proteins"
      },
      {
         "adapter" : {
            "rootUrlTemplate" : {
               "uri" : "https://s3.amazonaws.com/agrjbrowse/MOD-jbrowses/WormBase/WS287/c_japonica_PRJNA12591/tracks/T. muris proteins/{refseq}/trackData.jsonz",
               "locationType" : "UriLocation"
            },
            "type" : "NCListAdapter"
         },
         "assemblyNames" : [
            "c_japonica_PRJNA12591"
         ],
         "name" : "T. muris proteins",
         "category" : [
            "Sequence Similarity",
            "Proteins"
         ],
         "type" : "FeatureTrack",
         "trackId" : "c_japonica_PRJNA12591_T_muris_proteins",
         "description" : "Matches to WormBase T. muris proteins, aligned with BLASTX (nucleotide to protein, via six-frame translation).",
         "displays" : [
            {
               "mouseover" : "jexl:get(feature,'clone')",
               "type" : "LinearBasicDisplay",
               "renderer" : {
                  "type" : "SvgFeatureRenderer",
                  "showLabels" : false,
                  "color1" : "orange",
                  "height" : 4
               },
               "displayId" : "T_muris_proteins-c_japonica_PRJNA12591-LinearBasicDisplay"
            }
         ]
      },
      {
         "type" : "FeatureTrack",
         "category" : [
            "Sequence Similarity",
            "Proteins"
         ],
         "trackId" : "c_japonica_PRJNA12591_O_volvulus_proteins",
         "name" : "O. volvulus proteins",
         "description" : "Matches to WormBase O. volvulus proteins, aligned with BLASTX (nucleotide to protein, via six-frame translation).",
         "displays" : [
            {
               "displayId" : "O_volvulus_proteins-c_japonica_PRJNA12591-LinearBasicDisplay",
               "renderer" : {
                  "color1" : "orange",
                  "height" : 4,
                  "type" : "SvgFeatureRenderer",
                  "showLabels" : false
               },
               "type" : "LinearBasicDisplay",
               "mouseover" : "jexl:get(feature,'clone')"
            }
         ],
         "adapter" : {
            "type" : "NCListAdapter",
            "rootUrlTemplate" : {
               "uri" : "https://s3.amazonaws.com/agrjbrowse/MOD-jbrowses/WormBase/WS287/c_japonica_PRJNA12591/tracks/O. volvulus proteins/{refseq}/trackData.jsonz",
               "locationType" : "UriLocation"
            }
         },
         "assemblyNames" : [
            "c_japonica_PRJNA12591"
         ]
      },
      {
         "assemblyNames" : [
            "c_japonica_PRJNA12591"
         ],
         "adapter" : {
            "rootUrlTemplate" : {
               "uri" : "https://s3.amazonaws.com/agrjbrowse/MOD-jbrowses/WormBase/WS287/c_japonica_PRJNA12591/tracks/C. remanei proteins/{refseq}/trackData.jsonz",
               "locationType" : "UriLocation"
            },
            "type" : "NCListAdapter"
         },
         "displays" : [
            {
               "type" : "LinearBasicDisplay",
               "mouseover" : "jexl:get(feature,'clone')",
               "renderer" : {
                  "height" : 4,
                  "color1" : "orange",
                  "type" : "SvgFeatureRenderer",
                  "showLabels" : false
               },
               "displayId" : "C_remanei_proteins-c_japonica_PRJNA12591-LinearBasicDisplay"
            }
         ],
         "description" : "Matches to WormBase C. remanei proteins, aligned with BLASTX (nucleotide to protein, via six-frame translation).",
         "name" : "C. remanei proteins",
         "trackId" : "c_japonica_PRJNA12591_C_remanei_proteins",
         "type" : "FeatureTrack",
         "category" : [
            "Sequence Similarity",
            "Proteins"
         ]
      },
      {
         "displays" : [
            {
               "renderer" : {
                  "color1" : "orange",
                  "height" : 4,
                  "showLabels" : false,
                  "type" : "SvgFeatureRenderer"
               },
               "displayId" : "D_melanogaster_proteins-c_japonica_PRJNA12591-LinearBasicDisplay",
               "mouseover" : "jexl:get(feature,'clone')",
               "type" : "LinearBasicDisplay"
            }
         ],
         "description" : "Matches to WormBase D. melanogaster proteins, aligned with BLASTX (nucleotide to protein, via six-frame translation).",
         "name" : "D. melanogaster proteins",
         "assemblyNames" : [
            "c_japonica_PRJNA12591"
         ],
         "adapter" : {
            "type" : "NCListAdapter",
            "rootUrlTemplate" : {
               "uri" : "https://s3.amazonaws.com/agrjbrowse/MOD-jbrowses/WormBase/WS287/c_japonica_PRJNA12591/tracks/D. melanogaster proteins/{refseq}/trackData.jsonz",
               "locationType" : "UriLocation"
            }
         },
         "trackId" : "c_japonica_PRJNA12591_D_melanogaster_proteins",
         "type" : "FeatureTrack",
         "category" : [
            "Sequence Similarity",
            "Proteins"
         ]
      },
      {
         "displays" : [
            {
               "type" : "LinearBasicDisplay",
               "mouseover" : "jexl:get(feature,'clone')",
               "renderer" : {
                  "height" : 4,
                  "color1" : "orange",
                  "showLabels" : false,
                  "type" : "SvgFeatureRenderer"
               },
               "displayId" : "C_japonica_proteins-c_japonica_PRJNA12591-LinearBasicDisplay"
            }
         ],
         "description" : "Matches to WormBase C. japonica proteins, aligned with BLASTX (nucleotide to protein, via six-frame translation).",
         "name" : "C. japonica proteins",
         "assemblyNames" : [
            "c_japonica_PRJNA12591"
         ],
         "adapter" : {
            "rootUrlTemplate" : {
               "locationType" : "UriLocation",
               "uri" : "https://s3.amazonaws.com/agrjbrowse/MOD-jbrowses/WormBase/WS287/c_japonica_PRJNA12591/tracks/C. japonica proteins/{refseq}/trackData.jsonz"
            },
            "type" : "NCListAdapter"
         },
         "trackId" : "c_japonica_PRJNA12591_C_japonica_proteins",
         "type" : "FeatureTrack",
         "category" : [
            "Sequence Similarity",
            "Proteins"
         ]
      },
      {
         "adapter" : {
            "type" : "NCListAdapter",
            "rootUrlTemplate" : {
               "locationType" : "UriLocation",
               "uri" : "https://s3.amazonaws.com/agrjbrowse/MOD-jbrowses/WormBase/WS287/c_japonica_PRJNA12591/tracks/C. brenneri proteins/{refseq}/trackData.jsonz"
            }
         },
         "assemblyNames" : [
            "c_japonica_PRJNA12591"
         ],
         "category" : [
            "Sequence Similarity",
            "Proteins"
         ],
         "name" : "C. brenneri proteins",
         "type" : "FeatureTrack",
         "trackId" : "c_japonica_PRJNA12591_C_brenneri_proteins",
         "description" : "Matches to WormBase C. brenneri proteins, aligned with BLASTX (nucleotide to protein, via six-frame translation).",
         "displays" : [
            {
               "type" : "LinearBasicDisplay",
               "mouseover" : "jexl:get(feature,'clone')",
               "renderer" : {
                  "showLabels" : false,
                  "type" : "SvgFeatureRenderer",
                  "height" : 4,
                  "color1" : "orange"
               },
               "displayId" : "C_brenneri_proteins-c_japonica_PRJNA12591-LinearBasicDisplay"
            }
         ]
      },
      {
         "type" : "FeatureTrack",
         "category" : [
            "Genome Structure",
            "Repeats"
         ],
         "trackId" : "c_japonica_PRJNA12591_low_complextity_region_(dust)",
         "adapter" : {
            "rootUrlTemplate" : {
               "uri" : "https://s3.amazonaws.com/agrjbrowse/MOD-jbrowses/WormBase/WS287/c_japonica_PRJNA12591/tracks/Low complextity region (Dust)/{refseq}/trackData.jsonz",
               "locationType" : "UriLocation"
            },
            "type" : "NCListAdapter"
         },
         "assemblyNames" : [
            "c_japonica_PRJNA12591"
         ],
         "description" : "Low-complexity regions identified by Dust.",
         "displays" : [
            {
               "type" : "LinearBasicDisplay",
               "displayId" : "low_complextity_region_(dust)-c_japonica_PRJNA12591-LinearBasicDisplay",
               "renderer" : {
                  "type" : "SvgFeatureRenderer",
                  "showLabels" : false,
                  "showDescriptions" : false,
                  "color1" : "bisque",
                  "height" : 4
               }
            }
         ],
         "name" : "Low complextity region (Dust)"
      },
      {
         "category" : [
            "Sequence Similarity",
            "Proteins"
         ],
         "type" : "FeatureTrack",
         "trackId" : "c_japonica_PRJNA12591_S_ratti_proteins",
         "name" : "S. ratti proteins",
         "description" : "Matches to WormBase S. ratti proteins, aligned with BLASTX (nucleotide to protein, via six-frame translation).",
         "displays" : [
            {
               "type" : "LinearBasicDisplay",
               "mouseover" : "jexl:get(feature,'clone')",
               "renderer" : {
                  "height" : 4,
                  "color1" : "orange",
                  "type" : "SvgFeatureRenderer",
                  "showLabels" : false
               },
               "displayId" : "S_ratti_proteins-c_japonica_PRJNA12591-LinearBasicDisplay"
            }
         ],
         "adapter" : {
            "type" : "NCListAdapter",
            "rootUrlTemplate" : {
               "uri" : "https://s3.amazonaws.com/agrjbrowse/MOD-jbrowses/WormBase/WS287/c_japonica_PRJNA12591/tracks/S. ratti proteins/{refseq}/trackData.jsonz",
               "locationType" : "UriLocation"
            }
         },
         "assemblyNames" : [
            "c_japonica_PRJNA12591"
         ]
      },
      {
         "trackId" : "c_japonica_PRJNA12591_rnaseq",
         "category" : [
            "Expression"
         ],
         "type" : "FeatureTrack",
         "name" : "RNASeq",
         "displays" : [
            {
               "mouseover" : "jexl:'Score: '+get(feature,'score')",
               "type" : "LinearBasicDisplay",
               "displayId" : "rnaseq-c_japonica_PRJNA12591-LinearBasicDisplay",
               "renderer" : {
                  "showLabels" : false,
                  "type" : "SvgFeatureRenderer",
                  "displayMode" : "collapse",
                  "color1" : "black",
                  "height" : "jexl:get(feature,'score')>100?50:floor(get(feature,'score')/2)>4?floor(get(feature,'score')/2):4"
               }
            }
         ],
         "description" : "These boxes indicate alignments of short read sequences from all available RNASeq projects. The number of reads has been normalised by averaging over the number of libraries. The height of all boxes indicates the relative score of the feature.",
         "assemblyNames" : [
            "c_japonica_PRJNA12591"
         ],
         "adapter" : {
            "rootUrlTemplate" : {
               "uri" : "https://s3.amazonaws.com/agrjbrowse/MOD-jbrowses/WormBase/WS287/c_japonica_PRJNA12591/tracks/RNASeq/{refseq}/trackData.jsonz",
               "locationType" : "UriLocation"
            },
            "type" : "NCListAdapter"
         }
      },
      {
         "description" : "This track shows the location and coordinates of contigs (mostly cosmids) submitted to GenBank/EMBL.",
         "displays" : [
            {
               "type" : "LinearBasicDisplay",
               "displayId" : "contig_submissions-c_japonica_PRJNA12591-LinearBasicDisplay",
               "renderer" : {
                  "height" : 7,
                  "color1" : "sienna",
                  "type" : "SvgFeatureRenderer"
               }
            }
         ],
         "name" : "Contig submissions",
         "adapter" : {
            "rootUrlTemplate" : {
               "locationType" : "UriLocation",
               "uri" : "https://s3.amazonaws.com/agrjbrowse/MOD-jbrowses/WormBase/WS287/c_japonica_PRJNA12591/tracks/Contig submissions/{refseq}/trackData.jsonz"
            },
            "type" : "NCListAdapter"
         },
         "assemblyNames" : [
            "c_japonica_PRJNA12591"
         ],
         "type" : "FeatureTrack",
         "category" : [
            "Genome Structure",
            "Assembly & Curation"
         ],
         "trackId" : "c_japonica_PRJNA12591_contig_submissions"
      },
      {
         "trackId" : "c_japonica_PRJNA12591_S_cerevisiae_proteins",
         "category" : [
            "Sequence Similarity",
            "Proteins"
         ],
         "type" : "FeatureTrack",
         "assemblyNames" : [
            "c_japonica_PRJNA12591"
         ],
         "adapter" : {
            "type" : "NCListAdapter",
            "rootUrlTemplate" : {
               "locationType" : "UriLocation",
               "uri" : "https://s3.amazonaws.com/agrjbrowse/MOD-jbrowses/WormBase/WS287/c_japonica_PRJNA12591/tracks/S. cerevisiae proteins/{refseq}/trackData.jsonz"
            }
         },
         "displays" : [
            {
               "displayId" : "S_cerevisiae_proteins-c_japonica_PRJNA12591-LinearBasicDisplay",
               "renderer" : {
                  "type" : "SvgFeatureRenderer",
                  "showLabels" : false,
                  "color1" : "orange",
                  "height" : 4
               },
               "type" : "LinearBasicDisplay",
               "mouseover" : "jexl:get(feature,'clone')"
            }
         ],
         "description" : "Matches to WormBase S. cerevisiae proteins, aligned with BLASTX (nucleotide to protein, via six-frame translation).",
         "name" : "S. cerevisiae proteins"
      },
      {
         "assemblyNames" : [
            "c_japonica_PRJNA12591"
         ],
         "adapter" : {
            "type" : "NCListAdapter",
            "rootUrlTemplate" : {
               "locationType" : "UriLocation",
               "uri" : "https://s3.amazonaws.com/agrjbrowse/MOD-jbrowses/WormBase/WS287/c_japonica_PRJNA12591/tracks/H. sapiens proteins/{refseq}/trackData.jsonz"
            }
         },
         "name" : "H. sapiens proteins",
         "displays" : [
            {
               "displayId" : "H_sapiens_proteins-c_japonica_PRJNA12591-LinearBasicDisplay",
               "renderer" : {
                  "type" : "SvgFeatureRenderer",
                  "showLabels" : false,
                  "color1" : "orange",
                  "height" : 4
               },
               "type" : "LinearBasicDisplay",
               "mouseover" : "jexl:get(feature,'clone')"
            }
         ],
         "description" : "Matches to WormBase H. sapiens proteins, aligned with BLASTX (nucleotide to protein, via six-frame translation).",
         "trackId" : "c_japonica_PRJNA12591_H_sapiens_proteins",
         "type" : "FeatureTrack",
         "category" : [
            "Sequence Similarity",
            "Proteins"
         ]
      },
      {
         "category" : [
            "Reagents"
         ],
         "type" : "FeatureTrack",
         "trackId" : "c_japonica_PRJNA12591_microarray_oligo_probes",
         "description" : "This track contains Affymetrix GeneChip and Washington University GSC microarray probe sets.",
         "displays" : [
            {
               "renderer" : {
                  "color1" : "black",
                  "height" : 4,
                  "type" : "SvgFeatureRenderer"
               },
               "displayId" : "microarray_oligo_probes-c_japonica_PRJNA12591-LinearBasicDisplay",
               "type" : "LinearBasicDisplay"
            }
         ],
         "name" : "Microarray oligo probes",
         "adapter" : {
            "rootUrlTemplate" : {
               "uri" : "https://s3.amazonaws.com/agrjbrowse/MOD-jbrowses/WormBase/WS287/c_japonica_PRJNA12591/tracks/Microarray oligo probes/{refseq}/trackData.jsonz",
               "locationType" : "UriLocation"
            },
            "type" : "NCListAdapter"
         },
         "assemblyNames" : [
            "c_japonica_PRJNA12591"
         ]
      },
      {
         "name" : "Trinity-assembled RNAseq",
         "displays" : [
            {
               "renderer" : {
                  "height" : 5,
                  "color1" : "mediumpurple",
                  "type" : "SvgFeatureRenderer",
                  "showLabels" : false
               },
               "displayId" : "trinity-assembled_rnaseq-c_japonica_PRJNA12591-LinearBasicDisplay",
               "type" : "LinearBasicDisplay"
            }
         ],
         "description" : "Native (same species) RNAseq data was assembled with Trinity and then aligned to the genome with BLAT",
         "assemblyNames" : [
            "c_japonica_PRJNA12591"
         ],
         "adapter" : {
            "type" : "NCListAdapter",
            "rootUrlTemplate" : {
               "locationType" : "UriLocation",
               "uri" : "https://s3.amazonaws.com/agrjbrowse/MOD-jbrowses/WormBase/WS287/c_japonica_PRJNA12591/tracks/Trinity-assembled RNAseq/{refseq}/trackData.jsonz"
            }
         },
         "trackId" : "c_japonica_PRJNA12591_trinity-assembled_rnaseq",
         "type" : "FeatureTrack",
         "category" : [
            "Genes",
            "Supporting Evidence"
         ]
      },
      {
         "trackId" : "c_japonica_PRJNA12591_rnaseq_asymmetries",
         "category" : [
            "Expression"
         ],
         "type" : "FeatureTrack",
         "name" : "RNASeq Asymmetries",
         "displays" : [
            {
               "type" : "LinearBasicDisplay",
               "mouseover" : "jexl:'Score: '+get(feature,'score')",
               "renderer" : {
                  "type" : "SvgFeatureRenderer",
                  "showLabels" : false,
                  "height" : 24,
                  "color1" : "jexl:get(feature,'source')=='RNASeq_R_asymmetry'?'red': get(feature,'source')=='RNASeq_F_asymmetry'?'green':'black'",
                  "displayMode" : "collapse"
               },
               "displayId" : "rnaseq_asymmetries-c_japonica_PRJNA12591-LinearBasicDisplay"
            }
         ],
         "description" : "Red boxes indicate regions where there are more than 2 times as many forward sense RNASeq reads aligned to the genome as reverse sense reads. This asymmetrical signal has been found empirically to be a sensitive marker for the ends of transcripts. Green boxes indicate regions where there are more than 2 times as many reverse sense RNASeq reads aligned to the genome as forward sense reads. This asymmetrical signal has been found empirically to be sensitive marker for the ends of transcripts. The height of all boxes indicates the relative score of the feature.",
         "assemblyNames" : [
            "c_japonica_PRJNA12591"
         ],
         "adapter" : {
            "type" : "NCListAdapter",
            "rootUrlTemplate" : {
               "locationType" : "UriLocation",
               "uri" : "https://s3.amazonaws.com/agrjbrowse/MOD-jbrowses/WormBase/WS287/c_japonica_PRJNA12591/tracks/RNASeq Asymmetries/{refseq}/trackData.jsonz"
            }
         }
      },
      {
         "name" : "C. elegans proteins",
         "description" : "Matches to WormBase C. elegans proteins, aligned with BLASTX (nucleotide to protein, via six-frame translation).",
         "displays" : [
            {
               "mouseover" : "jexl:get(feature,'clone')",
               "type" : "LinearBasicDisplay",
               "displayId" : "C_elegans_proteins-c_japonica_PRJNA12591-LinearBasicDisplay",
               "renderer" : {
                  "type" : "SvgFeatureRenderer",
                  "showLabels" : false,
                  "height" : 4,
                  "color1" : "orange"
               }
            }
         ],
         "adapter" : {
            "rootUrlTemplate" : {
               "locationType" : "UriLocation",
               "uri" : "https://s3.amazonaws.com/agrjbrowse/MOD-jbrowses/WormBase/WS287/c_japonica_PRJNA12591/tracks/C. elegans proteins/{refseq}/trackData.jsonz"
            },
            "type" : "NCListAdapter"
         },
         "assemblyNames" : [
            "c_japonica_PRJNA12591"
         ],
         "category" : [
            "Sequence Similarity",
            "Proteins"
         ],
         "type" : "FeatureTrack",
         "trackId" : "c_japonica_PRJNA12591_C_elegans_proteins"
      },
      {
         "name" : "P. pacificus proteins",
         "displays" : [
            {
               "type" : "LinearBasicDisplay",
               "mouseover" : "jexl:get(feature,'clone')",
               "renderer" : {
                  "type" : "SvgFeatureRenderer",
                  "showLabels" : false,
                  "height" : 4,
                  "color1" : "orange"
               },
               "displayId" : "P_pacificus_proteins-c_japonica_PRJNA12591-LinearBasicDisplay"
            }
         ],
         "description" : "Matches to WormBase P. pacificus proteins, aligned with BLASTX (nucleotide to protein, via six-frame translation).",
         "assemblyNames" : [
            "c_japonica_PRJNA12591"
         ],
         "adapter" : {
            "rootUrlTemplate" : {
               "locationType" : "UriLocation",
               "uri" : "https://s3.amazonaws.com/agrjbrowse/MOD-jbrowses/WormBase/WS287/c_japonica_PRJNA12591/tracks/P. pacificus proteins/{refseq}/trackData.jsonz"
            },
            "type" : "NCListAdapter"
         },
         "trackId" : "c_japonica_PRJNA12591_P_pacificus_proteins",
         "category" : [
            "Sequence Similarity",
            "Proteins"
         ],
         "type" : "FeatureTrack"
      },
      {
         "adapter" : {
            "rootUrlTemplate" : {
               "locationType" : "UriLocation",
               "uri" : "https://s3.amazonaws.com/agrjbrowse/MOD-jbrowses/WormBase/WS287/c_japonica_PRJNA12591/tracks/Repeat Region (RepeatMasker)/{refseq}/trackData.jsonz"
            },
            "type" : "NCListAdapter"
         },
         "assemblyNames" : [
            "c_japonica_PRJNA12591"
         ],
         "description" : "Repetitive regions identified by RepeatMasker.",
         "displays" : [
            {
               "type" : "LinearBasicDisplay",
               "renderer" : {
                  "color1" : "bisque",
                  "height" : 4,
                  "showLabels" : false,
                  "type" : "SvgFeatureRenderer",
                  "showDescriptions" : false
               },
               "displayId" : "repeat_region_(repeatmasker)-c_japonica_PRJNA12591-LinearBasicDisplay"
            }
         ],
         "name" : "Repeat Region (RepeatMasker)",
         "type" : "FeatureTrack",
         "category" : [
            "Genome Structure",
            "Repeats"
         ],
         "trackId" : "c_japonica_PRJNA12591_repeat_region_(repeatmasker)"
      },
      {
         "trackId" : "c_japonica_PRJNA12591_tandem_and_inverted_repeats",
         "type" : "FeatureTrack",
         "category" : [
            "Genome Structure",
            "Repeats"
         ],
         "assemblyNames" : [
            "c_japonica_PRJNA12591"
         ],
         "adapter" : {
            "type" : "NCListAdapter",
            "rootUrlTemplate" : {
               "locationType" : "UriLocation",
               "uri" : "https://s3.amazonaws.com/agrjbrowse/MOD-jbrowses/WormBase/WS287/c_japonica_PRJNA12591/tracks/Tandem and Inverted Repeats/{refseq}/trackData.jsonz"
            }
         },
         "displays" : [
            {
               "type" : "LinearBasicDisplay",
               "renderer" : {
                  "showDescriptions" : false,
                  "type" : "SvgFeatureRenderer",
                  "showLabels" : false,
                  "color1" : "bisque"
               },
               "displayId" : "tandem_and_inverted_repeats-c_japonica_PRJNA12591-LinearBasicDisplay"
            }
         ],
         "description" : "Exact tandem and inverted repetitive elements.",
         "name" : "Tandem and Inverted Repeats"
      },
      {
         "category" : [
            "Sequence Similarity",
            "Proteins"
         ],
         "type" : "FeatureTrack",
         "trackId" : "c_japonica_PRJNA12591_B_malayi_proteins",
         "adapter" : {
            "type" : "NCListAdapter",
            "rootUrlTemplate" : {
               "locationType" : "UriLocation",
               "uri" : "https://s3.amazonaws.com/agrjbrowse/MOD-jbrowses/WormBase/WS287/c_japonica_PRJNA12591/tracks/B. malayi proteins/{refseq}/trackData.jsonz"
            }
         },
         "assemblyNames" : [
            "c_japonica_PRJNA12591"
         ],
         "name" : "B. malayi proteins",
         "description" : "Matches to WormBase B. malayi proteins, aligned with BLASTX (nucleotide to protein, via six-frame translation).",
         "displays" : [
            {
               "renderer" : {
                  "height" : 4,
                  "color1" : "orange",
                  "type" : "SvgFeatureRenderer",
                  "showLabels" : false
               },
               "displayId" : "B_malayi_proteins-c_japonica_PRJNA12591-LinearBasicDisplay",
               "mouseover" : "jexl:get(feature,'clone')",
               "type" : "LinearBasicDisplay"
            }
         ]
      },
      {
         "assemblyNames" : [
            "c_japonica_PRJNA12591"
         ],
         "adapter" : {
            "type" : "NCListAdapter",
            "rootUrlTemplate" : {
               "locationType" : "UriLocation",
               "uri" : "https://s3.amazonaws.com/agrjbrowse/MOD-jbrowses/WormBase/WS287/c_japonica_PRJNA12591/tracks/RNASeq introns/{refseq}/trackData.jsonz"
            }
         },
         "displays" : [
            {
               "displayId" : "rnaseq_introns-c_japonica_PRJNA12591-LinearBasicDisplay",
               "renderer" : {
                  "showDescriptions" : false,
                  "showLabels" : false,
                  "type" : "SvgFeatureRenderer",
                  "height" : "jexl:get(feature,'score')>100?50:get(feature,'score')<8?4:floor(get(feature,'score')/2)",
                  "color1" : "green"
               },
               "mouseover" : "jexl:get(feature,'score')+' reads'",
               "type" : "LinearBasicDisplay"
            }
         ],
         "description" : "These are introns formed by aligned RNASeq reads spanning a region of the genome. Alignments of short read sequences from all available RNASeq projects were used. The number of reads spanning the introns is indicated by the thickness of the display.",
         "trackId" : "c_japonica_PRJNA12591_rnaseq_introns",
         "type" : "FeatureTrack",
         "name" : "RNASeq introns",
         "category" : [
            "Expression"
         ]
      },
      {
         "assemblyNames" : [
            "c_japonica_PRJNA12591"
         ],
         "adapter" : {
            "type" : "NCListAdapter",
            "rootUrlTemplate" : {
               "uri" : "https://s3.amazonaws.com/agrjbrowse/MOD-jbrowses/WormBase/WS287/c_japonica_PRJNA12591/tracks/RNASeq Splice Junctions (common)/{refseq}/trackData.jsonz",
               "locationType" : "UriLocation"
            }
         },
         "displays" : [
            {
               "type" : "LinearBasicDisplay",
               "mouseover" : "jexl:get(feature,'score')+' reads'",
               "renderer" : {
                  "showLabels" : false,
                  "type" : "SvgFeatureRenderer",
                  "color1" : "jexl:get(feature,'score')>20000?(get(feature,'strand')>0?'#730073':'#007373'):get(feature,'strand')>0?'#'+hex(round(255-(140*(get(feature,'score')/20000))))+'00'+hex(round(255-(140*(get(feature,'score')/20000)))):'#00'+hex(round(255-(140*(get(feature,'score')/20000))))+hex(round(255-(140*(get(feature,'score')/20000))))"
               },
               "displayId" : "rnaseq_splice_junctions_(common)-c_japonica_PRJNA12591-LinearBasicDisplay"
            }
         ],
         "description" : "These are introns formed by aligned RNASeq reads spanning a region of the genome. Alignments of short read sequences from all available RNASeq projects were used. These junctions are considered 'common' in that there are more than 500 reads confirming their existence. The number of reads spanning the introns is indicated by the darkness of the color (shades of cyan for reverse, shades of violet for forward).  Darker is more reads.",
         "trackId" : "c_japonica_PRJNA12591_rnaseq_splice_junctions_(common)",
         "name" : "RNASeq Splice Junctions (common)",
         "category" : [
            "Expression"
         ],
         "type" : "FeatureTrack"
      },
      {
         "assemblyNames" : [
            "c_japonica_PRJNA12591"
         ],
         "adapter" : {
            "type" : "NCListAdapter",
            "rootUrlTemplate" : {
               "uri" : "https://s3.amazonaws.com/agrjbrowse/MOD-jbrowses/WormBase/WS287/c_japonica_PRJNA12591/tracks/RNASeq Splice Junctions (rare)/{refseq}/trackData.jsonz",
               "locationType" : "UriLocation"
            }
         },
         "displays" : [
            {
               "displayId" : "rnaseq_splice_junctions_(rare)-c_japonica_PRJNA12591-LinearBasicDisplay",
               "renderer" : {
                  "showLabels" : false,
                  "type" : "SvgFeatureRenderer",
                  "height" : "jexl:4",
                  "color1" : "jexl:get(feature,'score')>20000?(get(feature,'strand')>0?'#730073':'#007373'):get(feature,'strand')>0?'#'+hex(round(255-(140*(get(feature,'score')/20000))))+'00'+hex(round(255-(140*(get(feature,'score')/20000)))):'#00'+hex(round(255-(140*(get(feature,'score')/20000))))+hex(round(255-(140*(get(feature,'score')/20000))))"
               },
               "type" : "LinearBasicDisplay",
               "mouseover" : "jexl:get(feature,'score')+' reads'"
            }
         ],
         "description" : "These are introns formed by aligned RNASeq reads spanning a region of the genome. Alignments of short read sequences from all available RNASeq projects were used. These junctions are considered 'rare' in that there are fewer than 500 reads confirming their existence. The number of reads spanning the introns is indicated by the darkness of the color (shades of cyan for reverse, shades of violet for forward).  Darker is more reads.",
         "name" : "RNASeq Splice Junctions (rare)",
         "trackId" : "c_japonica_PRJNA12591_rnaseq_splice_junctions_(rare)",
         "type" : "FeatureTrack",
         "category" : [
            "Expression"
         ]
      },
      {
         "assemblyNames" : [
            "c_japonica_PRJNA12591"
         ],
         "adapter" : {
            "type" : "NCListAdapter",
            "rootUrlTemplate" : {
               "uri" : "https://s3.amazonaws.com/agrjbrowse/MOD-jbrowses/WormBase/WS287/c_japonica_PRJNA12591/tracks/Links and Superlinks/{refseq}/trackData.jsonz",
               "locationType" : "UriLocation"
            }
         },
         "displays" : [
            {
               "type" : "LinearBasicDisplay",
               "renderer" : {
                  "type" : "SvgFeatureRenderer",
                  "color1" : "black",
                  "height" : 4
               },
               "displayId" : "links_and_superlinks-c_japonica_PRJNA12591-LinearBasicDisplay"
            }
         ],
         "description" : "This track shows the location and coordinates of contigs created during the assembly of the C. elegans genome.",
         "trackId" : "c_japonica_PRJNA12591_links_and_superlinks",
         "name" : "Links and Superlinks",
         "type" : "FeatureTrack",
         "category" : [
            "Genome Structure",
            "Assembly & Curation"
         ]
      },
      {
         "name" : "ESTs",
         "displays" : [
            {
               "type" : "LinearBasicDisplay",
               "renderer" : {
                  "color1" : "jexl:parent(feature)=='undefined'?'red':get(parent(feature),'has_mate')==1?'limegreen':get(parent(feature),'has_mate')==2?'green':get(parent(feature),'has_mate')==0?'gold':'black'",
                  "type" : "SvgFeatureRenderer"
               },
               "displayId" : "ests-c_japonica_PRJNA12591-LinearBasicDisplay"
            }
         ],
         "description" : "Native (same-species) Expressed Sequence Tags (ESTs), aligned to the genome using <a href='http://genome.cse.ucsc.edu/cgi-bin/hgBlat'>BLAT</a>. This track shows the best unique location for each EST. The paired 5' and 3' ESTs from the same cDNA clone are connected by a dashed line and a colored light green. ESTs with no mate are yellow, and ESTs with a mate that is 'far away' are dark green.",
         "assemblyNames" : [
            "c_japonica_PRJNA12591"
         ],
         "adapter" : {
            "type" : "NCListAdapter",
            "rootUrlTemplate" : {
               "uri" : "https://s3.amazonaws.com/agrjbrowse/MOD-jbrowses/WormBase/WS287/c_japonica_PRJNA12591/tracks/ESTs (best)/{refseq}/trackData.jsonz",
               "locationType" : "UriLocation"
            }
         },
         "trackId" : "c_japonica_PRJNA12591_ests",
         "category" : [
            "Genes",
            "Supporting Evidence"
         ],
         "type" : "FeatureTrack"
      },
      {
         "description" : "Matches to proteins from a slimmed-down version of UniProt (with proteins from WormBase core nematodes, human, fly and yeast removed), aligned with BLASTX (nucleotide to protein, via six-frame translation).",
         "displays" : [
            {
               "renderer" : {
                  "color1" : "orange",
                  "height" : 4,
                  "type" : "SvgFeatureRenderer",
                  "showLabels" : false,
                  "showDescriptions" : false
               },
               "displayId" : "other_uniprot_proteins-c_japonica_PRJNA12591-LinearBasicDisplay",
               "type" : "LinearBasicDisplay"
            }
         ],
         "name" : "Other UniProt proteins",
         "adapter" : {
            "type" : "NCListAdapter",
            "rootUrlTemplate" : {
               "uri" : "https://s3.amazonaws.com/agrjbrowse/MOD-jbrowses/WormBase/WS287/c_japonica_PRJNA12591/tracks/Other UniProt proteins/{refseq}/trackData.jsonz",
               "locationType" : "UriLocation"
            }
         },
         "assemblyNames" : [
            "c_japonica_PRJNA12591"
         ],
         "type" : "FeatureTrack",
         "category" : [
            "Sequence Similarity",
            "Proteins"
         ],
         "trackId" : "c_japonica_PRJNA12591_other_uniprot_proteins"
      },
      {
         "description" : "The C. elegans genome was submitted to the GenBank and EMBL databases in in the form of a set of minimally-overlapping segments.  This track shows the position of these accessioned entries.",
         "displays" : [
            {
               "renderer" : {
                  "type" : "SvgFeatureRenderer",
                  "color1" : "sienna",
                  "height" : 4
               },
               "displayId" : "genbank_submissions-c_japonica_PRJNA12591-LinearBasicDisplay",
               "type" : "LinearBasicDisplay",
               "mouseover" : "jexl:get(feature,'genbank')"
            }
         ],
         "category" : [
            "Genome Structure",
            "Assembly & Curation"
         ],
         "name" : "Genbank submissions",
         "type" : "FeatureTrack",
         "trackId" : "c_japonica_PRJNA12591_genbank_submissions",
         "adapter" : {
            "rootUrlTemplate" : {
               "uri" : "https://s3.amazonaws.com/agrjbrowse/MOD-jbrowses/WormBase/WS287/c_japonica_PRJNA12591/tracks/Genbank submissions/{refseq}/trackData.jsonz",
               "locationType" : "UriLocation"
            },
            "type" : "NCListAdapter"
         },
         "assemblyNames" : [
            "c_japonica_PRJNA12591"
         ]
      },
      {
         "assemblyNames" : [
            "c_japonica_PRJNA12591"
         ],
         "adapter" : {
            "type" : "NCListAdapter",
            "rootUrlTemplate" : {
               "locationType" : "UriLocation",
               "uri" : "https://s3.amazonaws.com/agrjbrowse/MOD-jbrowses/WormBase/WS287/c_japonica_PRJNA12591/tracks/Nanopore matches/{refseq}/trackData.jsonz"
            }
         },
         "displays" : [
            {
               "type" : "LinearBasicDisplay",
               "displayId" : "nanopore_matches-c_japonica_PRJNA12591-LinearBasicDisplay",
               "renderer" : {
                  "showLabels" : false,
                  "type" : "SvgFeatureRenderer",
                  "color1" : "jexl:get(feature,'source')=='BLAT_Caen_mRNA'?'lightblue':'green'",
                  "height" : 4
               }
            }
         ],
         "description" : "This Nanopore transcript data is from the paper 'The full-length transcriptome of C. elegans using direct RNA sequencing' Roach et al. https://doi.org/10.1101/598763. Where several transcripts are nearly identical, they are represented by a single transcript and the number of transcripts is recorded in the read coverage. Sequencing is from 3' to 5' and randomly terminates, so the 5' end of transcripts is often incomplete.",
         "trackId" : "c_japonica_PRJNA12591_nanopore_matches",
         "name" : "Nanopore matches",
         "type" : "FeatureTrack",
         "category" : [
            "Genes",
            "Supporting Evidence"
         ]
      }
   ],
   "assemblies" : [
      {
         "name" : "c_japonica_PRJNA12591",
         "sequence" : {
            "displays" : [
               {
                  "type" : "LinearReferenceSequenceDisplay",
                  "displayId" : "c_japonica_PRJNA12591-LinearReferenceSequenceDisplay"
               }
            ],
            "trackId" : "c_japonica_PRJNA12591-1646426635733",
            "type" : "ReferenceSequenceTrack",
            "adapter" : {
               "fastaLocation" : {
                  "locationType" : "UriLocation",
                  "uri" : "https://s3.amazonaws.com/wormbase-modencode/fasta/current/c_japonica.PRJNA12591.WS284.genomic.fa.gz"
               },
               "gziLocation" : {
                  "uri" : "https://s3.amazonaws.com/wormbase-modencode/fasta/current/c_japonica.PRJNA12591.WS284.genomic.fa.gz.gzi",
                  "locationType" : "UriLocation"
               },
               "faiLocation" : {
                  "locationType" : "UriLocation",
                  "uri" : "https://s3.amazonaws.com/wormbase-modencode/fasta/current/c_japonica.PRJNA12591.WS284.genomic.fa.gz.fai"
               },
               "type" : "BgzipFastaAdapter"
            }
         },
         "displayName" : "c_japonica_PRJNA12591"
      }
   ]
}
