{
   "tracks" : [
      {
         "displays" : [
            {
               "displayId" : "yacs,_fosmids,_&_cosmids-o_volvulus_PRJEB513-LinearBasicDisplay",
               "type" : "LinearBasicDisplay",
               "renderer" : {
                  "color1" : "black",
                  "type" : "SvgFeatureRenderer",
                  "height" : 3
               }
            }
         ],
         "assemblyNames" : [
            "o_volvulus_PRJEB513"
         ],
         "formatDetails" : {
            "feature" : "jexl:{ JBrowse1: '<a href=\"/tools/genome/jbrowse-simple/?data=data/o_volvulus_PRJEB513' + '&loc=' +feature.refName+':'+feature.start+'..'+feature.end+ '\">'+feature.refName+':'+feature.start+'..'+feature.end+'</a>'}"
         },
         "description" : "This track shows the locations of the cosmids, fosmids, and YACs used for the physical mapping and sequencing of the C. elegans genome.  The clone termini do not necessarily correspond to the termini of submitted GenBank/EMBL entries. In some cases the exact termini of the clones is not known.  For example, YACs were sequenced using PCR amplification across gaps in the cosmid maps.  When a clone end is not known, it is shown as an arrow extending to the end of the display.  Such data is to be treated with caution.  The Vancouver fosmids can be ordered directly from <a href='http://www.geneservice.co.uk/products/clones/Celegans_Fos.jsp'>GeneService</a>.",
         "adapter" : {
            "rootUrlTemplate" : {
               "uri" : "https://s3.amazonaws.com/agrjbrowse/MOD-jbrowses/WormBase/WS287/o_volvulus_PRJEB513/tracks/YACs, Fosmids, & Cosmids/{refseq}/trackData.jsonz",
               "locationType" : "UriLocation"
            },
            "type" : "NCListAdapter"
         },
         "trackId" : "o_volvulus_PRJEB513_yacs_fosmids_cosmids",
         "category" : [
            "Reagents"
         ],
         "name" : "YACs, Fosmids, & Cosmids",
         "type" : "FeatureTrack"
      },
      {
         "name" : "Protein motifs",
         "type" : "FeatureTrack",
         "category" : [
            "Sequence Features",
            "Translated Features"
         ],
         "trackId" : "o_volvulus_PRJEB513_protein_motifs",
         "adapter" : {
            "rootUrlTemplate" : {
               "uri" : "https://s3.amazonaws.com/agrjbrowse/MOD-jbrowses/WormBase/WS287/o_volvulus_PRJEB513/tracks/Protein motifs/{refseq}/trackData.jsonz",
               "locationType" : "UriLocation"
            },
            "type" : "NCListAdapter"
         },
         "description" : "This track shows the extent of predicted protein motifs. Note these spans correspond to amino acid coordinates interpolated onto the physical map.  Included are signal peptide (signalp), coiled coil (ncoils) and transmembrane (tmhmm) domains, regions of low complexity (seg), and Pfam annotated motif homologies.",
         "formatDetails" : {
            "feature" : "jexl:{ JBrowse1: '<a href=\"/tools/genome/jbrowse-simple/?data=data/o_volvulus_PRJEB513' + '&loc=' +feature.refName+':'+feature.start+'..'+feature.end+ '\">'+feature.refName+':'+feature.start+'..'+feature.end+'</a>'}"
         },
         "assemblyNames" : [
            "o_volvulus_PRJEB513"
         ],
         "displays" : [
            {
               "displayId" : "protein_motifs-o_volvulus_PRJEB513-LinearBasicDisplay",
               "renderer" : {
                  "color1" : "jexl:parent(feature)=='undefined'?'purple':get(parent(feature),'predictiontype')=='tmhmm'?'magenta':get(parent(feature),'predictiontype')=='seg'?'lightseagreen':get(parent(feature),'predictiontype')=='signalp'?'aquamarine':get(parent(feature),'predictiontype')=='ncoils'?'chartreuse':\nget(parent(feature),'predictiontype')=='pfam'?'lightsalmon':'purple'",
                  "height" : 7,
                  "type" : "SvgFeatureRenderer"
               },
               "type" : "LinearBasicDisplay"
            }
         ]
      },
      {
         "type" : "FeatureTrack",
         "name" : "Curated Genes",
         "category" : [
            "Genes",
            "Curated Genes"
         ],
         "trackId" : "o_volvulus_PRJEB513_curated_genes",
         "adapter" : {
            "type" : "NCListAdapter",
            "rootUrlTemplate" : {
               "uri" : "https://s3.amazonaws.com/agrjbrowse/MOD-jbrowses/WormBase/WS287/o_volvulus_PRJEB513/tracks/Curated_Genes/{refseq}/trackData.jsonz",
               "locationType" : "UriLocation"
            }
         },
         "description" : "Protein-coding gene structures result from the integration of a variety of prediction methods and data sources followed by manual review and revison by WormBase curators. tRNAs are predicted by tRNAscan, and other non-coding RNA transcripts are taken from a variety of literature sources. The purple and blue colors indicate transcripts on the forward and reverse strands respectively. Dark purple areas represent 5' and 3' UTRs of protein-coding transcripts, assigned automatically using the extents of overlapping ESTs and full-length cDNAs. The UTR predictions have not been reviewed by WormBase curators, and some are known to contain artifacts. Grey transcripts represent either non-coding transcripts of protein coding genes or transcripts of non-coding genes.",
         "formatDetails" : {
            "feature" : "jexl:{ JBrowse1: '<a href=\"/tools/genome/jbrowse-simple/?data=data/o_volvulus_PRJEB513' + '&loc=' +feature.refName+':'+feature.start+'..'+feature.end+ '\">'+feature.name+'</a>'}"
         },
         "assemblyNames" : [
            "o_volvulus_PRJEB513"
         ],
         "displays" : [
            {
               "displayId" : "curated_genes-o_volvulus_PRJEB513-LinearBasicDisplay",
               "renderer" : {
                  "color3" : "#965567",
                  "labels" : {
                     "name" : "jexl:get(feature,'locus') || get(feature,'sequence_name')"
                  },
                  "type" : "SvgFeatureRenderer",
                  "color1" : "jexl:get(feature,'type')!='CDS'?'gray':get(feature,'strand')>0?'violet':'turquoise'"
               },
               "type" : "LinearBasicDisplay"
            }
         ]
      },
      {
         "formatDetails" : {
            "feature" : "jexl:{ JBrowse1: '<a href=\"/tools/genome/jbrowse-simple/?data=data/o_volvulus_PRJEB513' + '&loc=' +feature.refName+':'+feature.start+'..'+feature.end+ '\">'+feature.name+'</a>'}"
         },
         "description" : "Historical gene predictions.",
         "displays" : [
            {
               "type" : "LinearBasicDisplay",
               "renderer" : {
                  "labels" : {
                     "description" : "jexl:get(feature,'type')"
                  },
                  "type" : "SvgFeatureRenderer",
                  "color1" : "jexl:get(feature,'strand')>0?'violet':'turquoise'"
               },
               "displayId" : "gene_models_(historical)-o_volvulus_PRJEB513-LinearBasicDisplay"
            }
         ],
         "assemblyNames" : [
            "o_volvulus_PRJEB513"
         ],
         "trackId" : "o_volvulus_PRJEB513_gene_models_(historical)",
         "adapter" : {
            "type" : "NCListAdapter",
            "rootUrlTemplate" : {
               "uri" : "https://s3.amazonaws.com/agrjbrowse/MOD-jbrowses/WormBase/WS287/o_volvulus_PRJEB513/tracks/Gene Models (historical)/{refseq}/trackData.jsonz",
               "locationType" : "UriLocation"
            }
         },
         "type" : "FeatureTrack",
         "name" : "Gene Models (historical)",
         "category" : [
            "Genes",
            "Curated Genes"
         ]
      },
      {
         "description" : "Native (same species) full length cDNAs and ncRNAs aligned to the genome using BLAT. This track shows the best unique location for each cDNA.",
         "formatDetails" : {
            "feature" : "jexl:{ JBrowse1: '<a href=\"/tools/genome/jbrowse-simple/?data=data/o_volvulus_PRJEB513' + '&loc=' +feature.refName+':'+feature.start+'..'+feature.end+ '\">'+feature.name+'</a>'}"
         },
         "displays" : [
            {
               "renderer" : {
                  "outline" : "black",
                  "height" : 6,
                  "type" : "SvgFeatureRenderer",
                  "color1" : "jexl:startsWith(get(feature,'source'),'BLAT_mRNA_')==true?'yellow':'gray'"
               },
               "type" : "LinearBasicDisplay",
               "displayId" : "mrnas/ncrnas_(best)-o_volvulus_PRJEB513-LinearBasicDisplay"
            }
         ],
         "assemblyNames" : [
            "o_volvulus_PRJEB513"
         ],
         "trackId" : "o_volvulus_PRJEB513_mrnas/ncrnas_(best)",
         "adapter" : {
            "rootUrlTemplate" : {
               "locationType" : "UriLocation",
               "uri" : "https://s3.amazonaws.com/agrjbrowse/MOD-jbrowses/WormBase/WS287/o_volvulus_PRJEB513/tracks/mRNAs_ncRNAs (best)/{refseq}/trackData.jsonz"
            },
            "type" : "NCListAdapter"
         },
         "type" : "FeatureTrack",
         "name" : "mRNAs/ncRNAs (best)",
         "category" : [
            "Genes",
            "Supporting Evidence"
         ]
      },
      {
         "adapter" : {
            "type" : "NCListAdapter",
            "rootUrlTemplate" : {
               "uri" : "https://s3.amazonaws.com/agrjbrowse/MOD-jbrowses/WormBase/WS287/o_volvulus_PRJEB513/tracks/Trans-spliced acceptor/{refseq}/trackData.jsonz",
               "locationType" : "UriLocation"
            }
         },
         "trackId" : "o_volvulus_PRJEB513_trans-spliced_acceptor",
         "assemblyNames" : [
            "o_volvulus_PRJEB513"
         ],
         "displays" : [
            {
               "type" : "LinearBasicDisplay",
               "renderer" : {
                  "color1" : "jexl:get(feature,'source')=='SL1'?'red':get(feature,'source')=='SL2'?'green':'black'",
                  "type" : "SvgFeatureRenderer",
                  "labels" : {
                     "description" : "jexl:get(feature,'source') || get(feature,'description')"
                  }
               },
               "displayId" : "trans-spliced_acceptor-o_volvulus_PRJEB513-LinearBasicDisplay"
            }
         ],
         "description" : "This track contains SL1 and SL2 trans-spliced acceptors from a variety of sources: SL1 and SL2 trans-spliced acceptors published by Blumenthal et al, Nature (2002), Trans-Spliced Exon Coupled RNA End Determination (TEC-RED) Hwang et al, PNAS (2004), EST/mRNA sequence data, RNASeq read data from ENA. SL1 acceptors are show in red, SL2 in green. Direction of transcription is indicated by arrow direction.",
         "formatDetails" : {
            "feature" : "jexl:{ JBrowse1: '<a href=\"/tools/genome/jbrowse-simple/?data=data/o_volvulus_PRJEB513' + '&loc=' +feature.refName+':'+feature.start+'..'+feature.end+ '\">'+feature.refName+':'+feature.start+'..'+feature.end+'</a>'}"
         },
         "category" : [
            "Sequence Features",
            "Signals & Motifs"
         ],
         "name" : "Trans-spliced acceptor",
         "type" : "FeatureTrack"
      },
      {
         "formatDetails" : {
            "feature" : "jexl:{ JBrowse1: '<a href=\"/tools/genome/jbrowse-simple/?data=data/o_volvulus_PRJEB513' + '&loc=' +feature.refName+':'+feature.start+'..'+feature.end+ '\">'+feature.name+'</a>'}"
         },
         "description" : "A subset of the full Curated Genes set limited to protein-coding genes only. Only the CDS is represented. Full models (with UTRs) can be seen on the 'Curated Genes' track.",
         "displays" : [
            {
               "displayId" : "curated_genes_(protein_coding)-o_volvulus_PRJEB513-LinearBasicDisplay",
               "renderer" : {
                  "type" : "SvgFeatureRenderer",
                  "color1" : "jexl:get(feature,'strand')>0?'violet':'turquoise'",
                  "color3" : "#965567"
               },
               "type" : "LinearBasicDisplay"
            }
         ],
         "assemblyNames" : [
            "o_volvulus_PRJEB513"
         ],
         "trackId" : "o_volvulus_PRJEB513_curated_genes_protein_coding",
         "adapter" : {
            "type" : "NCListAdapter",
            "rootUrlTemplate" : {
               "locationType" : "UriLocation",
               "uri" : "https://s3.amazonaws.com/agrjbrowse/MOD-jbrowses/WormBase/WS287/o_volvulus_PRJEB513/tracks/Curated Genes (protein coding)/{refseq}/trackData.jsonz"
            }
         },
         "type" : "FeatureTrack",
         "name" : "Curated Genes (protein coding)",
         "category" : [
            "Genes",
            "Curated Genes"
         ]
      },
      {
         "category" : [
            "Genes",
            "Curated Genes"
         ],
         "type" : "FeatureTrack",
         "name" : "Curated Genes (pseudogenes)",
         "assemblyNames" : [
            "o_volvulus_PRJEB513"
         ],
         "displays" : [
            {
               "displayId" : "curated_genes_(pseudogenes)-o_volvulus_PRJEB513-LinearBasicDisplay",
               "type" : "LinearBasicDisplay",
               "renderer" : {
                  "type" : "SvgFeatureRenderer",
                  "height" : 6,
                  "color1" : "gray"
               }
            }
         ],
         "description" : "A subset of the full Curated Genes set limited to pseudogenes only. Pseudogenes of tRNA are lighter gray and pseudogenes of rRNA are darker gray than pseudogenes of protein coding genes.",
         "formatDetails" : {
            "feature" : "jexl:{ JBrowse1: '<a href=\"/tools/genome/jbrowse-simple/?data=data/o_volvulus_PRJEB513' + '&loc=' +feature.refName+':'+feature.start+'..'+feature.end+ '\">'+feature.name+'</a>'}"
         },
         "adapter" : {
            "type" : "NCListAdapter",
            "rootUrlTemplate" : {
               "locationType" : "UriLocation",
               "uri" : "https://s3.amazonaws.com/agrjbrowse/MOD-jbrowses/WormBase/WS287/o_volvulus_PRJEB513/tracks/Curated Genes (pseudogenes)/{refseq}/trackData.jsonz"
            }
         },
         "trackId" : "o_volvulus_PRJEB513_curated_genes_pseudogenes"
      },
      {
         "description" : "Non-coding curated gene models, including ncRNA, tRNA, miRNA, snRNA, snoRNA, piRNA, lincRNA and antisense RNA.",
         "formatDetails" : {
            "feature" : "jexl:{ JBrowse1: '<a href=\"/tools/genome/jbrowse-simple/?data=data/o_volvulus_PRJEB513' + '&loc=' +feature.refName+':'+feature.start+'..'+feature.end+ '\">'+feature.name+'</a>'}"
         },
         "assemblyNames" : [
            "o_volvulus_PRJEB513"
         ],
         "displays" : [
            {
               "type" : "LinearBasicDisplay",
               "renderer" : {
                  "color1" : "gray",
                  "type" : "SvgFeatureRenderer",
                  "height" : 6
               },
               "displayId" : "curated_genes_(noncoding)-o_volvulus_PRJEB513-LinearBasicDisplay"
            }
         ],
         "trackId" : "o_volvulus_PRJEB513_curated_genes_noncoding",
         "adapter" : {
            "rootUrlTemplate" : {
               "uri" : "https://s3.amazonaws.com/agrjbrowse/MOD-jbrowses/WormBase/WS287/o_volvulus_PRJEB513/tracks/Curated Genes (noncoding)/{refseq}/trackData.jsonz",
               "locationType" : "UriLocation"
            },
            "type" : "NCListAdapter"
         },
         "name" : "Curated Genes (noncoding)",
         "type" : "FeatureTrack",
         "category" : [
            "Genes",
            "Curated Genes"
         ]
      },
      {
         "category" : [
            "Genome Structure",
            "Assembly & Curation"
         ],
         "type" : "FeatureTrack",
         "name" : "Contig submissions",
         "adapter" : {
            "rootUrlTemplate" : {
               "locationType" : "UriLocation",
               "uri" : "https://s3.amazonaws.com/agrjbrowse/MOD-jbrowses/WormBase/WS287/o_volvulus_PRJEB513/tracks/Contig submissions/{refseq}/trackData.jsonz"
            },
            "type" : "NCListAdapter"
         },
         "trackId" : "o_volvulus_PRJEB513_contig_submissions",
         "displays" : [
            {
               "type" : "LinearBasicDisplay",
               "renderer" : {
                  "type" : "SvgFeatureRenderer",
                  "height" : 7,
                  "color1" : "sienna"
               },
               "displayId" : "contig_submissions-o_volvulus_PRJEB513-LinearBasicDisplay"
            }
         ],
         "assemblyNames" : [
            "o_volvulus_PRJEB513"
         ],
         "description" : "This track shows the location and coordinates of contigs (mostly cosmids) submitted to GenBank/EMBL.",
         "formatDetails" : {
            "feature" : "jexl:{ JBrowse1: '<a href=\"/tools/genome/jbrowse-simple/?data=data/o_volvulus_PRJEB513' + '&loc=' +feature.refName+':'+feature.start+'..'+feature.end+ '\">'+feature.refName+':'+feature.start+'..'+feature.end+'</a>'}"
         }
      },
      {
         "category" : [
            "Sequence Similarity",
            "Proteins"
         ],
         "type" : "FeatureTrack",
         "name" : "C. remanei proteins",
         "displays" : [
            {
               "renderer" : {
                  "showLabels" : false,
                  "type" : "SvgFeatureRenderer",
                  "height" : 4,
                  "color1" : "orange"
               },
               "type" : "LinearBasicDisplay",
               "displayId" : "C_remanei_proteins-o_volvulus_PRJEB513-LinearBasicDisplay",
               "mouseover" : "jexl:get(feature,'clone')"
            }
         ],
         "assemblyNames" : [
            "o_volvulus_PRJEB513"
         ],
         "description" : "Matches to WormBase C. remanei proteins, aligned with BLASTX (nucleotide to protein, via six-frame translation).",
         "adapter" : {
            "rootUrlTemplate" : {
               "locationType" : "UriLocation",
               "uri" : "https://s3.amazonaws.com/agrjbrowse/MOD-jbrowses/WormBase/WS287/o_volvulus_PRJEB513/tracks/C. remanei proteins/{refseq}/trackData.jsonz"
            },
            "type" : "NCListAdapter"
         },
         "trackId" : "o_volvulus_PRJEB513_C_remanei_proteins"
      },
      {
         "adapter" : {
            "rootUrlTemplate" : {
               "uri" : "https://s3.amazonaws.com/agrjbrowse/MOD-jbrowses/WormBase/WS287/o_volvulus_PRJEB513/tracks/Nanopore matches/{refseq}/trackData.jsonz",
               "locationType" : "UriLocation"
            },
            "type" : "NCListAdapter"
         },
         "trackId" : "o_volvulus_PRJEB513_nanopore_matches",
         "assemblyNames" : [
            "o_volvulus_PRJEB513"
         ],
         "displays" : [
            {
               "type" : "LinearBasicDisplay",
               "renderer" : {
                  "color1" : "jexl:get(feature,'source')=='BLAT_Caen_mRNA'?'lightblue':'green'",
                  "type" : "SvgFeatureRenderer",
                  "height" : 4,
                  "showLabels" : false
               },
               "displayId" : "nanopore_matches-o_volvulus_PRJEB513-LinearBasicDisplay"
            }
         ],
         "description" : "This Nanopore transcript data is from the paper 'The full-length transcriptome of C. elegans using direct RNA sequencing' Roach et al. https://doi.org/10.1101/598763. Where several transcripts are nearly identical, they are represented by a single transcript and the number of transcripts is recorded in the read coverage. Sequencing is from 3' to 5' and randomly terminates, so the 5' end of transcripts is often incomplete.",
         "category" : [
            "Genes",
            "Supporting Evidence"
         ],
         "name" : "Nanopore matches",
         "type" : "FeatureTrack"
      },
      {
         "trackId" : "o_volvulus_PRJEB513_low_complextity_region_(dust)",
         "adapter" : {
            "rootUrlTemplate" : {
               "locationType" : "UriLocation",
               "uri" : "https://s3.amazonaws.com/agrjbrowse/MOD-jbrowses/WormBase/WS287/o_volvulus_PRJEB513/tracks/Low complextity region (Dust)/{refseq}/trackData.jsonz"
            },
            "type" : "NCListAdapter"
         },
         "description" : "Low-complexity regions identified by Dust.",
         "displays" : [
            {
               "type" : "LinearBasicDisplay",
               "renderer" : {
                  "type" : "SvgFeatureRenderer",
                  "height" : 4,
                  "color1" : "bisque",
                  "showDescriptions" : false,
                  "showLabels" : false
               },
               "displayId" : "low_complextity_region_(dust)-o_volvulus_PRJEB513-LinearBasicDisplay"
            }
         ],
         "assemblyNames" : [
            "o_volvulus_PRJEB513"
         ],
         "name" : "Low complextity region (Dust)",
         "type" : "FeatureTrack",
         "category" : [
            "Genome Structure",
            "Repeats"
         ]
      },
      {
         "category" : [
            "Sequence Similarity",
            "Proteins"
         ],
         "type" : "FeatureTrack",
         "name" : "O. volvulus proteins",
         "displays" : [
            {
               "displayId" : "O_volvulus_proteins-o_volvulus_PRJEB513-LinearBasicDisplay",
               "renderer" : {
                  "type" : "SvgFeatureRenderer",
                  "height" : 4,
                  "color1" : "orange",
                  "showLabels" : false
               },
               "type" : "LinearBasicDisplay",
               "mouseover" : "jexl:get(feature,'clone')"
            }
         ],
         "assemblyNames" : [
            "o_volvulus_PRJEB513"
         ],
         "description" : "Matches to WormBase O. volvulus proteins, aligned with BLASTX (nucleotide to protein, via six-frame translation).",
         "adapter" : {
            "type" : "NCListAdapter",
            "rootUrlTemplate" : {
               "uri" : "https://s3.amazonaws.com/agrjbrowse/MOD-jbrowses/WormBase/WS287/o_volvulus_PRJEB513/tracks/O. volvulus proteins/{refseq}/trackData.jsonz",
               "locationType" : "UriLocation"
            }
         },
         "trackId" : "o_volvulus_PRJEB513_O_volvulus_proteins"
      },
      {
         "type" : "FeatureTrack",
         "name" : "P. pacificus proteins",
         "category" : [
            "Sequence Similarity",
            "Proteins"
         ],
         "description" : "Matches to WormBase P. pacificus proteins, aligned with BLASTX (nucleotide to protein, via six-frame translation).",
         "displays" : [
            {
               "mouseover" : "jexl:get(feature,'clone')",
               "displayId" : "P_pacificus_proteins-o_volvulus_PRJEB513-LinearBasicDisplay",
               "renderer" : {
                  "showLabels" : false,
                  "color1" : "orange",
                  "height" : 4,
                  "type" : "SvgFeatureRenderer"
               },
               "type" : "LinearBasicDisplay"
            }
         ],
         "assemblyNames" : [
            "o_volvulus_PRJEB513"
         ],
         "trackId" : "o_volvulus_PRJEB513_P_pacificus_proteins",
         "adapter" : {
            "type" : "NCListAdapter",
            "rootUrlTemplate" : {
               "locationType" : "UriLocation",
               "uri" : "https://s3.amazonaws.com/agrjbrowse/MOD-jbrowses/WormBase/WS287/o_volvulus_PRJEB513/tracks/P. pacificus proteins/{refseq}/trackData.jsonz"
            }
         }
      },
      {
         "type" : "FeatureTrack",
         "name" : "D. melanogaster proteins",
         "category" : [
            "Sequence Similarity",
            "Proteins"
         ],
         "description" : "Matches to WormBase D. melanogaster proteins, aligned with BLASTX (nucleotide to protein, via six-frame translation).",
         "displays" : [
            {
               "renderer" : {
                  "showLabels" : false,
                  "type" : "SvgFeatureRenderer",
                  "height" : 4,
                  "color1" : "orange"
               },
               "type" : "LinearBasicDisplay",
               "displayId" : "D_melanogaster_proteins-o_volvulus_PRJEB513-LinearBasicDisplay",
               "mouseover" : "jexl:get(feature,'clone')"
            }
         ],
         "assemblyNames" : [
            "o_volvulus_PRJEB513"
         ],
         "trackId" : "o_volvulus_PRJEB513_D_melanogaster_proteins",
         "adapter" : {
            "rootUrlTemplate" : {
               "locationType" : "UriLocation",
               "uri" : "https://s3.amazonaws.com/agrjbrowse/MOD-jbrowses/WormBase/WS287/o_volvulus_PRJEB513/tracks/D. melanogaster proteins/{refseq}/trackData.jsonz"
            },
            "type" : "NCListAdapter"
         }
      },
      {
         "trackId" : "o_volvulus_PRJEB513_S_cerevisiae_proteins",
         "adapter" : {
            "type" : "NCListAdapter",
            "rootUrlTemplate" : {
               "locationType" : "UriLocation",
               "uri" : "https://s3.amazonaws.com/agrjbrowse/MOD-jbrowses/WormBase/WS287/o_volvulus_PRJEB513/tracks/S. cerevisiae proteins/{refseq}/trackData.jsonz"
            }
         },
         "description" : "Matches to WormBase S. cerevisiae proteins, aligned with BLASTX (nucleotide to protein, via six-frame translation).",
         "displays" : [
            {
               "mouseover" : "jexl:get(feature,'clone')",
               "displayId" : "S_cerevisiae_proteins-o_volvulus_PRJEB513-LinearBasicDisplay",
               "renderer" : {
                  "color1" : "orange",
                  "height" : 4,
                  "type" : "SvgFeatureRenderer",
                  "showLabels" : false
               },
               "type" : "LinearBasicDisplay"
            }
         ],
         "assemblyNames" : [
            "o_volvulus_PRJEB513"
         ],
         "type" : "FeatureTrack",
         "name" : "S. cerevisiae proteins",
         "category" : [
            "Sequence Similarity",
            "Proteins"
         ]
      },
      {
         "name" : "Links and Superlinks",
         "type" : "FeatureTrack",
         "category" : [
            "Genome Structure",
            "Assembly & Curation"
         ],
         "trackId" : "o_volvulus_PRJEB513_links_and_superlinks",
         "adapter" : {
            "rootUrlTemplate" : {
               "locationType" : "UriLocation",
               "uri" : "https://s3.amazonaws.com/agrjbrowse/MOD-jbrowses/WormBase/WS287/o_volvulus_PRJEB513/tracks/Links and Superlinks/{refseq}/trackData.jsonz"
            },
            "type" : "NCListAdapter"
         },
         "description" : "This track shows the location and coordinates of contigs created during the assembly of the C. elegans genome.",
         "formatDetails" : {
            "feature" : "jexl:{ JBrowse1: '<a href=\"/tools/genome/jbrowse-simple/?data=data/o_volvulus_PRJEB513' + '&loc=' +feature.refName+':'+feature.start+'..'+feature.end+ '\">'+feature.refName+':'+feature.start+'..'+feature.end+'</a>'}"
         },
         "displays" : [
            {
               "type" : "LinearBasicDisplay",
               "renderer" : {
                  "color1" : "black",
                  "height" : 4,
                  "type" : "SvgFeatureRenderer"
               },
               "displayId" : "links_and_superlinks-o_volvulus_PRJEB513-LinearBasicDisplay"
            }
         ],
         "assemblyNames" : [
            "o_volvulus_PRJEB513"
         ]
      },
      {
         "category" : [
            "Sequence Similarity",
            "Proteins"
         ],
         "name" : "C. briggsae proteins",
         "type" : "FeatureTrack",
         "adapter" : {
            "type" : "NCListAdapter",
            "rootUrlTemplate" : {
               "uri" : "https://s3.amazonaws.com/agrjbrowse/MOD-jbrowses/WormBase/WS287/o_volvulus_PRJEB513/tracks/C. briggsae proteins/{refseq}/trackData.jsonz",
               "locationType" : "UriLocation"
            }
         },
         "trackId" : "o_volvulus_PRJEB513_C_briggsae_proteins",
         "displays" : [
            {
               "displayId" : "C_briggsae_proteins-o_volvulus_PRJEB513-LinearBasicDisplay",
               "renderer" : {
                  "showLabels" : false,
                  "color1" : "orange",
                  "height" : 4,
                  "type" : "SvgFeatureRenderer"
               },
               "type" : "LinearBasicDisplay",
               "mouseover" : "jexl:get(feature,'clone')"
            }
         ],
         "assemblyNames" : [
            "o_volvulus_PRJEB513"
         ],
         "description" : "Matches to WormBase C. briggsae proteins, aligned with BLASTX (nucleotide to protein, via six-frame translation)."
      },
      {
         "adapter" : {
            "rootUrlTemplate" : {
               "locationType" : "UriLocation",
               "uri" : "https://s3.amazonaws.com/agrjbrowse/MOD-jbrowses/WormBase/WS287/o_volvulus_PRJEB513/tracks/B. malayi proteins/{refseq}/trackData.jsonz"
            },
            "type" : "NCListAdapter"
         },
         "trackId" : "o_volvulus_PRJEB513_B_malayi_proteins",
         "assemblyNames" : [
            "o_volvulus_PRJEB513"
         ],
         "displays" : [
            {
               "displayId" : "B_malayi_proteins-o_volvulus_PRJEB513-LinearBasicDisplay",
               "renderer" : {
                  "type" : "SvgFeatureRenderer",
                  "height" : 4,
                  "color1" : "orange",
                  "showLabels" : false
               },
               "type" : "LinearBasicDisplay",
               "mouseover" : "jexl:get(feature,'clone')"
            }
         ],
         "description" : "Matches to WormBase B. malayi proteins, aligned with BLASTX (nucleotide to protein, via six-frame translation).",
         "category" : [
            "Sequence Similarity",
            "Proteins"
         ],
         "type" : "FeatureTrack",
         "name" : "B. malayi proteins"
      },
      {
         "adapter" : {
            "rootUrlTemplate" : {
               "locationType" : "UriLocation",
               "uri" : "https://s3.amazonaws.com/agrjbrowse/MOD-jbrowses/WormBase/WS287/o_volvulus_PRJEB513/tracks/H. sapiens proteins/{refseq}/trackData.jsonz"
            },
            "type" : "NCListAdapter"
         },
         "trackId" : "o_volvulus_PRJEB513_H_sapiens_proteins",
         "assemblyNames" : [
            "o_volvulus_PRJEB513"
         ],
         "displays" : [
            {
               "displayId" : "H_sapiens_proteins-o_volvulus_PRJEB513-LinearBasicDisplay",
               "renderer" : {
                  "color1" : "orange",
                  "type" : "SvgFeatureRenderer",
                  "height" : 4,
                  "showLabels" : false
               },
               "type" : "LinearBasicDisplay",
               "mouseover" : "jexl:get(feature,'clone')"
            }
         ],
         "description" : "Matches to WormBase H. sapiens proteins, aligned with BLASTX (nucleotide to protein, via six-frame translation).",
         "category" : [
            "Sequence Similarity",
            "Proteins"
         ],
         "type" : "FeatureTrack",
         "name" : "H. sapiens proteins"
      },
      {
         "category" : [
            "Genes",
            "Supporting Evidence"
         ],
         "type" : "FeatureTrack",
         "name" : "ESTs",
         "adapter" : {
            "rootUrlTemplate" : {
               "uri" : "https://s3.amazonaws.com/agrjbrowse/MOD-jbrowses/WormBase/WS287/o_volvulus_PRJEB513/tracks/ESTs (best)/{refseq}/trackData.jsonz",
               "locationType" : "UriLocation"
            },
            "type" : "NCListAdapter"
         },
         "trackId" : "o_volvulus_PRJEB513_ests",
         "assemblyNames" : [
            "o_volvulus_PRJEB513"
         ],
         "displays" : [
            {
               "displayId" : "ests-o_volvulus_PRJEB513-LinearBasicDisplay",
               "type" : "LinearBasicDisplay",
               "renderer" : {
                  "type" : "SvgFeatureRenderer",
                  "color1" : "jexl:parent(feature)=='undefined'?'red':get(parent(feature),'has_mate')==1?'limegreen':get(parent(feature),'has_mate')==2?'green':get(parent(feature),'has_mate')==0?'gold':'black'"
               }
            }
         ],
         "description" : "Native (same-species) Expressed Sequence Tags (ESTs), aligned to the genome using <a href='http://genome.cse.ucsc.edu/cgi-bin/hgBlat'>BLAT</a>. This track shows the best unique location for each EST. The paired 5' and 3' ESTs from the same cDNA clone are connected by a dashed line and a colored light green. ESTs with no mate are yellow, and ESTs with a mate that is 'far away' are dark green.",
         "formatDetails" : {
            "feature" : "jexl:{ JBrowse1: '<a href=\"/tools/genome/jbrowse-simple/?data=data/o_volvulus_PRJEB513' + '&loc=' +feature.refName+':'+feature.start+'..'+feature.end+ '\">'+feature.refName+':'+feature.start+'..'+feature.end+'</a>'}"
         }
      },
      {
         "category" : [
            "Expression"
         ],
         "name" : "RNASeq introns",
         "type" : "FeatureTrack",
         "adapter" : {
            "rootUrlTemplate" : {
               "uri" : "https://s3.amazonaws.com/agrjbrowse/MOD-jbrowses/WormBase/WS287/o_volvulus_PRJEB513/tracks/RNASeq introns/{refseq}/trackData.jsonz",
               "locationType" : "UriLocation"
            },
            "type" : "NCListAdapter"
         },
         "trackId" : "o_volvulus_PRJEB513_rnaseq_introns",
         "assemblyNames" : [
            "o_volvulus_PRJEB513"
         ],
         "displays" : [
            {
               "displayId" : "rnaseq_introns-o_volvulus_PRJEB513-LinearBasicDisplay",
               "type" : "LinearBasicDisplay",
               "renderer" : {
                  "showLabels" : false,
                  "showDescriptions" : false,
                  "color1" : "green",
                  "type" : "SvgFeatureRenderer",
                  "height" : "jexl:get(feature,'score')>100?50:get(feature,'score')<8?4:floor(get(feature,'score')/2)"
               },
               "mouseover" : "jexl:get(feature,'score')+' reads'"
            }
         ],
         "description" : "These are introns formed by aligned RNASeq reads spanning a region of the genome. Alignments of short read sequences from all available RNASeq projects were used. The number of reads spanning the introns is indicated by the thickness of the display."
      },
      {
         "displays" : [
            {
               "mouseover" : "jexl:get(feature,'score')+' reads'",
               "renderer" : {
                  "showLabels" : false,
                  "color1" : "jexl:get(feature,'score')>20000?(get(feature,'strand')>0?'#730073':'#007373'):get(feature,'strand')>0?'#'+hex(round(255-(140*(get(feature,'score')/20000))))+'00'+hex(round(255-(140*(get(feature,'score')/20000)))):'#00'+hex(round(255-(140*(get(feature,'score')/20000))))+hex(round(255-(140*(get(feature,'score')/20000))))",
                  "type" : "SvgFeatureRenderer"
               },
               "type" : "LinearBasicDisplay",
               "displayId" : "rnaseq_splice_junctions_(common)-o_volvulus_PRJEB513-LinearBasicDisplay"
            }
         ],
         "assemblyNames" : [
            "o_volvulus_PRJEB513"
         ],
         "description" : "These are introns formed by aligned RNASeq reads spanning a region of the genome. Alignments of short read sequences from all available RNASeq projects were used. These junctions are considered 'common' in that there are more than 500 reads confirming their existence. The number of reads spanning the introns is indicated by the darkness of the color (shades of cyan for reverse, shades of violet for forward).  Darker is more reads.",
         "adapter" : {
            "type" : "NCListAdapter",
            "rootUrlTemplate" : {
               "uri" : "https://s3.amazonaws.com/agrjbrowse/MOD-jbrowses/WormBase/WS287/o_volvulus_PRJEB513/tracks/RNASeq Splice Junctions (common)/{refseq}/trackData.jsonz",
               "locationType" : "UriLocation"
            }
         },
         "trackId" : "o_volvulus_PRJEB513_rnaseq_splice_junctions_(common)",
         "category" : [
            "Expression"
         ],
         "type" : "FeatureTrack",
         "name" : "RNASeq Splice Junctions (common)"
      },
      {
         "trackId" : "o_volvulus_PRJEB513_rnaseq_splice_junctions_(rare)",
         "adapter" : {
            "type" : "NCListAdapter",
            "rootUrlTemplate" : {
               "locationType" : "UriLocation",
               "uri" : "https://s3.amazonaws.com/agrjbrowse/MOD-jbrowses/WormBase/WS287/o_volvulus_PRJEB513/tracks/RNASeq Splice Junctions (rare)/{refseq}/trackData.jsonz"
            }
         },
         "description" : "These are introns formed by aligned RNASeq reads spanning a region of the genome. Alignments of short read sequences from all available RNASeq projects were used. These junctions are considered 'rare' in that there are fewer than 500 reads confirming their existence. The number of reads spanning the introns is indicated by the darkness of the color (shades of cyan for reverse, shades of violet for forward).  Darker is more reads.",
         "assemblyNames" : [
            "o_volvulus_PRJEB513"
         ],
         "displays" : [
            {
               "displayId" : "rnaseq_splice_junctions_(rare)-o_volvulus_PRJEB513-LinearBasicDisplay",
               "type" : "LinearBasicDisplay",
               "renderer" : {
                  "showLabels" : false,
                  "color1" : "jexl:get(feature,'score')>20000?(get(feature,'strand')>0?'#730073':'#007373'):get(feature,'strand')>0?'#'+hex(round(255-(140*(get(feature,'score')/20000))))+'00'+hex(round(255-(140*(get(feature,'score')/20000)))):'#00'+hex(round(255-(140*(get(feature,'score')/20000))))+hex(round(255-(140*(get(feature,'score')/20000))))",
                  "height" : "jexl:4",
                  "type" : "SvgFeatureRenderer"
               },
               "mouseover" : "jexl:get(feature,'score')+' reads'"
            }
         ],
         "name" : "RNASeq Splice Junctions (rare)",
         "type" : "FeatureTrack",
         "category" : [
            "Expression"
         ]
      },
      {
         "category" : [
            "Genome Structure",
            "Assembly & Curation"
         ],
         "type" : "FeatureTrack",
         "name" : "Genbank submissions",
         "assemblyNames" : [
            "o_volvulus_PRJEB513"
         ],
         "displays" : [
            {
               "mouseover" : "jexl:get(feature,'genbank')",
               "displayId" : "genbank_submissions-o_volvulus_PRJEB513-LinearBasicDisplay",
               "renderer" : {
                  "color1" : "sienna",
                  "height" : 4,
                  "type" : "SvgFeatureRenderer"
               },
               "type" : "LinearBasicDisplay"
            }
         ],
         "formatDetails" : {
            "feature" : "jexl:{ JBrowse1: '<a href=\"/tools/genome/jbrowse-simple/?data=data/o_volvulus_PRJEB513' + '&loc=' +feature.refName+':'+feature.start+'..'+feature.end+ '\">'+feature.refName+':'+feature.start+'..'+feature.end+'</a>'}"
         },
         "description" : "The C. elegans genome was submitted to the GenBank and EMBL databases in in the form of a set of minimally-overlapping segments.  This track shows the position of these accessioned entries.",
         "adapter" : {
            "type" : "NCListAdapter",
            "rootUrlTemplate" : {
               "locationType" : "UriLocation",
               "uri" : "https://s3.amazonaws.com/agrjbrowse/MOD-jbrowses/WormBase/WS287/o_volvulus_PRJEB513/tracks/Genbank submissions/{refseq}/trackData.jsonz"
            }
         },
         "trackId" : "o_volvulus_PRJEB513_genbank_submissions"
      },
      {
         "name" : "S. ratti proteins",
         "type" : "FeatureTrack",
         "category" : [
            "Sequence Similarity",
            "Proteins"
         ],
         "trackId" : "o_volvulus_PRJEB513_S_ratti_proteins",
         "adapter" : {
            "type" : "NCListAdapter",
            "rootUrlTemplate" : {
               "uri" : "https://s3.amazonaws.com/agrjbrowse/MOD-jbrowses/WormBase/WS287/o_volvulus_PRJEB513/tracks/S. ratti proteins/{refseq}/trackData.jsonz",
               "locationType" : "UriLocation"
            }
         },
         "description" : "Matches to WormBase S. ratti proteins, aligned with BLASTX (nucleotide to protein, via six-frame translation).",
         "displays" : [
            {
               "type" : "LinearBasicDisplay",
               "renderer" : {
                  "showLabels" : false,
                  "type" : "SvgFeatureRenderer",
                  "height" : 4,
                  "color1" : "orange"
               },
               "displayId" : "S_ratti_proteins-o_volvulus_PRJEB513-LinearBasicDisplay",
               "mouseover" : "jexl:get(feature,'clone')"
            }
         ],
         "assemblyNames" : [
            "o_volvulus_PRJEB513"
         ]
      },
      {
         "displays" : [
            {
               "mouseover" : "jexl:get(feature,'clone')",
               "displayId" : "C_elegans_proteins-o_volvulus_PRJEB513-LinearBasicDisplay",
               "type" : "LinearBasicDisplay",
               "renderer" : {
                  "height" : 4,
                  "type" : "SvgFeatureRenderer",
                  "color1" : "orange",
                  "showLabels" : false
               }
            }
         ],
         "assemblyNames" : [
            "o_volvulus_PRJEB513"
         ],
         "description" : "Matches to WormBase C. elegans proteins, aligned with BLASTX (nucleotide to protein, via six-frame translation).",
         "adapter" : {
            "type" : "NCListAdapter",
            "rootUrlTemplate" : {
               "locationType" : "UriLocation",
               "uri" : "https://s3.amazonaws.com/agrjbrowse/MOD-jbrowses/WormBase/WS287/o_volvulus_PRJEB513/tracks/C. elegans proteins/{refseq}/trackData.jsonz"
            }
         },
         "trackId" : "o_volvulus_PRJEB513_C_elegans_proteins",
         "category" : [
            "Sequence Similarity",
            "Proteins"
         ],
         "name" : "C. elegans proteins",
         "type" : "FeatureTrack"
      },
      {
         "trackId" : "o_volvulus_PRJEB513_rnaseq",
         "adapter" : {
            "type" : "NCListAdapter",
            "rootUrlTemplate" : {
               "locationType" : "UriLocation",
               "uri" : "https://s3.amazonaws.com/agrjbrowse/MOD-jbrowses/WormBase/WS287/o_volvulus_PRJEB513/tracks/RNASeq/{refseq}/trackData.jsonz"
            }
         },
         "description" : "These boxes indicate alignments of short read sequences from all available RNASeq projects. The number of reads has been normalised by averaging over the number of libraries. The height of all boxes indicates the relative score of the feature.",
         "displays" : [
            {
               "mouseover" : "jexl:'Score: '+get(feature,'score')",
               "renderer" : {
                  "type" : "SvgFeatureRenderer",
                  "height" : "jexl:get(feature,'score')>100?50:floor(get(feature,'score')/2)>4?floor(get(feature,'score')/2):4",
                  "color1" : "black",
                  "displayMode" : "collapse",
                  "showLabels" : false
               },
               "type" : "LinearBasicDisplay",
               "displayId" : "rnaseq-o_volvulus_PRJEB513-LinearBasicDisplay"
            }
         ],
         "assemblyNames" : [
            "o_volvulus_PRJEB513"
         ],
         "type" : "FeatureTrack",
         "name" : "RNASeq",
         "category" : [
            "Expression"
         ]
      },
      {
         "category" : [
            "Genome Structure",
            "Repeats"
         ],
         "type" : "FeatureTrack",
         "name" : "Repeat Region (RepeatMasker)",
         "adapter" : {
            "type" : "NCListAdapter",
            "rootUrlTemplate" : {
               "locationType" : "UriLocation",
               "uri" : "https://s3.amazonaws.com/agrjbrowse/MOD-jbrowses/WormBase/WS287/o_volvulus_PRJEB513/tracks/Repeat Region (RepeatMasker)/{refseq}/trackData.jsonz"
            }
         },
         "trackId" : "o_volvulus_PRJEB513_repeat_region_(repeatmasker)",
         "assemblyNames" : [
            "o_volvulus_PRJEB513"
         ],
         "displays" : [
            {
               "renderer" : {
                  "type" : "SvgFeatureRenderer",
                  "height" : 4,
                  "color1" : "bisque",
                  "showLabels" : false,
                  "showDescriptions" : false
               },
               "type" : "LinearBasicDisplay",
               "displayId" : "repeat_region_(repeatmasker)-o_volvulus_PRJEB513-LinearBasicDisplay"
            }
         ],
         "description" : "Repetitive regions identified by RepeatMasker."
      },
      {
         "category" : [
            "Expression"
         ],
         "type" : "FeatureTrack",
         "name" : "RNASeq Asymmetries",
         "adapter" : {
            "rootUrlTemplate" : {
               "locationType" : "UriLocation",
               "uri" : "https://s3.amazonaws.com/agrjbrowse/MOD-jbrowses/WormBase/WS287/o_volvulus_PRJEB513/tracks/RNASeq Asymmetries/{refseq}/trackData.jsonz"
            },
            "type" : "NCListAdapter"
         },
         "trackId" : "o_volvulus_PRJEB513_rnaseq_asymmetries",
         "assemblyNames" : [
            "o_volvulus_PRJEB513"
         ],
         "displays" : [
            {
               "mouseover" : "jexl:'Score: '+get(feature,'score')",
               "renderer" : {
                  "type" : "SvgFeatureRenderer",
                  "height" : 24,
                  "color1" : "jexl:get(feature,'source')=='RNASeq_R_asymmetry'?'red': get(feature,'source')=='RNASeq_F_asymmetry'?'green':'black'",
                  "displayMode" : "collapse",
                  "showLabels" : false
               },
               "type" : "LinearBasicDisplay",
               "displayId" : "rnaseq_asymmetries-o_volvulus_PRJEB513-LinearBasicDisplay"
            }
         ],
         "description" : "Red boxes indicate regions where there are more than 2 times as many forward sense RNASeq reads aligned to the genome as reverse sense reads. This asymmetrical signal has been found empirically to be a sensitive marker for the ends of transcripts. Green boxes indicate regions where there are more than 2 times as many reverse sense RNASeq reads aligned to the genome as forward sense reads. This asymmetrical signal has been found empirically to be sensitive marker for the ends of transcripts. The height of all boxes indicates the relative score of the feature."
      },
      {
         "category" : [
            "Sequence Similarity",
            "Proteins"
         ],
         "name" : "C. brenneri proteins",
         "type" : "FeatureTrack",
         "adapter" : {
            "type" : "NCListAdapter",
            "rootUrlTemplate" : {
               "uri" : "https://s3.amazonaws.com/agrjbrowse/MOD-jbrowses/WormBase/WS287/o_volvulus_PRJEB513/tracks/C. brenneri proteins/{refseq}/trackData.jsonz",
               "locationType" : "UriLocation"
            }
         },
         "trackId" : "o_volvulus_PRJEB513_C_brenneri_proteins",
         "displays" : [
            {
               "displayId" : "C_brenneri_proteins-o_volvulus_PRJEB513-LinearBasicDisplay",
               "type" : "LinearBasicDisplay",
               "renderer" : {
                  "showLabels" : false,
                  "color1" : "orange",
                  "height" : 4,
                  "type" : "SvgFeatureRenderer"
               },
               "mouseover" : "jexl:get(feature,'clone')"
            }
         ],
         "assemblyNames" : [
            "o_volvulus_PRJEB513"
         ],
         "description" : "Matches to WormBase C. brenneri proteins, aligned with BLASTX (nucleotide to protein, via six-frame translation)."
      },
      {
         "type" : "FeatureTrack",
         "name" : "Trinity-assembled RNAseq",
         "category" : [
            "Genes",
            "Supporting Evidence"
         ],
         "trackId" : "o_volvulus_PRJEB513_trinity-assembled_rnaseq",
         "adapter" : {
            "rootUrlTemplate" : {
               "locationType" : "UriLocation",
               "uri" : "https://s3.amazonaws.com/agrjbrowse/MOD-jbrowses/WormBase/WS287/o_volvulus_PRJEB513/tracks/Trinity-assembled RNAseq/{refseq}/trackData.jsonz"
            },
            "type" : "NCListAdapter"
         },
         "description" : "Native (same species) RNAseq data was assembled with Trinity and then aligned to the genome with BLAT",
         "assemblyNames" : [
            "o_volvulus_PRJEB513"
         ],
         "displays" : [
            {
               "type" : "LinearBasicDisplay",
               "renderer" : {
                  "showLabels" : false,
                  "color1" : "mediumpurple",
                  "type" : "SvgFeatureRenderer",
                  "height" : 5
               },
               "displayId" : "trinity-assembled_rnaseq-o_volvulus_PRJEB513-LinearBasicDisplay"
            }
         ]
      },
      {
         "trackId" : "o_volvulus_PRJEB513_tandem_and_inverted_repeats",
         "adapter" : {
            "type" : "NCListAdapter",
            "rootUrlTemplate" : {
               "locationType" : "UriLocation",
               "uri" : "https://s3.amazonaws.com/agrjbrowse/MOD-jbrowses/WormBase/WS287/o_volvulus_PRJEB513/tracks/Tandem and Inverted Repeats/{refseq}/trackData.jsonz"
            }
         },
         "description" : "Exact tandem and inverted repetitive elements.",
         "displays" : [
            {
               "displayId" : "tandem_and_inverted_repeats-o_volvulus_PRJEB513-LinearBasicDisplay",
               "type" : "LinearBasicDisplay",
               "renderer" : {
                  "type" : "SvgFeatureRenderer",
                  "color1" : "bisque",
                  "showLabels" : false,
                  "showDescriptions" : false
               }
            }
         ],
         "assemblyNames" : [
            "o_volvulus_PRJEB513"
         ],
         "name" : "Tandem and Inverted Repeats",
         "type" : "FeatureTrack",
         "category" : [
            "Genome Structure",
            "Repeats"
         ]
      },
      {
         "category" : [
            "Sequence Similarity",
            "Proteins"
         ],
         "name" : "T. muris proteins",
         "type" : "FeatureTrack",
         "adapter" : {
            "rootUrlTemplate" : {
               "locationType" : "UriLocation",
               "uri" : "https://s3.amazonaws.com/agrjbrowse/MOD-jbrowses/WormBase/WS287/o_volvulus_PRJEB513/tracks/T. muris proteins/{refseq}/trackData.jsonz"
            },
            "type" : "NCListAdapter"
         },
         "trackId" : "o_volvulus_PRJEB513_T_muris_proteins",
         "assemblyNames" : [
            "o_volvulus_PRJEB513"
         ],
         "displays" : [
            {
               "mouseover" : "jexl:get(feature,'clone')",
               "displayId" : "T_muris_proteins-o_volvulus_PRJEB513-LinearBasicDisplay",
               "renderer" : {
                  "showLabels" : false,
                  "height" : 4,
                  "type" : "SvgFeatureRenderer",
                  "color1" : "orange"
               },
               "type" : "LinearBasicDisplay"
            }
         ],
         "description" : "Matches to WormBase T. muris proteins, aligned with BLASTX (nucleotide to protein, via six-frame translation)."
      },
      {
         "assemblyNames" : [
            "o_volvulus_PRJEB513"
         ],
         "displays" : [
            {
               "displayId" : "other_uniprot_proteins-o_volvulus_PRJEB513-LinearBasicDisplay",
               "renderer" : {
                  "showDescriptions" : false,
                  "showLabels" : false,
                  "color1" : "orange",
                  "height" : 4,
                  "type" : "SvgFeatureRenderer"
               },
               "type" : "LinearBasicDisplay"
            }
         ],
         "description" : "Matches to proteins from a slimmed-down version of UniProt (with proteins from WormBase core nematodes, human, fly and yeast removed), aligned with BLASTX (nucleotide to protein, via six-frame translation).",
         "adapter" : {
            "type" : "NCListAdapter",
            "rootUrlTemplate" : {
               "uri" : "https://s3.amazonaws.com/agrjbrowse/MOD-jbrowses/WormBase/WS287/o_volvulus_PRJEB513/tracks/Other UniProt proteins/{refseq}/trackData.jsonz",
               "locationType" : "UriLocation"
            }
         },
         "trackId" : "o_volvulus_PRJEB513_other_uniprot_proteins",
         "category" : [
            "Sequence Similarity",
            "Proteins"
         ],
         "name" : "Other UniProt proteins",
         "type" : "FeatureTrack"
      },
      {
         "name" : "C. japonica proteins",
         "type" : "FeatureTrack",
         "category" : [
            "Sequence Similarity",
            "Proteins"
         ],
         "trackId" : "o_volvulus_PRJEB513_C_japonica_proteins",
         "adapter" : {
            "rootUrlTemplate" : {
               "locationType" : "UriLocation",
               "uri" : "https://s3.amazonaws.com/agrjbrowse/MOD-jbrowses/WormBase/WS287/o_volvulus_PRJEB513/tracks/C. japonica proteins/{refseq}/trackData.jsonz"
            },
            "type" : "NCListAdapter"
         },
         "description" : "Matches to WormBase C. japonica proteins, aligned with BLASTX (nucleotide to protein, via six-frame translation).",
         "displays" : [
            {
               "renderer" : {
                  "showLabels" : false,
                  "color1" : "orange",
                  "type" : "SvgFeatureRenderer",
                  "height" : 4
               },
               "type" : "LinearBasicDisplay",
               "displayId" : "C_japonica_proteins-o_volvulus_PRJEB513-LinearBasicDisplay",
               "mouseover" : "jexl:get(feature,'clone')"
            }
         ],
         "assemblyNames" : [
            "o_volvulus_PRJEB513"
         ]
      }
   ],
   "assemblies" : [
      {
         "displayName" : "o_volvulus_PRJEB513",
         "sequence" : {
            "trackId" : "o_volvulus_PRJEB513-1646426635733",
            "type" : "ReferenceSequenceTrack",
            "adapter" : {
               "fastaLocation" : {
                  "uri" : "https://s3.amazonaws.com/wormbase-modencode/fasta/current/o_volvulus.PRJEB513.WS284.genomic.fa.gz",
                  "locationType" : "UriLocation"
               },
               "faiLocation" : {
                  "locationType" : "UriLocation",
                  "uri" : "https://s3.amazonaws.com/wormbase-modencode/fasta/current/o_volvulus.PRJEB513.WS284.genomic.fa.gz.fai"
               },
               "type" : "BgzipFastaAdapter",
               "gziLocation" : {
                  "uri" : "https://s3.amazonaws.com/wormbase-modencode/fasta/current/o_volvulus.PRJEB513.WS284.genomic.fa.gz.gzi",
                  "locationType" : "UriLocation"
               }
            },
            "displays" : [
               {
                  "displayId" : "o_volvulus_PRJEB513-LinearReferenceSequenceDisplay",
                  "type" : "LinearReferenceSequenceDisplay"
               }
            ]
         },
         "name" : "o_volvulus_PRJEB513"
      }
   ]
}
