{
   "tracks" : [
      {
         "trackId" : "o_volvulus_PRJEB513_yacs_fosmids_cosmids",
         "type" : "FeatureTrack",
         "category" : [
            "Reagents"
         ],
         "displays" : [
            {
               "displayId" : "yacs,_fosmids,_&_cosmids-o_volvulus_PRJEB513-LinearBasicDisplay",
               "renderer" : {
                  "type" : "SvgFeatureRenderer",
                  "height" : 3,
                  "color1" : "black"
               },
               "type" : "LinearBasicDisplay"
            }
         ],
         "description" : "This track shows the locations of the cosmids, fosmids, and YACs used for the physical mapping and sequencing of the C. elegans genome.  The clone termini do not necessarily correspond to the termini of submitted GenBank/EMBL entries. In some cases the exact termini of the clones is not known.  For example, YACs were sequenced using PCR amplification across gaps in the cosmid maps.  When a clone end is not known, it is shown as an arrow extending to the end of the display.  Such data is to be treated with caution.  The Vancouver fosmids can be ordered directly from <a href='http://www.geneservice.co.uk/products/clones/Celegans_Fos.jsp'>GeneService</a>.",
         "name" : "YACs, Fosmids, & Cosmids",
         "assemblyNames" : [
            "o_volvulus_PRJEB513"
         ],
         "adapter" : {
            "rootUrlTemplate" : {
               "locationType" : "UriLocation",
               "uri" : "https://s3.amazonaws.com/agrjbrowse/MOD-jbrowses/WormBase/WS287/o_volvulus_PRJEB513/tracks/YACs, Fosmids, & Cosmids/{refseq}/trackData.jsonz"
            },
            "type" : "NCListAdapter"
         }
      },
      {
         "type" : "FeatureTrack",
         "category" : [
            "Sequence Features",
            "Translated Features"
         ],
         "trackId" : "o_volvulus_PRJEB513_protein_motifs",
         "description" : "This track shows the extent of predicted protein motifs. Note these spans correspond to amino acid coordinates interpolated onto the physical map.  Included are signal peptide (signalp), coiled coil (ncoils) and transmembrane (tmhmm) domains, regions of low complexity (seg), and Pfam annotated motif homologies.",
         "displays" : [
            {
               "type" : "LinearBasicDisplay",
               "displayId" : "protein_motifs-o_volvulus_PRJEB513-LinearBasicDisplay",
               "renderer" : {
                  "type" : "SvgFeatureRenderer",
                  "color1" : "jexl:parent(feature)=='undefined'?'purple':get(parent(feature),'predictiontype')=='tmhmm'?'magenta':get(parent(feature),'predictiontype')=='seg'?'lightseagreen':get(parent(feature),'predictiontype')=='signalp'?'aquamarine':get(parent(feature),'predictiontype')=='ncoils'?'chartreuse':\nget(parent(feature),'predictiontype')=='pfam'?'lightsalmon':'purple'",
                  "height" : 7
               }
            }
         ],
         "name" : "Protein motifs",
         "adapter" : {
            "rootUrlTemplate" : {
               "locationType" : "UriLocation",
               "uri" : "https://s3.amazonaws.com/agrjbrowse/MOD-jbrowses/WormBase/WS287/o_volvulus_PRJEB513/tracks/Protein motifs/{refseq}/trackData.jsonz"
            },
            "type" : "NCListAdapter"
         },
         "assemblyNames" : [
            "o_volvulus_PRJEB513"
         ]
      },
      {
         "category" : [
            "Genes",
            "Curated Genes"
         ],
         "type" : "FeatureTrack",
         "trackId" : "o_volvulus_PRJEB513_curated_genes",
         "adapter" : {
            "rootUrlTemplate" : {
               "locationType" : "UriLocation",
               "uri" : "https://s3.amazonaws.com/agrjbrowse/MOD-jbrowses/WormBase/WS287/o_volvulus_PRJEB513/tracks/Curated_Genes/{refseq}/trackData.jsonz"
            },
            "type" : "NCListAdapter"
         },
         "assemblyNames" : [
            "o_volvulus_PRJEB513"
         ],
         "name" : "Curated Genes",
         "description" : "Protein-coding gene structures result from the integration of a variety of prediction methods and data sources followed by manual review and revison by WormBase curators. tRNAs are predicted by tRNAscan, and other non-coding RNA transcripts are taken from a variety of literature sources. The purple and blue colors indicate transcripts on the forward and reverse strands respectively. Dark purple areas represent 5' and 3' UTRs of protein-coding transcripts, assigned automatically using the extents of overlapping ESTs and full-length cDNAs. The UTR predictions have not been reviewed by WormBase curators, and some are known to contain artifacts. Grey transcripts represent either non-coding transcripts of protein coding genes or transcripts of non-coding genes.",
         "displays" : [
            {
               "type" : "LinearBasicDisplay",
               "displayId" : "curated_genes-o_volvulus_PRJEB513-LinearBasicDisplay",
               "renderer" : {
                  "color3" : "#965567",
                  "labels" : {
                     "name" : "jexl:get(feature,'locus') || get(feature,'sequence_name')"
                  },
                  "type" : "SvgFeatureRenderer",
                  "color1" : "jexl:get(feature,'type')!='CDS'?'gray':get(feature,'strand')>0?'violet':'turquoise'"
               }
            }
         ]
      },
      {
         "trackId" : "o_volvulus_PRJEB513_gene_models_(historical)",
         "type" : "FeatureTrack",
         "category" : [
            "Genes",
            "Curated Genes"
         ],
         "assemblyNames" : [
            "o_volvulus_PRJEB513"
         ],
         "adapter" : {
            "type" : "NCListAdapter",
            "rootUrlTemplate" : {
               "locationType" : "UriLocation",
               "uri" : "https://s3.amazonaws.com/agrjbrowse/MOD-jbrowses/WormBase/WS287/o_volvulus_PRJEB513/tracks/Gene Models (historical)/{refseq}/trackData.jsonz"
            }
         },
         "name" : "Gene Models (historical)",
         "displays" : [
            {
               "type" : "LinearBasicDisplay",
               "displayId" : "gene_models_(historical)-o_volvulus_PRJEB513-LinearBasicDisplay",
               "renderer" : {
                  "color1" : "jexl:get(feature,'strand')>0?'violet':'turquoise'",
                  "type" : "SvgFeatureRenderer",
                  "labels" : {
                     "description" : "jexl:get(feature,'type')"
                  }
               }
            }
         ],
         "description" : "Historical gene predictions."
      },
      {
         "type" : "FeatureTrack",
         "category" : [
            "Genes",
            "Supporting Evidence"
         ],
         "name" : "mRNAs/ncRNAs (best)",
         "trackId" : "o_volvulus_PRJEB513_mrnas/ncrnas_(best)",
         "description" : "Native (same species) full length cDNAs and ncRNAs aligned to the genome using BLAT. This track shows the best unique location for each cDNA.",
         "displays" : [
            {
               "type" : "LinearBasicDisplay",
               "renderer" : {
                  "type" : "SvgFeatureRenderer",
                  "outline" : "black",
                  "color1" : "jexl:startsWith(get(feature,'source'),'BLAT_mRNA_')==true?'yellow':'gray'",
                  "height" : 6
               },
               "displayId" : "mrnas/ncrnas_(best)-o_volvulus_PRJEB513-LinearBasicDisplay"
            }
         ],
         "adapter" : {
            "type" : "NCListAdapter",
            "rootUrlTemplate" : {
               "uri" : "https://s3.amazonaws.com/agrjbrowse/MOD-jbrowses/WormBase/WS287/o_volvulus_PRJEB513/tracks/mRNAs_ncRNAs (best)/{refseq}/trackData.jsonz",
               "locationType" : "UriLocation"
            }
         },
         "assemblyNames" : [
            "o_volvulus_PRJEB513"
         ]
      },
      {
         "trackId" : "o_volvulus_PRJEB513_trans-spliced_acceptor",
         "type" : "FeatureTrack",
         "name" : "Trans-spliced acceptor",
         "category" : [
            "Sequence Features",
            "Signals & Motifs"
         ],
         "displays" : [
            {
               "displayId" : "trans-spliced_acceptor-o_volvulus_PRJEB513-LinearBasicDisplay",
               "renderer" : {
                  "type" : "SvgFeatureRenderer",
                  "labels" : {
                     "description" : "jexl:get(feature,'source') || get(feature,'description')"
                  },
                  "color1" : "jexl:get(feature,'source')=='SL1'?'red':get(feature,'source')=='SL2'?'green':'black'"
               },
               "type" : "LinearBasicDisplay"
            }
         ],
         "description" : "This track contains SL1 and SL2 trans-spliced acceptors from a variety of sources: SL1 and SL2 trans-spliced acceptors published by Blumenthal et al, Nature (2002), Trans-Spliced Exon Coupled RNA End Determination (TEC-RED) Hwang et al, PNAS (2004), EST/mRNA sequence data, RNASeq read data from ENA. SL1 acceptors are show in red, SL2 in green. Direction of transcription is indicated by arrow direction.",
         "assemblyNames" : [
            "o_volvulus_PRJEB513"
         ],
         "adapter" : {
            "type" : "NCListAdapter",
            "rootUrlTemplate" : {
               "locationType" : "UriLocation",
               "uri" : "https://s3.amazonaws.com/agrjbrowse/MOD-jbrowses/WormBase/WS287/o_volvulus_PRJEB513/tracks/Trans-spliced acceptor/{refseq}/trackData.jsonz"
            }
         }
      },
      {
         "description" : "A subset of the full Curated Genes set limited to protein-coding genes only. Only the CDS is represented. Full models (with UTRs) can be seen on the 'Curated Genes' track.",
         "displays" : [
            {
               "type" : "LinearBasicDisplay",
               "displayId" : "curated_genes_(protein_coding)-o_volvulus_PRJEB513-LinearBasicDisplay",
               "renderer" : {
                  "color1" : "jexl:get(feature,'strand')>0?'violet':'turquoise'",
                  "type" : "SvgFeatureRenderer",
                  "color3" : "#965567"
               }
            }
         ],
         "name" : "Curated Genes (protein coding)",
         "adapter" : {
            "rootUrlTemplate" : {
               "uri" : "https://s3.amazonaws.com/agrjbrowse/MOD-jbrowses/WormBase/WS287/o_volvulus_PRJEB513/tracks/Curated Genes (protein coding)/{refseq}/trackData.jsonz",
               "locationType" : "UriLocation"
            },
            "type" : "NCListAdapter"
         },
         "assemblyNames" : [
            "o_volvulus_PRJEB513"
         ],
         "category" : [
            "Genes",
            "Curated Genes"
         ],
         "type" : "FeatureTrack",
         "trackId" : "o_volvulus_PRJEB513_curated_genes_protein_coding"
      },
      {
         "description" : "A subset of the full Curated Genes set limited to pseudogenes only. Pseudogenes of tRNA are lighter gray and pseudogenes of rRNA are darker gray than pseudogenes of protein coding genes.",
         "displays" : [
            {
               "type" : "LinearBasicDisplay",
               "displayId" : "curated_genes_(pseudogenes)-o_volvulus_PRJEB513-LinearBasicDisplay",
               "renderer" : {
                  "type" : "SvgFeatureRenderer",
                  "height" : 6,
                  "color1" : "gray"
               }
            }
         ],
         "name" : "Curated Genes (pseudogenes)",
         "adapter" : {
            "type" : "NCListAdapter",
            "rootUrlTemplate" : {
               "uri" : "https://s3.amazonaws.com/agrjbrowse/MOD-jbrowses/WormBase/WS287/o_volvulus_PRJEB513/tracks/Curated Genes (pseudogenes)/{refseq}/trackData.jsonz",
               "locationType" : "UriLocation"
            }
         },
         "assemblyNames" : [
            "o_volvulus_PRJEB513"
         ],
         "category" : [
            "Genes",
            "Curated Genes"
         ],
         "type" : "FeatureTrack",
         "trackId" : "o_volvulus_PRJEB513_curated_genes_pseudogenes"
      },
      {
         "trackId" : "o_volvulus_PRJEB513_curated_genes_noncoding",
         "type" : "FeatureTrack",
         "category" : [
            "Genes",
            "Curated Genes"
         ],
         "name" : "Curated Genes (noncoding)",
         "displays" : [
            {
               "type" : "LinearBasicDisplay",
               "renderer" : {
                  "color1" : "gray",
                  "height" : 6,
                  "type" : "SvgFeatureRenderer"
               },
               "displayId" : "curated_genes_(noncoding)-o_volvulus_PRJEB513-LinearBasicDisplay"
            }
         ],
         "description" : "Non-coding curated gene models, including ncRNA, tRNA, miRNA, snRNA, snoRNA, piRNA, lincRNA and antisense RNA.",
         "assemblyNames" : [
            "o_volvulus_PRJEB513"
         ],
         "adapter" : {
            "rootUrlTemplate" : {
               "locationType" : "UriLocation",
               "uri" : "https://s3.amazonaws.com/agrjbrowse/MOD-jbrowses/WormBase/WS287/o_volvulus_PRJEB513/tracks/Curated Genes (noncoding)/{refseq}/trackData.jsonz"
            },
            "type" : "NCListAdapter"
         }
      },
      {
         "category" : [
            "Genome Structure",
            "Assembly & Curation"
         ],
         "type" : "FeatureTrack",
         "trackId" : "o_volvulus_PRJEB513_contig_submissions",
         "name" : "Contig submissions",
         "description" : "This track shows the location and coordinates of contigs (mostly cosmids) submitted to GenBank/EMBL.",
         "displays" : [
            {
               "type" : "LinearBasicDisplay",
               "displayId" : "contig_submissions-o_volvulus_PRJEB513-LinearBasicDisplay",
               "renderer" : {
                  "height" : 7,
                  "color1" : "sienna",
                  "type" : "SvgFeatureRenderer"
               }
            }
         ],
         "adapter" : {
            "rootUrlTemplate" : {
               "locationType" : "UriLocation",
               "uri" : "https://s3.amazonaws.com/agrjbrowse/MOD-jbrowses/WormBase/WS287/o_volvulus_PRJEB513/tracks/Contig submissions/{refseq}/trackData.jsonz"
            },
            "type" : "NCListAdapter"
         },
         "assemblyNames" : [
            "o_volvulus_PRJEB513"
         ]
      },
      {
         "category" : [
            "Sequence Similarity",
            "Proteins"
         ],
         "type" : "FeatureTrack",
         "trackId" : "o_volvulus_PRJEB513_C_remanei_proteins",
         "description" : "Matches to WormBase C. remanei proteins, aligned with BLASTX (nucleotide to protein, via six-frame translation).",
         "displays" : [
            {
               "type" : "LinearBasicDisplay",
               "mouseover" : "jexl:get(feature,'clone')",
               "displayId" : "C_remanei_proteins-o_volvulus_PRJEB513-LinearBasicDisplay",
               "renderer" : {
                  "color1" : "orange",
                  "height" : 4,
                  "type" : "SvgFeatureRenderer",
                  "showLabels" : false
               }
            }
         ],
         "name" : "C. remanei proteins",
         "adapter" : {
            "type" : "NCListAdapter",
            "rootUrlTemplate" : {
               "locationType" : "UriLocation",
               "uri" : "https://s3.amazonaws.com/agrjbrowse/MOD-jbrowses/WormBase/WS287/o_volvulus_PRJEB513/tracks/C. remanei proteins/{refseq}/trackData.jsonz"
            }
         },
         "assemblyNames" : [
            "o_volvulus_PRJEB513"
         ]
      },
      {
         "type" : "FeatureTrack",
         "category" : [
            "Genes",
            "Supporting Evidence"
         ],
         "trackId" : "o_volvulus_PRJEB513_nanopore_matches",
         "name" : "Nanopore matches",
         "description" : "This Nanopore transcript data is from the paper 'The full-length transcriptome of C. elegans using direct RNA sequencing' Roach et al. https://doi.org/10.1101/598763. Where several transcripts are nearly identical, they are represented by a single transcript and the number of transcripts is recorded in the read coverage. Sequencing is from 3' to 5' and randomly terminates, so the 5' end of transcripts is often incomplete.",
         "displays" : [
            {
               "renderer" : {
                  "showLabels" : false,
                  "type" : "SvgFeatureRenderer",
                  "height" : 4,
                  "color1" : "jexl:get(feature,'source')=='BLAT_Caen_mRNA'?'lightblue':'green'"
               },
               "displayId" : "nanopore_matches-o_volvulus_PRJEB513-LinearBasicDisplay",
               "type" : "LinearBasicDisplay"
            }
         ],
         "adapter" : {
            "rootUrlTemplate" : {
               "locationType" : "UriLocation",
               "uri" : "https://s3.amazonaws.com/agrjbrowse/MOD-jbrowses/WormBase/WS287/o_volvulus_PRJEB513/tracks/Nanopore matches/{refseq}/trackData.jsonz"
            },
            "type" : "NCListAdapter"
         },
         "assemblyNames" : [
            "o_volvulus_PRJEB513"
         ]
      },
      {
         "description" : "Low-complexity regions identified by Dust.",
         "displays" : [
            {
               "type" : "LinearBasicDisplay",
               "renderer" : {
                  "showDescriptions" : false,
                  "showLabels" : false,
                  "type" : "SvgFeatureRenderer",
                  "height" : 4,
                  "color1" : "bisque"
               },
               "displayId" : "low_complextity_region_(dust)-o_volvulus_PRJEB513-LinearBasicDisplay"
            }
         ],
         "name" : "Low complextity region (Dust)",
         "type" : "FeatureTrack",
         "category" : [
            "Genome Structure",
            "Repeats"
         ],
         "trackId" : "o_volvulus_PRJEB513_low_complextity_region_(dust)",
         "adapter" : {
            "type" : "NCListAdapter",
            "rootUrlTemplate" : {
               "uri" : "https://s3.amazonaws.com/agrjbrowse/MOD-jbrowses/WormBase/WS287/o_volvulus_PRJEB513/tracks/Low complextity region (Dust)/{refseq}/trackData.jsonz",
               "locationType" : "UriLocation"
            }
         },
         "assemblyNames" : [
            "o_volvulus_PRJEB513"
         ]
      },
      {
         "trackId" : "o_volvulus_PRJEB513_O_volvulus_proteins",
         "type" : "FeatureTrack",
         "category" : [
            "Sequence Similarity",
            "Proteins"
         ],
         "displays" : [
            {
               "mouseover" : "jexl:get(feature,'clone')",
               "type" : "LinearBasicDisplay",
               "displayId" : "O_volvulus_proteins-o_volvulus_PRJEB513-LinearBasicDisplay",
               "renderer" : {
                  "color1" : "orange",
                  "height" : 4,
                  "type" : "SvgFeatureRenderer",
                  "showLabels" : false
               }
            }
         ],
         "description" : "Matches to WormBase O. volvulus proteins, aligned with BLASTX (nucleotide to protein, via six-frame translation).",
         "name" : "O. volvulus proteins",
         "assemblyNames" : [
            "o_volvulus_PRJEB513"
         ],
         "adapter" : {
            "rootUrlTemplate" : {
               "locationType" : "UriLocation",
               "uri" : "https://s3.amazonaws.com/agrjbrowse/MOD-jbrowses/WormBase/WS287/o_volvulus_PRJEB513/tracks/O. volvulus proteins/{refseq}/trackData.jsonz"
            },
            "type" : "NCListAdapter"
         }
      },
      {
         "category" : [
            "Sequence Similarity",
            "Proteins"
         ],
         "type" : "FeatureTrack",
         "trackId" : "o_volvulus_PRJEB513_P_pacificus_proteins",
         "description" : "Matches to WormBase P. pacificus proteins, aligned with BLASTX (nucleotide to protein, via six-frame translation).",
         "displays" : [
            {
               "mouseover" : "jexl:get(feature,'clone')",
               "type" : "LinearBasicDisplay",
               "displayId" : "P_pacificus_proteins-o_volvulus_PRJEB513-LinearBasicDisplay",
               "renderer" : {
                  "showLabels" : false,
                  "type" : "SvgFeatureRenderer",
                  "height" : 4,
                  "color1" : "orange"
               }
            }
         ],
         "name" : "P. pacificus proteins",
         "adapter" : {
            "rootUrlTemplate" : {
               "uri" : "https://s3.amazonaws.com/agrjbrowse/MOD-jbrowses/WormBase/WS287/o_volvulus_PRJEB513/tracks/P. pacificus proteins/{refseq}/trackData.jsonz",
               "locationType" : "UriLocation"
            },
            "type" : "NCListAdapter"
         },
         "assemblyNames" : [
            "o_volvulus_PRJEB513"
         ]
      },
      {
         "category" : [
            "Sequence Similarity",
            "Proteins"
         ],
         "type" : "FeatureTrack",
         "trackId" : "o_volvulus_PRJEB513_D_melanogaster_proteins",
         "name" : "D. melanogaster proteins",
         "description" : "Matches to WormBase D. melanogaster proteins, aligned with BLASTX (nucleotide to protein, via six-frame translation).",
         "displays" : [
            {
               "displayId" : "D_melanogaster_proteins-o_volvulus_PRJEB513-LinearBasicDisplay",
               "renderer" : {
                  "color1" : "orange",
                  "height" : 4,
                  "type" : "SvgFeatureRenderer",
                  "showLabels" : false
               },
               "mouseover" : "jexl:get(feature,'clone')",
               "type" : "LinearBasicDisplay"
            }
         ],
         "adapter" : {
            "type" : "NCListAdapter",
            "rootUrlTemplate" : {
               "uri" : "https://s3.amazonaws.com/agrjbrowse/MOD-jbrowses/WormBase/WS287/o_volvulus_PRJEB513/tracks/D. melanogaster proteins/{refseq}/trackData.jsonz",
               "locationType" : "UriLocation"
            }
         },
         "assemblyNames" : [
            "o_volvulus_PRJEB513"
         ]
      },
      {
         "type" : "FeatureTrack",
         "category" : [
            "Sequence Similarity",
            "Proteins"
         ],
         "trackId" : "o_volvulus_PRJEB513_S_cerevisiae_proteins",
         "adapter" : {
            "type" : "NCListAdapter",
            "rootUrlTemplate" : {
               "locationType" : "UriLocation",
               "uri" : "https://s3.amazonaws.com/agrjbrowse/MOD-jbrowses/WormBase/WS287/o_volvulus_PRJEB513/tracks/S. cerevisiae proteins/{refseq}/trackData.jsonz"
            }
         },
         "assemblyNames" : [
            "o_volvulus_PRJEB513"
         ],
         "description" : "Matches to WormBase S. cerevisiae proteins, aligned with BLASTX (nucleotide to protein, via six-frame translation).",
         "displays" : [
            {
               "displayId" : "S_cerevisiae_proteins-o_volvulus_PRJEB513-LinearBasicDisplay",
               "renderer" : {
                  "color1" : "orange",
                  "height" : 4,
                  "type" : "SvgFeatureRenderer",
                  "showLabels" : false
               },
               "mouseover" : "jexl:get(feature,'clone')",
               "type" : "LinearBasicDisplay"
            }
         ],
         "name" : "S. cerevisiae proteins"
      },
      {
         "displays" : [
            {
               "type" : "LinearBasicDisplay",
               "displayId" : "links_and_superlinks-o_volvulus_PRJEB513-LinearBasicDisplay",
               "renderer" : {
                  "type" : "SvgFeatureRenderer",
                  "color1" : "black",
                  "height" : 4
               }
            }
         ],
         "description" : "This track shows the location and coordinates of contigs created during the assembly of the C. elegans genome.",
         "name" : "Links and Superlinks",
         "assemblyNames" : [
            "o_volvulus_PRJEB513"
         ],
         "adapter" : {
            "rootUrlTemplate" : {
               "uri" : "https://s3.amazonaws.com/agrjbrowse/MOD-jbrowses/WormBase/WS287/o_volvulus_PRJEB513/tracks/Links and Superlinks/{refseq}/trackData.jsonz",
               "locationType" : "UriLocation"
            },
            "type" : "NCListAdapter"
         },
         "trackId" : "o_volvulus_PRJEB513_links_and_superlinks",
         "type" : "FeatureTrack",
         "category" : [
            "Genome Structure",
            "Assembly & Curation"
         ]
      },
      {
         "category" : [
            "Sequence Similarity",
            "Proteins"
         ],
         "type" : "FeatureTrack",
         "trackId" : "o_volvulus_PRJEB513_C_briggsae_proteins",
         "description" : "Matches to WormBase C. briggsae proteins, aligned with BLASTX (nucleotide to protein, via six-frame translation).",
         "displays" : [
            {
               "renderer" : {
                  "color1" : "orange",
                  "height" : 4,
                  "type" : "SvgFeatureRenderer",
                  "showLabels" : false
               },
               "displayId" : "C_briggsae_proteins-o_volvulus_PRJEB513-LinearBasicDisplay",
               "mouseover" : "jexl:get(feature,'clone')",
               "type" : "LinearBasicDisplay"
            }
         ],
         "name" : "C. briggsae proteins",
         "adapter" : {
            "type" : "NCListAdapter",
            "rootUrlTemplate" : {
               "uri" : "https://s3.amazonaws.com/agrjbrowse/MOD-jbrowses/WormBase/WS287/o_volvulus_PRJEB513/tracks/C. briggsae proteins/{refseq}/trackData.jsonz",
               "locationType" : "UriLocation"
            }
         },
         "assemblyNames" : [
            "o_volvulus_PRJEB513"
         ]
      },
      {
         "trackId" : "o_volvulus_PRJEB513_B_malayi_proteins",
         "category" : [
            "Sequence Similarity",
            "Proteins"
         ],
         "type" : "FeatureTrack",
         "assemblyNames" : [
            "o_volvulus_PRJEB513"
         ],
         "adapter" : {
            "rootUrlTemplate" : {
               "uri" : "https://s3.amazonaws.com/agrjbrowse/MOD-jbrowses/WormBase/WS287/o_volvulus_PRJEB513/tracks/B. malayi proteins/{refseq}/trackData.jsonz",
               "locationType" : "UriLocation"
            },
            "type" : "NCListAdapter"
         },
         "name" : "B. malayi proteins",
         "displays" : [
            {
               "displayId" : "B_malayi_proteins-o_volvulus_PRJEB513-LinearBasicDisplay",
               "renderer" : {
                  "showLabels" : false,
                  "type" : "SvgFeatureRenderer",
                  "height" : 4,
                  "color1" : "orange"
               },
               "mouseover" : "jexl:get(feature,'clone')",
               "type" : "LinearBasicDisplay"
            }
         ],
         "description" : "Matches to WormBase B. malayi proteins, aligned with BLASTX (nucleotide to protein, via six-frame translation)."
      },
      {
         "assemblyNames" : [
            "o_volvulus_PRJEB513"
         ],
         "adapter" : {
            "type" : "NCListAdapter",
            "rootUrlTemplate" : {
               "locationType" : "UriLocation",
               "uri" : "https://s3.amazonaws.com/agrjbrowse/MOD-jbrowses/WormBase/WS287/o_volvulus_PRJEB513/tracks/H. sapiens proteins/{refseq}/trackData.jsonz"
            }
         },
         "name" : "H. sapiens proteins",
         "displays" : [
            {
               "renderer" : {
                  "color1" : "orange",
                  "height" : 4,
                  "showLabels" : false,
                  "type" : "SvgFeatureRenderer"
               },
               "displayId" : "H_sapiens_proteins-o_volvulus_PRJEB513-LinearBasicDisplay",
               "mouseover" : "jexl:get(feature,'clone')",
               "type" : "LinearBasicDisplay"
            }
         ],
         "description" : "Matches to WormBase H. sapiens proteins, aligned with BLASTX (nucleotide to protein, via six-frame translation).",
         "trackId" : "o_volvulus_PRJEB513_H_sapiens_proteins",
         "type" : "FeatureTrack",
         "category" : [
            "Sequence Similarity",
            "Proteins"
         ]
      },
      {
         "description" : "Native (same-species) Expressed Sequence Tags (ESTs), aligned to the genome using <a href='http://genome.cse.ucsc.edu/cgi-bin/hgBlat'>BLAT</a>. This track shows the best unique location for each EST. The paired 5' and 3' ESTs from the same cDNA clone are connected by a dashed line and a colored light green. ESTs with no mate are yellow, and ESTs with a mate that is 'far away' are dark green.",
         "displays" : [
            {
               "displayId" : "ests-o_volvulus_PRJEB513-LinearBasicDisplay",
               "renderer" : {
                  "color1" : "jexl:parent(feature)=='undefined'?'red':get(parent(feature),'has_mate')==1?'limegreen':get(parent(feature),'has_mate')==2?'green':get(parent(feature),'has_mate')==0?'gold':'black'",
                  "type" : "SvgFeatureRenderer"
               },
               "type" : "LinearBasicDisplay"
            }
         ],
         "name" : "ESTs",
         "adapter" : {
            "rootUrlTemplate" : {
               "locationType" : "UriLocation",
               "uri" : "https://s3.amazonaws.com/agrjbrowse/MOD-jbrowses/WormBase/WS287/o_volvulus_PRJEB513/tracks/ESTs (best)/{refseq}/trackData.jsonz"
            },
            "type" : "NCListAdapter"
         },
         "assemblyNames" : [
            "o_volvulus_PRJEB513"
         ],
         "category" : [
            "Genes",
            "Supporting Evidence"
         ],
         "type" : "FeatureTrack",
         "trackId" : "o_volvulus_PRJEB513_ests"
      },
      {
         "adapter" : {
            "rootUrlTemplate" : {
               "locationType" : "UriLocation",
               "uri" : "https://s3.amazonaws.com/agrjbrowse/MOD-jbrowses/WormBase/WS287/o_volvulus_PRJEB513/tracks/RNASeq introns/{refseq}/trackData.jsonz"
            },
            "type" : "NCListAdapter"
         },
         "assemblyNames" : [
            "o_volvulus_PRJEB513"
         ],
         "description" : "These are introns formed by aligned RNASeq reads spanning a region of the genome. Alignments of short read sequences from all available RNASeq projects were used. The number of reads spanning the introns is indicated by the thickness of the display.",
         "displays" : [
            {
               "mouseover" : "jexl:get(feature,'score')+' reads'",
               "type" : "LinearBasicDisplay",
               "displayId" : "rnaseq_introns-o_volvulus_PRJEB513-LinearBasicDisplay",
               "renderer" : {
                  "showDescriptions" : false,
                  "showLabels" : false,
                  "type" : "SvgFeatureRenderer",
                  "height" : "jexl:get(feature,'score')>100?50:get(feature,'score')<8?4:floor(get(feature,'score')/2)",
                  "color1" : "green"
               }
            }
         ],
         "name" : "RNASeq introns",
         "type" : "FeatureTrack",
         "category" : [
            "Expression"
         ],
         "trackId" : "o_volvulus_PRJEB513_rnaseq_introns"
      },
      {
         "adapter" : {
            "rootUrlTemplate" : {
               "uri" : "https://s3.amazonaws.com/agrjbrowse/MOD-jbrowses/WormBase/WS287/o_volvulus_PRJEB513/tracks/RNASeq Splice Junctions (common)/{refseq}/trackData.jsonz",
               "locationType" : "UriLocation"
            },
            "type" : "NCListAdapter"
         },
         "assemblyNames" : [
            "o_volvulus_PRJEB513"
         ],
         "name" : "RNASeq Splice Junctions (common)",
         "description" : "These are introns formed by aligned RNASeq reads spanning a region of the genome. Alignments of short read sequences from all available RNASeq projects were used. These junctions are considered 'common' in that there are more than 500 reads confirming their existence. The number of reads spanning the introns is indicated by the darkness of the color (shades of cyan for reverse, shades of violet for forward).  Darker is more reads.",
         "displays" : [
            {
               "displayId" : "rnaseq_splice_junctions_(common)-o_volvulus_PRJEB513-LinearBasicDisplay",
               "renderer" : {
                  "showLabels" : false,
                  "type" : "SvgFeatureRenderer",
                  "color1" : "jexl:get(feature,'score')>20000?(get(feature,'strand')>0?'#730073':'#007373'):get(feature,'strand')>0?'#'+hex(round(255-(140*(get(feature,'score')/20000))))+'00'+hex(round(255-(140*(get(feature,'score')/20000)))):'#00'+hex(round(255-(140*(get(feature,'score')/20000))))+hex(round(255-(140*(get(feature,'score')/20000))))"
               },
               "mouseover" : "jexl:get(feature,'score')+' reads'",
               "type" : "LinearBasicDisplay"
            }
         ],
         "type" : "FeatureTrack",
         "category" : [
            "Expression"
         ],
         "trackId" : "o_volvulus_PRJEB513_rnaseq_splice_junctions_(common)"
      },
      {
         "trackId" : "o_volvulus_PRJEB513_rnaseq_splice_junctions_(rare)",
         "type" : "FeatureTrack",
         "category" : [
            "Expression"
         ],
         "assemblyNames" : [
            "o_volvulus_PRJEB513"
         ],
         "adapter" : {
            "rootUrlTemplate" : {
               "locationType" : "UriLocation",
               "uri" : "https://s3.amazonaws.com/agrjbrowse/MOD-jbrowses/WormBase/WS287/o_volvulus_PRJEB513/tracks/RNASeq Splice Junctions (rare)/{refseq}/trackData.jsonz"
            },
            "type" : "NCListAdapter"
         },
         "name" : "RNASeq Splice Junctions (rare)",
         "displays" : [
            {
               "renderer" : {
                  "showLabels" : false,
                  "type" : "SvgFeatureRenderer",
                  "height" : "jexl:4",
                  "color1" : "jexl:get(feature,'score')>20000?(get(feature,'strand')>0?'#730073':'#007373'):get(feature,'strand')>0?'#'+hex(round(255-(140*(get(feature,'score')/20000))))+'00'+hex(round(255-(140*(get(feature,'score')/20000)))):'#00'+hex(round(255-(140*(get(feature,'score')/20000))))+hex(round(255-(140*(get(feature,'score')/20000))))"
               },
               "displayId" : "rnaseq_splice_junctions_(rare)-o_volvulus_PRJEB513-LinearBasicDisplay",
               "type" : "LinearBasicDisplay",
               "mouseover" : "jexl:get(feature,'score')+' reads'"
            }
         ],
         "description" : "These are introns formed by aligned RNASeq reads spanning a region of the genome. Alignments of short read sequences from all available RNASeq projects were used. These junctions are considered 'rare' in that there are fewer than 500 reads confirming their existence. The number of reads spanning the introns is indicated by the darkness of the color (shades of cyan for reverse, shades of violet for forward).  Darker is more reads."
      },
      {
         "trackId" : "o_volvulus_PRJEB513_genbank_submissions",
         "name" : "Genbank submissions",
         "type" : "FeatureTrack",
         "category" : [
            "Genome Structure",
            "Assembly & Curation"
         ],
         "displays" : [
            {
               "displayId" : "genbank_submissions-o_volvulus_PRJEB513-LinearBasicDisplay",
               "renderer" : {
                  "type" : "SvgFeatureRenderer",
                  "color1" : "sienna",
                  "height" : 4
               },
               "type" : "LinearBasicDisplay",
               "mouseover" : "jexl:get(feature,'genbank')"
            }
         ],
         "description" : "The C. elegans genome was submitted to the GenBank and EMBL databases in in the form of a set of minimally-overlapping segments.  This track shows the position of these accessioned entries.",
         "assemblyNames" : [
            "o_volvulus_PRJEB513"
         ],
         "adapter" : {
            "type" : "NCListAdapter",
            "rootUrlTemplate" : {
               "uri" : "https://s3.amazonaws.com/agrjbrowse/MOD-jbrowses/WormBase/WS287/o_volvulus_PRJEB513/tracks/Genbank submissions/{refseq}/trackData.jsonz",
               "locationType" : "UriLocation"
            }
         }
      },
      {
         "displays" : [
            {
               "type" : "LinearBasicDisplay",
               "mouseover" : "jexl:get(feature,'clone')",
               "renderer" : {
                  "color1" : "orange",
                  "height" : 4,
                  "type" : "SvgFeatureRenderer",
                  "showLabels" : false
               },
               "displayId" : "S_ratti_proteins-o_volvulus_PRJEB513-LinearBasicDisplay"
            }
         ],
         "description" : "Matches to WormBase S. ratti proteins, aligned with BLASTX (nucleotide to protein, via six-frame translation).",
         "name" : "S. ratti proteins",
         "assemblyNames" : [
            "o_volvulus_PRJEB513"
         ],
         "adapter" : {
            "rootUrlTemplate" : {
               "uri" : "https://s3.amazonaws.com/agrjbrowse/MOD-jbrowses/WormBase/WS287/o_volvulus_PRJEB513/tracks/S. ratti proteins/{refseq}/trackData.jsonz",
               "locationType" : "UriLocation"
            },
            "type" : "NCListAdapter"
         },
         "trackId" : "o_volvulus_PRJEB513_S_ratti_proteins",
         "category" : [
            "Sequence Similarity",
            "Proteins"
         ],
         "type" : "FeatureTrack"
      },
      {
         "trackId" : "o_volvulus_PRJEB513_C_elegans_proteins",
         "category" : [
            "Sequence Similarity",
            "Proteins"
         ],
         "type" : "FeatureTrack",
         "assemblyNames" : [
            "o_volvulus_PRJEB513"
         ],
         "adapter" : {
            "rootUrlTemplate" : {
               "locationType" : "UriLocation",
               "uri" : "https://s3.amazonaws.com/agrjbrowse/MOD-jbrowses/WormBase/WS287/o_volvulus_PRJEB513/tracks/C. elegans proteins/{refseq}/trackData.jsonz"
            },
            "type" : "NCListAdapter"
         },
         "displays" : [
            {
               "type" : "LinearBasicDisplay",
               "mouseover" : "jexl:get(feature,'clone')",
               "displayId" : "C_elegans_proteins-o_volvulus_PRJEB513-LinearBasicDisplay",
               "renderer" : {
                  "type" : "SvgFeatureRenderer",
                  "showLabels" : false,
                  "color1" : "orange",
                  "height" : 4
               }
            }
         ],
         "description" : "Matches to WormBase C. elegans proteins, aligned with BLASTX (nucleotide to protein, via six-frame translation).",
         "name" : "C. elegans proteins"
      },
      {
         "adapter" : {
            "type" : "NCListAdapter",
            "rootUrlTemplate" : {
               "locationType" : "UriLocation",
               "uri" : "https://s3.amazonaws.com/agrjbrowse/MOD-jbrowses/WormBase/WS287/o_volvulus_PRJEB513/tracks/RNASeq/{refseq}/trackData.jsonz"
            }
         },
         "assemblyNames" : [
            "o_volvulus_PRJEB513"
         ],
         "description" : "These boxes indicate alignments of short read sequences from all available RNASeq projects. The number of reads has been normalised by averaging over the number of libraries. The height of all boxes indicates the relative score of the feature.",
         "displays" : [
            {
               "type" : "LinearBasicDisplay",
               "mouseover" : "jexl:'Score: '+get(feature,'score')",
               "displayId" : "rnaseq-o_volvulus_PRJEB513-LinearBasicDisplay",
               "renderer" : {
                  "color1" : "black",
                  "height" : "jexl:get(feature,'score')>100?50:floor(get(feature,'score')/2)>4?floor(get(feature,'score')/2):4",
                  "displayMode" : "collapse",
                  "type" : "SvgFeatureRenderer",
                  "showLabels" : false
               }
            }
         ],
         "name" : "RNASeq",
         "category" : [
            "Expression"
         ],
         "type" : "FeatureTrack",
         "trackId" : "o_volvulus_PRJEB513_rnaseq"
      },
      {
         "trackId" : "o_volvulus_PRJEB513_repeat_region_(repeatmasker)",
         "type" : "FeatureTrack",
         "name" : "Repeat Region (RepeatMasker)",
         "category" : [
            "Genome Structure",
            "Repeats"
         ],
         "displays" : [
            {
               "type" : "LinearBasicDisplay",
               "displayId" : "repeat_region_(repeatmasker)-o_volvulus_PRJEB513-LinearBasicDisplay",
               "renderer" : {
                  "height" : 4,
                  "color1" : "bisque",
                  "showDescriptions" : false,
                  "type" : "SvgFeatureRenderer",
                  "showLabels" : false
               }
            }
         ],
         "description" : "Repetitive regions identified by RepeatMasker.",
         "assemblyNames" : [
            "o_volvulus_PRJEB513"
         ],
         "adapter" : {
            "rootUrlTemplate" : {
               "uri" : "https://s3.amazonaws.com/agrjbrowse/MOD-jbrowses/WormBase/WS287/o_volvulus_PRJEB513/tracks/Repeat Region (RepeatMasker)/{refseq}/trackData.jsonz",
               "locationType" : "UriLocation"
            },
            "type" : "NCListAdapter"
         }
      },
      {
         "assemblyNames" : [
            "o_volvulus_PRJEB513"
         ],
         "adapter" : {
            "rootUrlTemplate" : {
               "uri" : "https://s3.amazonaws.com/agrjbrowse/MOD-jbrowses/WormBase/WS287/o_volvulus_PRJEB513/tracks/RNASeq Asymmetries/{refseq}/trackData.jsonz",
               "locationType" : "UriLocation"
            },
            "type" : "NCListAdapter"
         },
         "displays" : [
            {
               "displayId" : "rnaseq_asymmetries-o_volvulus_PRJEB513-LinearBasicDisplay",
               "renderer" : {
                  "type" : "SvgFeatureRenderer",
                  "showLabels" : false,
                  "height" : 24,
                  "color1" : "jexl:get(feature,'source')=='RNASeq_R_asymmetry'?'red': get(feature,'source')=='RNASeq_F_asymmetry'?'green':'black'",
                  "displayMode" : "collapse"
               },
               "type" : "LinearBasicDisplay",
               "mouseover" : "jexl:'Score: '+get(feature,'score')"
            }
         ],
         "description" : "Red boxes indicate regions where there are more than 2 times as many forward sense RNASeq reads aligned to the genome as reverse sense reads. This asymmetrical signal has been found empirically to be a sensitive marker for the ends of transcripts. Green boxes indicate regions where there are more than 2 times as many reverse sense RNASeq reads aligned to the genome as forward sense reads. This asymmetrical signal has been found empirically to be sensitive marker for the ends of transcripts. The height of all boxes indicates the relative score of the feature.",
         "name" : "RNASeq Asymmetries",
         "trackId" : "o_volvulus_PRJEB513_rnaseq_asymmetries",
         "category" : [
            "Expression"
         ],
         "type" : "FeatureTrack"
      },
      {
         "displays" : [
            {
               "mouseover" : "jexl:get(feature,'clone')",
               "type" : "LinearBasicDisplay",
               "displayId" : "C_brenneri_proteins-o_volvulus_PRJEB513-LinearBasicDisplay",
               "renderer" : {
                  "height" : 4,
                  "color1" : "orange",
                  "showLabels" : false,
                  "type" : "SvgFeatureRenderer"
               }
            }
         ],
         "description" : "Matches to WormBase C. brenneri proteins, aligned with BLASTX (nucleotide to protein, via six-frame translation).",
         "name" : "C. brenneri proteins",
         "assemblyNames" : [
            "o_volvulus_PRJEB513"
         ],
         "adapter" : {
            "rootUrlTemplate" : {
               "uri" : "https://s3.amazonaws.com/agrjbrowse/MOD-jbrowses/WormBase/WS287/o_volvulus_PRJEB513/tracks/C. brenneri proteins/{refseq}/trackData.jsonz",
               "locationType" : "UriLocation"
            },
            "type" : "NCListAdapter"
         },
         "trackId" : "o_volvulus_PRJEB513_C_brenneri_proteins",
         "type" : "FeatureTrack",
         "category" : [
            "Sequence Similarity",
            "Proteins"
         ]
      },
      {
         "trackId" : "o_volvulus_PRJEB513_trinity-assembled_rnaseq",
         "type" : "FeatureTrack",
         "category" : [
            "Genes",
            "Supporting Evidence"
         ],
         "assemblyNames" : [
            "o_volvulus_PRJEB513"
         ],
         "adapter" : {
            "rootUrlTemplate" : {
               "locationType" : "UriLocation",
               "uri" : "https://s3.amazonaws.com/agrjbrowse/MOD-jbrowses/WormBase/WS287/o_volvulus_PRJEB513/tracks/Trinity-assembled RNAseq/{refseq}/trackData.jsonz"
            },
            "type" : "NCListAdapter"
         },
         "displays" : [
            {
               "type" : "LinearBasicDisplay",
               "displayId" : "trinity-assembled_rnaseq-o_volvulus_PRJEB513-LinearBasicDisplay",
               "renderer" : {
                  "type" : "SvgFeatureRenderer",
                  "showLabels" : false,
                  "height" : 5,
                  "color1" : "mediumpurple"
               }
            }
         ],
         "description" : "Native (same species) RNAseq data was assembled with Trinity and then aligned to the genome with BLAT",
         "name" : "Trinity-assembled RNAseq"
      },
      {
         "displays" : [
            {
               "displayId" : "tandem_and_inverted_repeats-o_volvulus_PRJEB513-LinearBasicDisplay",
               "renderer" : {
                  "showLabels" : false,
                  "type" : "SvgFeatureRenderer",
                  "showDescriptions" : false,
                  "color1" : "bisque"
               },
               "type" : "LinearBasicDisplay"
            }
         ],
         "description" : "Exact tandem and inverted repetitive elements.",
         "name" : "Tandem and Inverted Repeats",
         "assemblyNames" : [
            "o_volvulus_PRJEB513"
         ],
         "adapter" : {
            "type" : "NCListAdapter",
            "rootUrlTemplate" : {
               "uri" : "https://s3.amazonaws.com/agrjbrowse/MOD-jbrowses/WormBase/WS287/o_volvulus_PRJEB513/tracks/Tandem and Inverted Repeats/{refseq}/trackData.jsonz",
               "locationType" : "UriLocation"
            }
         },
         "trackId" : "o_volvulus_PRJEB513_tandem_and_inverted_repeats",
         "type" : "FeatureTrack",
         "category" : [
            "Genome Structure",
            "Repeats"
         ]
      },
      {
         "trackId" : "o_volvulus_PRJEB513_T_muris_proteins",
         "category" : [
            "Sequence Similarity",
            "Proteins"
         ],
         "type" : "FeatureTrack",
         "assemblyNames" : [
            "o_volvulus_PRJEB513"
         ],
         "adapter" : {
            "type" : "NCListAdapter",
            "rootUrlTemplate" : {
               "locationType" : "UriLocation",
               "uri" : "https://s3.amazonaws.com/agrjbrowse/MOD-jbrowses/WormBase/WS287/o_volvulus_PRJEB513/tracks/T. muris proteins/{refseq}/trackData.jsonz"
            }
         },
         "displays" : [
            {
               "mouseover" : "jexl:get(feature,'clone')",
               "type" : "LinearBasicDisplay",
               "displayId" : "T_muris_proteins-o_volvulus_PRJEB513-LinearBasicDisplay",
               "renderer" : {
                  "color1" : "orange",
                  "height" : 4,
                  "showLabels" : false,
                  "type" : "SvgFeatureRenderer"
               }
            }
         ],
         "description" : "Matches to WormBase T. muris proteins, aligned with BLASTX (nucleotide to protein, via six-frame translation).",
         "name" : "T. muris proteins"
      },
      {
         "category" : [
            "Sequence Similarity",
            "Proteins"
         ],
         "type" : "FeatureTrack",
         "trackId" : "o_volvulus_PRJEB513_other_uniprot_proteins",
         "adapter" : {
            "rootUrlTemplate" : {
               "locationType" : "UriLocation",
               "uri" : "https://s3.amazonaws.com/agrjbrowse/MOD-jbrowses/WormBase/WS287/o_volvulus_PRJEB513/tracks/Other UniProt proteins/{refseq}/trackData.jsonz"
            },
            "type" : "NCListAdapter"
         },
         "assemblyNames" : [
            "o_volvulus_PRJEB513"
         ],
         "description" : "Matches to proteins from a slimmed-down version of UniProt (with proteins from WormBase core nematodes, human, fly and yeast removed), aligned with BLASTX (nucleotide to protein, via six-frame translation).",
         "displays" : [
            {
               "renderer" : {
                  "showLabels" : false,
                  "type" : "SvgFeatureRenderer",
                  "showDescriptions" : false,
                  "color1" : "orange",
                  "height" : 4
               },
               "displayId" : "other_uniprot_proteins-o_volvulus_PRJEB513-LinearBasicDisplay",
               "type" : "LinearBasicDisplay"
            }
         ],
         "name" : "Other UniProt proteins"
      },
      {
         "adapter" : {
            "rootUrlTemplate" : {
               "uri" : "https://s3.amazonaws.com/agrjbrowse/MOD-jbrowses/WormBase/WS287/o_volvulus_PRJEB513/tracks/C. japonica proteins/{refseq}/trackData.jsonz",
               "locationType" : "UriLocation"
            },
            "type" : "NCListAdapter"
         },
         "assemblyNames" : [
            "o_volvulus_PRJEB513"
         ],
         "name" : "C. japonica proteins",
         "description" : "Matches to WormBase C. japonica proteins, aligned with BLASTX (nucleotide to protein, via six-frame translation).",
         "displays" : [
            {
               "type" : "LinearBasicDisplay",
               "mouseover" : "jexl:get(feature,'clone')",
               "displayId" : "C_japonica_proteins-o_volvulus_PRJEB513-LinearBasicDisplay",
               "renderer" : {
                  "height" : 4,
                  "color1" : "orange",
                  "type" : "SvgFeatureRenderer",
                  "showLabels" : false
               }
            }
         ],
         "type" : "FeatureTrack",
         "category" : [
            "Sequence Similarity",
            "Proteins"
         ],
         "trackId" : "o_volvulus_PRJEB513_C_japonica_proteins"
      }
   ],
   "assemblies" : [
      {
         "sequence" : {
            "adapter" : {
               "fastaLocation" : {
                  "locationType" : "UriLocation",
                  "uri" : "https://s3.amazonaws.com/wormbase-modencode/fasta/current/o_volvulus.PRJEB513.WS284.genomic.fa.gz"
               },
               "gziLocation" : {
                  "uri" : "https://s3.amazonaws.com/wormbase-modencode/fasta/current/o_volvulus.PRJEB513.WS284.genomic.fa.gz.gzi",
                  "locationType" : "UriLocation"
               },
               "faiLocation" : {
                  "uri" : "https://s3.amazonaws.com/wormbase-modencode/fasta/current/o_volvulus.PRJEB513.WS284.genomic.fa.gz.fai",
                  "locationType" : "UriLocation"
               },
               "type" : "BgzipFastaAdapter"
            },
            "displays" : [
               {
                  "type" : "LinearReferenceSequenceDisplay",
                  "displayId" : "o_volvulus_PRJEB513-LinearReferenceSequenceDisplay"
               }
            ],
            "type" : "ReferenceSequenceTrack",
            "trackId" : "o_volvulus_PRJEB513-1646426635733"
         },
         "displayName" : "o_volvulus_PRJEB513",
         "name" : "o_volvulus_PRJEB513"
      }
   ]
}
