{
   "tracks" : [
      {
         "trackId" : "t_muris_PRJEB126_curated_genes_protein_coding",
         "adapter" : {
            "rootUrlTemplate" : {
               "uri" : "https://s3.amazonaws.com/agrjbrowse/MOD-jbrowses/WormBase/WS287/t_muris_PRJEB126/tracks/Curated Genes (protein coding)/{refseq}/trackData.jsonz",
               "locationType" : "UriLocation"
            },
            "type" : "NCListAdapter"
         },
         "description" : "A subset of the full Curated Genes set limited to protein-coding genes only. Only the CDS is represented. Full models (with UTRs) can be seen on the 'Curated Genes' track.",
         "formatDetails" : {
            "feature" : "jexl:{ JBrowse1: '<a href=\"/tools/genome/jbrowse-simple/?data=data/t_muris_PRJEB126' + '&loc=' +feature.refName+':'+feature.start+'..'+feature.end+ '\">'+feature.name+'</a>'}"
         },
         "assemblyNames" : [
            "t_muris_PRJEB126"
         ],
         "displays" : [
            {
               "type" : "LinearBasicDisplay",
               "renderer" : {
                  "color3" : "#965567",
                  "type" : "SvgFeatureRenderer",
                  "color1" : "jexl:get(feature,'strand')>0?'violet':'turquoise'"
               },
               "displayId" : "curated_genes_(protein_coding)-t_muris_PRJEB126-LinearBasicDisplay"
            }
         ],
         "type" : "FeatureTrack",
         "name" : "Curated Genes (protein coding)",
         "category" : [
            "Genes",
            "Curated Genes"
         ]
      },
      {
         "formatDetails" : {
            "feature" : "jexl:{ JBrowse1: '<a href=\"/tools/genome/jbrowse-simple/?data=data/t_muris_PRJEB126' + '&loc=' +feature.refName+':'+feature.start+'..'+feature.end+ '\">'+feature.refName+':'+feature.start+'..'+feature.end+'</a>'}"
         },
         "description" : "This track shows the extent of predicted protein motifs. Note these spans correspond to amino acid coordinates interpolated onto the physical map.  Included are signal peptide (signalp), coiled coil (ncoils) and transmembrane (tmhmm) domains, regions of low complexity (seg), and Pfam annotated motif homologies.",
         "assemblyNames" : [
            "t_muris_PRJEB126"
         ],
         "displays" : [
            {
               "displayId" : "protein_motifs-t_muris_PRJEB126-LinearBasicDisplay",
               "renderer" : {
                  "type" : "SvgFeatureRenderer",
                  "height" : 7,
                  "color1" : "jexl:parent(feature)=='undefined'?'purple':get(parent(feature),'predictiontype')=='tmhmm'?'magenta':get(parent(feature),'predictiontype')=='seg'?'lightseagreen':get(parent(feature),'predictiontype')=='signalp'?'aquamarine':get(parent(feature),'predictiontype')=='ncoils'?'chartreuse':\nget(parent(feature),'predictiontype')=='pfam'?'lightsalmon':'purple'"
               },
               "type" : "LinearBasicDisplay"
            }
         ],
         "trackId" : "t_muris_PRJEB126_protein_motifs",
         "adapter" : {
            "rootUrlTemplate" : {
               "uri" : "https://s3.amazonaws.com/agrjbrowse/MOD-jbrowses/WormBase/WS287/t_muris_PRJEB126/tracks/Protein motifs/{refseq}/trackData.jsonz",
               "locationType" : "UriLocation"
            },
            "type" : "NCListAdapter"
         },
         "type" : "FeatureTrack",
         "name" : "Protein motifs",
         "category" : [
            "Sequence Features",
            "Translated Features"
         ]
      },
      {
         "assemblyNames" : [
            "t_muris_PRJEB126"
         ],
         "displays" : [
            {
               "displayId" : "curated_genes-t_muris_PRJEB126-LinearBasicDisplay",
               "type" : "LinearBasicDisplay",
               "renderer" : {
                  "color3" : "#965567",
                  "labels" : {
                     "name" : "jexl:get(feature,'locus') || get(feature,'sequence_name')"
                  },
                  "type" : "SvgFeatureRenderer",
                  "color1" : "jexl:get(feature,'type')!='CDS'?'gray':get(feature,'strand')>0?'violet':'turquoise'"
               }
            }
         ],
         "description" : "Protein-coding gene structures result from the integration of a variety of prediction methods and data sources followed by manual review and revison by WormBase curators. tRNAs are predicted by tRNAscan, and other non-coding RNA transcripts are taken from a variety of literature sources. The purple and blue colors indicate transcripts on the forward and reverse strands respectively. Dark purple areas represent 5' and 3' UTRs of protein-coding transcripts, assigned automatically using the extents of overlapping ESTs and full-length cDNAs. The UTR predictions have not been reviewed by WormBase curators, and some are known to contain artifacts. Grey transcripts represent either non-coding transcripts of protein coding genes or transcripts of non-coding genes.",
         "formatDetails" : {
            "feature" : "jexl:{ JBrowse1: '<a href=\"/tools/genome/jbrowse-simple/?data=data/t_muris_PRJEB126' + '&loc=' +feature.refName+':'+feature.start+'..'+feature.end+ '\">'+feature.name+'</a>'}"
         },
         "adapter" : {
            "type" : "NCListAdapter",
            "rootUrlTemplate" : {
               "uri" : "https://s3.amazonaws.com/agrjbrowse/MOD-jbrowses/WormBase/WS287/t_muris_PRJEB126/tracks/Curated_Genes/{refseq}/trackData.jsonz",
               "locationType" : "UriLocation"
            }
         },
         "trackId" : "t_muris_PRJEB126_curated_genes",
         "category" : [
            "Genes",
            "Curated Genes"
         ],
         "name" : "Curated Genes",
         "type" : "FeatureTrack"
      },
      {
         "formatDetails" : {
            "feature" : "jexl:{ JBrowse1: '<a href=\"/tools/genome/jbrowse-simple/?data=data/t_muris_PRJEB126' + '&loc=' +feature.refName+':'+feature.start+'..'+feature.end+ '\">'+feature.name+'</a>'}"
         },
         "description" : "Historical gene predictions.",
         "assemblyNames" : [
            "t_muris_PRJEB126"
         ],
         "displays" : [
            {
               "type" : "LinearBasicDisplay",
               "renderer" : {
                  "labels" : {
                     "description" : "jexl:get(feature,'type')"
                  },
                  "color1" : "jexl:get(feature,'strand')>0?'violet':'turquoise'",
                  "type" : "SvgFeatureRenderer"
               },
               "displayId" : "gene_models_(historical)-t_muris_PRJEB126-LinearBasicDisplay"
            }
         ],
         "trackId" : "t_muris_PRJEB126_gene_models_(historical)",
         "adapter" : {
            "rootUrlTemplate" : {
               "locationType" : "UriLocation",
               "uri" : "https://s3.amazonaws.com/agrjbrowse/MOD-jbrowses/WormBase/WS287/t_muris_PRJEB126/tracks/Gene Models (historical)/{refseq}/trackData.jsonz"
            },
            "type" : "NCListAdapter"
         },
         "name" : "Gene Models (historical)",
         "type" : "FeatureTrack",
         "category" : [
            "Genes",
            "Curated Genes"
         ]
      },
      {
         "type" : "FeatureTrack",
         "name" : "Curated Genes (noncoding)",
         "category" : [
            "Genes",
            "Curated Genes"
         ],
         "trackId" : "t_muris_PRJEB126_curated_genes_noncoding",
         "adapter" : {
            "rootUrlTemplate" : {
               "locationType" : "UriLocation",
               "uri" : "https://s3.amazonaws.com/agrjbrowse/MOD-jbrowses/WormBase/WS287/t_muris_PRJEB126/tracks/Curated Genes (noncoding)/{refseq}/trackData.jsonz"
            },
            "type" : "NCListAdapter"
         },
         "formatDetails" : {
            "feature" : "jexl:{ JBrowse1: '<a href=\"/tools/genome/jbrowse-simple/?data=data/t_muris_PRJEB126' + '&loc=' +feature.refName+':'+feature.start+'..'+feature.end+ '\">'+feature.name+'</a>'}"
         },
         "description" : "Non-coding curated gene models, including ncRNA, tRNA, miRNA, snRNA, snoRNA, piRNA, lincRNA and antisense RNA.",
         "displays" : [
            {
               "displayId" : "curated_genes_(noncoding)-t_muris_PRJEB126-LinearBasicDisplay",
               "type" : "LinearBasicDisplay",
               "renderer" : {
                  "type" : "SvgFeatureRenderer",
                  "height" : 6,
                  "color1" : "gray"
               }
            }
         ],
         "assemblyNames" : [
            "t_muris_PRJEB126"
         ]
      },
      {
         "name" : "mRNAs/ncRNAs (best)",
         "type" : "FeatureTrack",
         "category" : [
            "Genes",
            "Supporting Evidence"
         ],
         "trackId" : "t_muris_PRJEB126_mrnas/ncrnas_(best)",
         "adapter" : {
            "rootUrlTemplate" : {
               "locationType" : "UriLocation",
               "uri" : "https://s3.amazonaws.com/agrjbrowse/MOD-jbrowses/WormBase/WS287/t_muris_PRJEB126/tracks/mRNAs_ncRNAs (best)/{refseq}/trackData.jsonz"
            },
            "type" : "NCListAdapter"
         },
         "description" : "Native (same species) full length cDNAs and ncRNAs aligned to the genome using BLAT. This track shows the best unique location for each cDNA.",
         "formatDetails" : {
            "feature" : "jexl:{ JBrowse1: '<a href=\"/tools/genome/jbrowse-simple/?data=data/t_muris_PRJEB126' + '&loc=' +feature.refName+':'+feature.start+'..'+feature.end+ '\">'+feature.name+'</a>'}"
         },
         "assemblyNames" : [
            "t_muris_PRJEB126"
         ],
         "displays" : [
            {
               "displayId" : "mrnas/ncrnas_(best)-t_muris_PRJEB126-LinearBasicDisplay",
               "type" : "LinearBasicDisplay",
               "renderer" : {
                  "height" : 6,
                  "type" : "SvgFeatureRenderer",
                  "outline" : "black",
                  "color1" : "jexl:startsWith(get(feature,'source'),'BLAT_mRNA_')==true?'yellow':'gray'"
               }
            }
         ]
      },
      {
         "name" : "YACs, Fosmids, & Cosmids",
         "type" : "FeatureTrack",
         "category" : [
            "Reagents"
         ],
         "description" : "This track shows the locations of the cosmids, fosmids, and YACs used for the physical mapping and sequencing of the C. elegans genome.  The clone termini do not necessarily correspond to the termini of submitted GenBank/EMBL entries. In some cases the exact termini of the clones is not known.  For example, YACs were sequenced using PCR amplification across gaps in the cosmid maps.  When a clone end is not known, it is shown as an arrow extending to the end of the display.  Such data is to be treated with caution.  The Vancouver fosmids can be ordered directly from <a href='http://www.geneservice.co.uk/products/clones/Celegans_Fos.jsp'>GeneService</a>.",
         "formatDetails" : {
            "feature" : "jexl:{ JBrowse1: '<a href=\"/tools/genome/jbrowse-simple/?data=data/t_muris_PRJEB126' + '&loc=' +feature.refName+':'+feature.start+'..'+feature.end+ '\">'+feature.refName+':'+feature.start+'..'+feature.end+'</a>'}"
         },
         "displays" : [
            {
               "type" : "LinearBasicDisplay",
               "renderer" : {
                  "height" : 3,
                  "type" : "SvgFeatureRenderer",
                  "color1" : "black"
               },
               "displayId" : "yacs,_fosmids,_&_cosmids-t_muris_PRJEB126-LinearBasicDisplay"
            }
         ],
         "assemblyNames" : [
            "t_muris_PRJEB126"
         ],
         "trackId" : "t_muris_PRJEB126_yacs_fosmids_cosmids",
         "adapter" : {
            "rootUrlTemplate" : {
               "locationType" : "UriLocation",
               "uri" : "https://s3.amazonaws.com/agrjbrowse/MOD-jbrowses/WormBase/WS287/t_muris_PRJEB126/tracks/YACs, Fosmids, & Cosmids/{refseq}/trackData.jsonz"
            },
            "type" : "NCListAdapter"
         }
      },
      {
         "trackId" : "t_muris_PRJEB126_tandem_and_inverted_repeats",
         "adapter" : {
            "type" : "NCListAdapter",
            "rootUrlTemplate" : {
               "locationType" : "UriLocation",
               "uri" : "https://s3.amazonaws.com/agrjbrowse/MOD-jbrowses/WormBase/WS287/t_muris_PRJEB126/tracks/Tandem and Inverted Repeats/{refseq}/trackData.jsonz"
            }
         },
         "description" : "Exact tandem and inverted repetitive elements.",
         "displays" : [
            {
               "type" : "LinearBasicDisplay",
               "renderer" : {
                  "showLabels" : false,
                  "showDescriptions" : false,
                  "color1" : "bisque",
                  "type" : "SvgFeatureRenderer"
               },
               "displayId" : "tandem_and_inverted_repeats-t_muris_PRJEB126-LinearBasicDisplay"
            }
         ],
         "assemblyNames" : [
            "t_muris_PRJEB126"
         ],
         "name" : "Tandem and Inverted Repeats",
         "type" : "FeatureTrack",
         "category" : [
            "Genome Structure",
            "Repeats"
         ]
      },
      {
         "category" : [
            "Sequence Similarity",
            "Proteins"
         ],
         "name" : "B. malayi proteins",
         "type" : "FeatureTrack",
         "adapter" : {
            "rootUrlTemplate" : {
               "locationType" : "UriLocation",
               "uri" : "https://s3.amazonaws.com/agrjbrowse/MOD-jbrowses/WormBase/WS287/t_muris_PRJEB126/tracks/B. malayi proteins/{refseq}/trackData.jsonz"
            },
            "type" : "NCListAdapter"
         },
         "trackId" : "t_muris_PRJEB126_B_malayi_proteins",
         "displays" : [
            {
               "type" : "LinearBasicDisplay",
               "renderer" : {
                  "showLabels" : false,
                  "color1" : "orange",
                  "type" : "SvgFeatureRenderer",
                  "height" : 4
               },
               "displayId" : "B_malayi_proteins-t_muris_PRJEB126-LinearBasicDisplay",
               "mouseover" : "jexl:get(feature,'clone')"
            }
         ],
         "assemblyNames" : [
            "t_muris_PRJEB126"
         ],
         "description" : "Matches to WormBase B. malayi proteins, aligned with BLASTX (nucleotide to protein, via six-frame translation)."
      },
      {
         "name" : "S. cerevisiae proteins",
         "type" : "FeatureTrack",
         "category" : [
            "Sequence Similarity",
            "Proteins"
         ],
         "description" : "Matches to WormBase S. cerevisiae proteins, aligned with BLASTX (nucleotide to protein, via six-frame translation).",
         "displays" : [
            {
               "displayId" : "S_cerevisiae_proteins-t_muris_PRJEB126-LinearBasicDisplay",
               "renderer" : {
                  "showLabels" : false,
                  "color1" : "orange",
                  "height" : 4,
                  "type" : "SvgFeatureRenderer"
               },
               "type" : "LinearBasicDisplay",
               "mouseover" : "jexl:get(feature,'clone')"
            }
         ],
         "assemblyNames" : [
            "t_muris_PRJEB126"
         ],
         "trackId" : "t_muris_PRJEB126_S_cerevisiae_proteins",
         "adapter" : {
            "type" : "NCListAdapter",
            "rootUrlTemplate" : {
               "locationType" : "UriLocation",
               "uri" : "https://s3.amazonaws.com/agrjbrowse/MOD-jbrowses/WormBase/WS287/t_muris_PRJEB126/tracks/S. cerevisiae proteins/{refseq}/trackData.jsonz"
            }
         }
      },
      {
         "type" : "FeatureTrack",
         "name" : "C. elegans proteins",
         "category" : [
            "Sequence Similarity",
            "Proteins"
         ],
         "description" : "Matches to WormBase C. elegans proteins, aligned with BLASTX (nucleotide to protein, via six-frame translation).",
         "displays" : [
            {
               "mouseover" : "jexl:get(feature,'clone')",
               "type" : "LinearBasicDisplay",
               "renderer" : {
                  "showLabels" : false,
                  "type" : "SvgFeatureRenderer",
                  "height" : 4,
                  "color1" : "orange"
               },
               "displayId" : "C_elegans_proteins-t_muris_PRJEB126-LinearBasicDisplay"
            }
         ],
         "assemblyNames" : [
            "t_muris_PRJEB126"
         ],
         "trackId" : "t_muris_PRJEB126_C_elegans_proteins",
         "adapter" : {
            "type" : "NCListAdapter",
            "rootUrlTemplate" : {
               "uri" : "https://s3.amazonaws.com/agrjbrowse/MOD-jbrowses/WormBase/WS287/t_muris_PRJEB126/tracks/C. elegans proteins/{refseq}/trackData.jsonz",
               "locationType" : "UriLocation"
            }
         }
      },
      {
         "adapter" : {
            "rootUrlTemplate" : {
               "uri" : "https://s3.amazonaws.com/agrjbrowse/MOD-jbrowses/WormBase/WS287/t_muris_PRJEB126/tracks/D. melanogaster proteins/{refseq}/trackData.jsonz",
               "locationType" : "UriLocation"
            },
            "type" : "NCListAdapter"
         },
         "trackId" : "t_muris_PRJEB126_D_melanogaster_proteins",
         "displays" : [
            {
               "mouseover" : "jexl:get(feature,'clone')",
               "displayId" : "D_melanogaster_proteins-t_muris_PRJEB126-LinearBasicDisplay",
               "renderer" : {
                  "height" : 4,
                  "type" : "SvgFeatureRenderer",
                  "color1" : "orange",
                  "showLabels" : false
               },
               "type" : "LinearBasicDisplay"
            }
         ],
         "assemblyNames" : [
            "t_muris_PRJEB126"
         ],
         "description" : "Matches to WormBase D. melanogaster proteins, aligned with BLASTX (nucleotide to protein, via six-frame translation).",
         "category" : [
            "Sequence Similarity",
            "Proteins"
         ],
         "type" : "FeatureTrack",
         "name" : "D. melanogaster proteins"
      },
      {
         "description" : "Matches to WormBase C. briggsae proteins, aligned with BLASTX (nucleotide to protein, via six-frame translation).",
         "displays" : [
            {
               "displayId" : "C_briggsae_proteins-t_muris_PRJEB126-LinearBasicDisplay",
               "type" : "LinearBasicDisplay",
               "renderer" : {
                  "showLabels" : false,
                  "type" : "SvgFeatureRenderer",
                  "height" : 4,
                  "color1" : "orange"
               },
               "mouseover" : "jexl:get(feature,'clone')"
            }
         ],
         "assemblyNames" : [
            "t_muris_PRJEB126"
         ],
         "trackId" : "t_muris_PRJEB126_C_briggsae_proteins",
         "adapter" : {
            "type" : "NCListAdapter",
            "rootUrlTemplate" : {
               "uri" : "https://s3.amazonaws.com/agrjbrowse/MOD-jbrowses/WormBase/WS287/t_muris_PRJEB126/tracks/C. briggsae proteins/{refseq}/trackData.jsonz",
               "locationType" : "UriLocation"
            }
         },
         "name" : "C. briggsae proteins",
         "type" : "FeatureTrack",
         "category" : [
            "Sequence Similarity",
            "Proteins"
         ]
      },
      {
         "category" : [
            "Expression"
         ],
         "type" : "FeatureTrack",
         "name" : "RNASeq introns",
         "adapter" : {
            "rootUrlTemplate" : {
               "locationType" : "UriLocation",
               "uri" : "https://s3.amazonaws.com/agrjbrowse/MOD-jbrowses/WormBase/WS287/t_muris_PRJEB126/tracks/RNASeq introns/{refseq}/trackData.jsonz"
            },
            "type" : "NCListAdapter"
         },
         "trackId" : "t_muris_PRJEB126_rnaseq_introns",
         "assemblyNames" : [
            "t_muris_PRJEB126"
         ],
         "displays" : [
            {
               "displayId" : "rnaseq_introns-t_muris_PRJEB126-LinearBasicDisplay",
               "renderer" : {
                  "showLabels" : false,
                  "showDescriptions" : false,
                  "type" : "SvgFeatureRenderer",
                  "height" : "jexl:get(feature,'score')>100?50:get(feature,'score')<8?4:floor(get(feature,'score')/2)",
                  "color1" : "green"
               },
               "type" : "LinearBasicDisplay",
               "mouseover" : "jexl:get(feature,'score')+' reads'"
            }
         ],
         "description" : "These are introns formed by aligned RNASeq reads spanning a region of the genome. Alignments of short read sequences from all available RNASeq projects were used. The number of reads spanning the introns is indicated by the thickness of the display."
      },
      {
         "category" : [
            "Expression"
         ],
         "type" : "FeatureTrack",
         "name" : "RNASeq Splice Junctions (common)",
         "displays" : [
            {
               "mouseover" : "jexl:get(feature,'score')+' reads'",
               "renderer" : {
                  "showLabels" : false,
                  "color1" : "jexl:get(feature,'score')>20000?(get(feature,'strand')>0?'#730073':'#007373'):get(feature,'strand')>0?'#'+hex(round(255-(140*(get(feature,'score')/20000))))+'00'+hex(round(255-(140*(get(feature,'score')/20000)))):'#00'+hex(round(255-(140*(get(feature,'score')/20000))))+hex(round(255-(140*(get(feature,'score')/20000))))",
                  "type" : "SvgFeatureRenderer"
               },
               "type" : "LinearBasicDisplay",
               "displayId" : "rnaseq_splice_junctions_(common)-t_muris_PRJEB126-LinearBasicDisplay"
            }
         ],
         "assemblyNames" : [
            "t_muris_PRJEB126"
         ],
         "description" : "These are introns formed by aligned RNASeq reads spanning a region of the genome. Alignments of short read sequences from all available RNASeq projects were used. These junctions are considered 'common' in that there are more than 500 reads confirming their existence. The number of reads spanning the introns is indicated by the darkness of the color (shades of cyan for reverse, shades of violet for forward).  Darker is more reads.",
         "adapter" : {
            "type" : "NCListAdapter",
            "rootUrlTemplate" : {
               "uri" : "https://s3.amazonaws.com/agrjbrowse/MOD-jbrowses/WormBase/WS287/t_muris_PRJEB126/tracks/RNASeq Splice Junctions (common)/{refseq}/trackData.jsonz",
               "locationType" : "UriLocation"
            }
         },
         "trackId" : "t_muris_PRJEB126_rnaseq_splice_junctions_(common)"
      },
      {
         "category" : [
            "Expression"
         ],
         "name" : "RNASeq Splice Junctions (rare)",
         "type" : "FeatureTrack",
         "assemblyNames" : [
            "t_muris_PRJEB126"
         ],
         "displays" : [
            {
               "mouseover" : "jexl:get(feature,'score')+' reads'",
               "displayId" : "rnaseq_splice_junctions_(rare)-t_muris_PRJEB126-LinearBasicDisplay",
               "renderer" : {
                  "color1" : "jexl:get(feature,'score')>20000?(get(feature,'strand')>0?'#730073':'#007373'):get(feature,'strand')>0?'#'+hex(round(255-(140*(get(feature,'score')/20000))))+'00'+hex(round(255-(140*(get(feature,'score')/20000)))):'#00'+hex(round(255-(140*(get(feature,'score')/20000))))+hex(round(255-(140*(get(feature,'score')/20000))))",
                  "height" : "jexl:4",
                  "type" : "SvgFeatureRenderer",
                  "showLabels" : false
               },
               "type" : "LinearBasicDisplay"
            }
         ],
         "description" : "These are introns formed by aligned RNASeq reads spanning a region of the genome. Alignments of short read sequences from all available RNASeq projects were used. These junctions are considered 'rare' in that there are fewer than 500 reads confirming their existence. The number of reads spanning the introns is indicated by the darkness of the color (shades of cyan for reverse, shades of violet for forward).  Darker is more reads.",
         "adapter" : {
            "rootUrlTemplate" : {
               "locationType" : "UriLocation",
               "uri" : "https://s3.amazonaws.com/agrjbrowse/MOD-jbrowses/WormBase/WS287/t_muris_PRJEB126/tracks/RNASeq Splice Junctions (rare)/{refseq}/trackData.jsonz"
            },
            "type" : "NCListAdapter"
         },
         "trackId" : "t_muris_PRJEB126_rnaseq_splice_junctions_(rare)"
      },
      {
         "type" : "FeatureTrack",
         "name" : "T. muris proteins",
         "category" : [
            "Sequence Similarity",
            "Proteins"
         ],
         "description" : "Matches to WormBase T. muris proteins, aligned with BLASTX (nucleotide to protein, via six-frame translation).",
         "assemblyNames" : [
            "t_muris_PRJEB126"
         ],
         "displays" : [
            {
               "mouseover" : "jexl:get(feature,'clone')",
               "displayId" : "T_muris_proteins-t_muris_PRJEB126-LinearBasicDisplay",
               "type" : "LinearBasicDisplay",
               "renderer" : {
                  "type" : "SvgFeatureRenderer",
                  "height" : 4,
                  "color1" : "orange",
                  "showLabels" : false
               }
            }
         ],
         "trackId" : "t_muris_PRJEB126_T_muris_proteins",
         "adapter" : {
            "type" : "NCListAdapter",
            "rootUrlTemplate" : {
               "locationType" : "UriLocation",
               "uri" : "https://s3.amazonaws.com/agrjbrowse/MOD-jbrowses/WormBase/WS287/t_muris_PRJEB126/tracks/T. muris proteins/{refseq}/trackData.jsonz"
            }
         }
      },
      {
         "category" : [
            "Genome Structure",
            "Repeats"
         ],
         "name" : "Low complextity region (Dust)",
         "type" : "FeatureTrack",
         "adapter" : {
            "type" : "NCListAdapter",
            "rootUrlTemplate" : {
               "locationType" : "UriLocation",
               "uri" : "https://s3.amazonaws.com/agrjbrowse/MOD-jbrowses/WormBase/WS287/t_muris_PRJEB126/tracks/Low complextity region (Dust)/{refseq}/trackData.jsonz"
            }
         },
         "trackId" : "t_muris_PRJEB126_low_complextity_region_(dust)",
         "displays" : [
            {
               "type" : "LinearBasicDisplay",
               "renderer" : {
                  "showLabels" : false,
                  "showDescriptions" : false,
                  "height" : 4,
                  "type" : "SvgFeatureRenderer",
                  "color1" : "bisque"
               },
               "displayId" : "low_complextity_region_(dust)-t_muris_PRJEB126-LinearBasicDisplay"
            }
         ],
         "assemblyNames" : [
            "t_muris_PRJEB126"
         ],
         "description" : "Low-complexity regions identified by Dust."
      },
      {
         "category" : [
            "Genes",
            "Supporting Evidence"
         ],
         "name" : "ESTs",
         "type" : "FeatureTrack",
         "assemblyNames" : [
            "t_muris_PRJEB126"
         ],
         "displays" : [
            {
               "displayId" : "ests-t_muris_PRJEB126-LinearBasicDisplay",
               "renderer" : {
                  "type" : "SvgFeatureRenderer",
                  "color1" : "jexl:parent(feature)=='undefined'?'red':get(parent(feature),'has_mate')==1?'limegreen':get(parent(feature),'has_mate')==2?'green':get(parent(feature),'has_mate')==0?'gold':'black'"
               },
               "type" : "LinearBasicDisplay"
            }
         ],
         "formatDetails" : {
            "feature" : "jexl:{ JBrowse1: '<a href=\"/tools/genome/jbrowse-simple/?data=data/t_muris_PRJEB126' + '&loc=' +feature.refName+':'+feature.start+'..'+feature.end+ '\">'+feature.refName+':'+feature.start+'..'+feature.end+'</a>'}"
         },
         "description" : "Native (same-species) Expressed Sequence Tags (ESTs), aligned to the genome using <a href='http://genome.cse.ucsc.edu/cgi-bin/hgBlat'>BLAT</a>. This track shows the best unique location for each EST. The paired 5' and 3' ESTs from the same cDNA clone are connected by a dashed line and a colored light green. ESTs with no mate are yellow, and ESTs with a mate that is 'far away' are dark green.",
         "adapter" : {
            "type" : "NCListAdapter",
            "rootUrlTemplate" : {
               "locationType" : "UriLocation",
               "uri" : "https://s3.amazonaws.com/agrjbrowse/MOD-jbrowses/WormBase/WS287/t_muris_PRJEB126/tracks/ESTs (best)/{refseq}/trackData.jsonz"
            }
         },
         "trackId" : "t_muris_PRJEB126_ests"
      },
      {
         "category" : [
            "Sequence Similarity",
            "Proteins"
         ],
         "name" : "C. remanei proteins",
         "type" : "FeatureTrack",
         "assemblyNames" : [
            "t_muris_PRJEB126"
         ],
         "displays" : [
            {
               "mouseover" : "jexl:get(feature,'clone')",
               "displayId" : "C_remanei_proteins-t_muris_PRJEB126-LinearBasicDisplay",
               "renderer" : {
                  "showLabels" : false,
                  "color1" : "orange",
                  "type" : "SvgFeatureRenderer",
                  "height" : 4
               },
               "type" : "LinearBasicDisplay"
            }
         ],
         "description" : "Matches to WormBase C. remanei proteins, aligned with BLASTX (nucleotide to protein, via six-frame translation).",
         "adapter" : {
            "type" : "NCListAdapter",
            "rootUrlTemplate" : {
               "locationType" : "UriLocation",
               "uri" : "https://s3.amazonaws.com/agrjbrowse/MOD-jbrowses/WormBase/WS287/t_muris_PRJEB126/tracks/C. remanei proteins/{refseq}/trackData.jsonz"
            }
         },
         "trackId" : "t_muris_PRJEB126_C_remanei_proteins"
      },
      {
         "adapter" : {
            "type" : "NCListAdapter",
            "rootUrlTemplate" : {
               "locationType" : "UriLocation",
               "uri" : "https://s3.amazonaws.com/agrjbrowse/MOD-jbrowses/WormBase/WS287/t_muris_PRJEB126/tracks/Contig submissions/{refseq}/trackData.jsonz"
            }
         },
         "trackId" : "t_muris_PRJEB126_contig_submissions",
         "assemblyNames" : [
            "t_muris_PRJEB126"
         ],
         "displays" : [
            {
               "renderer" : {
                  "height" : 7,
                  "type" : "SvgFeatureRenderer",
                  "color1" : "sienna"
               },
               "type" : "LinearBasicDisplay",
               "displayId" : "contig_submissions-t_muris_PRJEB126-LinearBasicDisplay"
            }
         ],
         "formatDetails" : {
            "feature" : "jexl:{ JBrowse1: '<a href=\"/tools/genome/jbrowse-simple/?data=data/t_muris_PRJEB126' + '&loc=' +feature.refName+':'+feature.start+'..'+feature.end+ '\">'+feature.refName+':'+feature.start+'..'+feature.end+'</a>'}"
         },
         "description" : "This track shows the location and coordinates of contigs (mostly cosmids) submitted to GenBank/EMBL.",
         "category" : [
            "Genome Structure",
            "Assembly & Curation"
         ],
         "type" : "FeatureTrack",
         "name" : "Contig submissions"
      },
      {
         "category" : [
            "Genome Structure",
            "Repeats"
         ],
         "name" : "Repeat Region (RepeatMasker)",
         "type" : "FeatureTrack",
         "displays" : [
            {
               "renderer" : {
                  "showLabels" : false,
                  "showDescriptions" : false,
                  "height" : 4,
                  "type" : "SvgFeatureRenderer",
                  "color1" : "bisque"
               },
               "type" : "LinearBasicDisplay",
               "displayId" : "repeat_region_(repeatmasker)-t_muris_PRJEB126-LinearBasicDisplay"
            }
         ],
         "assemblyNames" : [
            "t_muris_PRJEB126"
         ],
         "description" : "Repetitive regions identified by RepeatMasker.",
         "adapter" : {
            "rootUrlTemplate" : {
               "uri" : "https://s3.amazonaws.com/agrjbrowse/MOD-jbrowses/WormBase/WS287/t_muris_PRJEB126/tracks/Repeat Region (RepeatMasker)/{refseq}/trackData.jsonz",
               "locationType" : "UriLocation"
            },
            "type" : "NCListAdapter"
         },
         "trackId" : "t_muris_PRJEB126_repeat_region_(repeatmasker)"
      },
      {
         "category" : [
            "Expression"
         ],
         "type" : "FeatureTrack",
         "name" : "RNASeq",
         "assemblyNames" : [
            "t_muris_PRJEB126"
         ],
         "displays" : [
            {
               "displayId" : "rnaseq-t_muris_PRJEB126-LinearBasicDisplay",
               "renderer" : {
                  "displayMode" : "collapse",
                  "showLabels" : false,
                  "height" : "jexl:get(feature,'score')>100?50:floor(get(feature,'score')/2)>4?floor(get(feature,'score')/2):4",
                  "type" : "SvgFeatureRenderer",
                  "color1" : "black"
               },
               "type" : "LinearBasicDisplay",
               "mouseover" : "jexl:'Score: '+get(feature,'score')"
            }
         ],
         "description" : "These boxes indicate alignments of short read sequences from all available RNASeq projects. The number of reads has been normalised by averaging over the number of libraries. The height of all boxes indicates the relative score of the feature.",
         "adapter" : {
            "type" : "NCListAdapter",
            "rootUrlTemplate" : {
               "locationType" : "UriLocation",
               "uri" : "https://s3.amazonaws.com/agrjbrowse/MOD-jbrowses/WormBase/WS287/t_muris_PRJEB126/tracks/RNASeq/{refseq}/trackData.jsonz"
            }
         },
         "trackId" : "t_muris_PRJEB126_rnaseq"
      },
      {
         "assemblyNames" : [
            "t_muris_PRJEB126"
         ],
         "displays" : [
            {
               "displayId" : "C_japonica_proteins-t_muris_PRJEB126-LinearBasicDisplay",
               "renderer" : {
                  "showLabels" : false,
                  "height" : 4,
                  "type" : "SvgFeatureRenderer",
                  "color1" : "orange"
               },
               "type" : "LinearBasicDisplay",
               "mouseover" : "jexl:get(feature,'clone')"
            }
         ],
         "description" : "Matches to WormBase C. japonica proteins, aligned with BLASTX (nucleotide to protein, via six-frame translation).",
         "adapter" : {
            "type" : "NCListAdapter",
            "rootUrlTemplate" : {
               "uri" : "https://s3.amazonaws.com/agrjbrowse/MOD-jbrowses/WormBase/WS287/t_muris_PRJEB126/tracks/C. japonica proteins/{refseq}/trackData.jsonz",
               "locationType" : "UriLocation"
            }
         },
         "trackId" : "t_muris_PRJEB126_C_japonica_proteins",
         "category" : [
            "Sequence Similarity",
            "Proteins"
         ],
         "type" : "FeatureTrack",
         "name" : "C. japonica proteins"
      },
      {
         "type" : "FeatureTrack",
         "name" : "S. ratti proteins",
         "category" : [
            "Sequence Similarity",
            "Proteins"
         ],
         "description" : "Matches to WormBase S. ratti proteins, aligned with BLASTX (nucleotide to protein, via six-frame translation).",
         "displays" : [
            {
               "mouseover" : "jexl:get(feature,'clone')",
               "displayId" : "S_ratti_proteins-t_muris_PRJEB126-LinearBasicDisplay",
               "renderer" : {
                  "type" : "SvgFeatureRenderer",
                  "height" : 4,
                  "color1" : "orange",
                  "showLabels" : false
               },
               "type" : "LinearBasicDisplay"
            }
         ],
         "assemblyNames" : [
            "t_muris_PRJEB126"
         ],
         "trackId" : "t_muris_PRJEB126_S_ratti_proteins",
         "adapter" : {
            "type" : "NCListAdapter",
            "rootUrlTemplate" : {
               "uri" : "https://s3.amazonaws.com/agrjbrowse/MOD-jbrowses/WormBase/WS287/t_muris_PRJEB126/tracks/S. ratti proteins/{refseq}/trackData.jsonz",
               "locationType" : "UriLocation"
            }
         }
      },
      {
         "category" : [
            "Genome Structure",
            "Assembly & Curation"
         ],
         "type" : "FeatureTrack",
         "name" : "Links and Superlinks",
         "displays" : [
            {
               "displayId" : "links_and_superlinks-t_muris_PRJEB126-LinearBasicDisplay",
               "renderer" : {
                  "height" : 4,
                  "type" : "SvgFeatureRenderer",
                  "color1" : "black"
               },
               "type" : "LinearBasicDisplay"
            }
         ],
         "assemblyNames" : [
            "t_muris_PRJEB126"
         ],
         "description" : "This track shows the location and coordinates of contigs created during the assembly of the C. elegans genome.",
         "formatDetails" : {
            "feature" : "jexl:{ JBrowse1: '<a href=\"/tools/genome/jbrowse-simple/?data=data/t_muris_PRJEB126' + '&loc=' +feature.refName+':'+feature.start+'..'+feature.end+ '\">'+feature.refName+':'+feature.start+'..'+feature.end+'</a>'}"
         },
         "adapter" : {
            "rootUrlTemplate" : {
               "locationType" : "UriLocation",
               "uri" : "https://s3.amazonaws.com/agrjbrowse/MOD-jbrowses/WormBase/WS287/t_muris_PRJEB126/tracks/Links and Superlinks/{refseq}/trackData.jsonz"
            },
            "type" : "NCListAdapter"
         },
         "trackId" : "t_muris_PRJEB126_links_and_superlinks"
      },
      {
         "description" : "Matches to WormBase H. sapiens proteins, aligned with BLASTX (nucleotide to protein, via six-frame translation).",
         "assemblyNames" : [
            "t_muris_PRJEB126"
         ],
         "displays" : [
            {
               "mouseover" : "jexl:get(feature,'clone')",
               "displayId" : "H_sapiens_proteins-t_muris_PRJEB126-LinearBasicDisplay",
               "type" : "LinearBasicDisplay",
               "renderer" : {
                  "height" : 4,
                  "type" : "SvgFeatureRenderer",
                  "color1" : "orange",
                  "showLabels" : false
               }
            }
         ],
         "trackId" : "t_muris_PRJEB126_H_sapiens_proteins",
         "adapter" : {
            "rootUrlTemplate" : {
               "uri" : "https://s3.amazonaws.com/agrjbrowse/MOD-jbrowses/WormBase/WS287/t_muris_PRJEB126/tracks/H. sapiens proteins/{refseq}/trackData.jsonz",
               "locationType" : "UriLocation"
            },
            "type" : "NCListAdapter"
         },
         "type" : "FeatureTrack",
         "name" : "H. sapiens proteins",
         "category" : [
            "Sequence Similarity",
            "Proteins"
         ]
      },
      {
         "name" : "RNASeq Asymmetries",
         "type" : "FeatureTrack",
         "category" : [
            "Expression"
         ],
         "trackId" : "t_muris_PRJEB126_rnaseq_asymmetries",
         "adapter" : {
            "rootUrlTemplate" : {
               "locationType" : "UriLocation",
               "uri" : "https://s3.amazonaws.com/agrjbrowse/MOD-jbrowses/WormBase/WS287/t_muris_PRJEB126/tracks/RNASeq Asymmetries/{refseq}/trackData.jsonz"
            },
            "type" : "NCListAdapter"
         },
         "description" : "Red boxes indicate regions where there are more than 2 times as many forward sense RNASeq reads aligned to the genome as reverse sense reads. This asymmetrical signal has been found empirically to be a sensitive marker for the ends of transcripts. Green boxes indicate regions where there are more than 2 times as many reverse sense RNASeq reads aligned to the genome as forward sense reads. This asymmetrical signal has been found empirically to be sensitive marker for the ends of transcripts. The height of all boxes indicates the relative score of the feature.",
         "displays" : [
            {
               "mouseover" : "jexl:'Score: '+get(feature,'score')",
               "displayId" : "rnaseq_asymmetries-t_muris_PRJEB126-LinearBasicDisplay",
               "type" : "LinearBasicDisplay",
               "renderer" : {
                  "displayMode" : "collapse",
                  "showLabels" : false,
                  "color1" : "jexl:get(feature,'source')=='RNASeq_R_asymmetry'?'red': get(feature,'source')=='RNASeq_F_asymmetry'?'green':'black'",
                  "type" : "SvgFeatureRenderer",
                  "height" : 24
               }
            }
         ],
         "assemblyNames" : [
            "t_muris_PRJEB126"
         ]
      },
      {
         "description" : "Matches to WormBase P. pacificus proteins, aligned with BLASTX (nucleotide to protein, via six-frame translation).",
         "assemblyNames" : [
            "t_muris_PRJEB126"
         ],
         "displays" : [
            {
               "mouseover" : "jexl:get(feature,'clone')",
               "renderer" : {
                  "height" : 4,
                  "type" : "SvgFeatureRenderer",
                  "color1" : "orange",
                  "showLabels" : false
               },
               "type" : "LinearBasicDisplay",
               "displayId" : "P_pacificus_proteins-t_muris_PRJEB126-LinearBasicDisplay"
            }
         ],
         "trackId" : "t_muris_PRJEB126_P_pacificus_proteins",
         "adapter" : {
            "type" : "NCListAdapter",
            "rootUrlTemplate" : {
               "locationType" : "UriLocation",
               "uri" : "https://s3.amazonaws.com/agrjbrowse/MOD-jbrowses/WormBase/WS287/t_muris_PRJEB126/tracks/P. pacificus proteins/{refseq}/trackData.jsonz"
            }
         },
         "type" : "FeatureTrack",
         "name" : "P. pacificus proteins",
         "category" : [
            "Sequence Similarity",
            "Proteins"
         ]
      },
      {
         "type" : "FeatureTrack",
         "name" : "O. volvulus proteins",
         "category" : [
            "Sequence Similarity",
            "Proteins"
         ],
         "trackId" : "t_muris_PRJEB126_O_volvulus_proteins",
         "adapter" : {
            "type" : "NCListAdapter",
            "rootUrlTemplate" : {
               "locationType" : "UriLocation",
               "uri" : "https://s3.amazonaws.com/agrjbrowse/MOD-jbrowses/WormBase/WS287/t_muris_PRJEB126/tracks/O. volvulus proteins/{refseq}/trackData.jsonz"
            }
         },
         "description" : "Matches to WormBase O. volvulus proteins, aligned with BLASTX (nucleotide to protein, via six-frame translation).",
         "displays" : [
            {
               "mouseover" : "jexl:get(feature,'clone')",
               "renderer" : {
                  "color1" : "orange",
                  "height" : 4,
                  "type" : "SvgFeatureRenderer",
                  "showLabels" : false
               },
               "type" : "LinearBasicDisplay",
               "displayId" : "O_volvulus_proteins-t_muris_PRJEB126-LinearBasicDisplay"
            }
         ],
         "assemblyNames" : [
            "t_muris_PRJEB126"
         ]
      },
      {
         "name" : "Other UniProt proteins",
         "type" : "FeatureTrack",
         "category" : [
            "Sequence Similarity",
            "Proteins"
         ],
         "trackId" : "t_muris_PRJEB126_other_uniprot_proteins",
         "adapter" : {
            "rootUrlTemplate" : {
               "uri" : "https://s3.amazonaws.com/agrjbrowse/MOD-jbrowses/WormBase/WS287/t_muris_PRJEB126/tracks/Other UniProt proteins/{refseq}/trackData.jsonz",
               "locationType" : "UriLocation"
            },
            "type" : "NCListAdapter"
         },
         "description" : "Matches to proteins from a slimmed-down version of UniProt (with proteins from WormBase core nematodes, human, fly and yeast removed), aligned with BLASTX (nucleotide to protein, via six-frame translation).",
         "assemblyNames" : [
            "t_muris_PRJEB126"
         ],
         "displays" : [
            {
               "displayId" : "other_uniprot_proteins-t_muris_PRJEB126-LinearBasicDisplay",
               "renderer" : {
                  "showDescriptions" : false,
                  "showLabels" : false,
                  "color1" : "orange",
                  "type" : "SvgFeatureRenderer",
                  "height" : 4
               },
               "type" : "LinearBasicDisplay"
            }
         ]
      },
      {
         "category" : [
            "Genes",
            "Supporting Evidence"
         ],
         "type" : "FeatureTrack",
         "name" : "Trinity-assembled RNAseq",
         "displays" : [
            {
               "displayId" : "trinity-assembled_rnaseq-t_muris_PRJEB126-LinearBasicDisplay",
               "renderer" : {
                  "color1" : "mediumpurple",
                  "height" : 5,
                  "type" : "SvgFeatureRenderer",
                  "showLabels" : false
               },
               "type" : "LinearBasicDisplay"
            }
         ],
         "assemblyNames" : [
            "t_muris_PRJEB126"
         ],
         "description" : "Native (same species) RNAseq data was assembled with Trinity and then aligned to the genome with BLAT",
         "adapter" : {
            "rootUrlTemplate" : {
               "uri" : "https://s3.amazonaws.com/agrjbrowse/MOD-jbrowses/WormBase/WS287/t_muris_PRJEB126/tracks/Trinity-assembled RNAseq/{refseq}/trackData.jsonz",
               "locationType" : "UriLocation"
            },
            "type" : "NCListAdapter"
         },
         "trackId" : "t_muris_PRJEB126_trinity-assembled_rnaseq"
      },
      {
         "description" : "Matches to WormBase C. brenneri proteins, aligned with BLASTX (nucleotide to protein, via six-frame translation).",
         "assemblyNames" : [
            "t_muris_PRJEB126"
         ],
         "displays" : [
            {
               "type" : "LinearBasicDisplay",
               "renderer" : {
                  "showLabels" : false,
                  "color1" : "orange",
                  "height" : 4,
                  "type" : "SvgFeatureRenderer"
               },
               "displayId" : "C_brenneri_proteins-t_muris_PRJEB126-LinearBasicDisplay",
               "mouseover" : "jexl:get(feature,'clone')"
            }
         ],
         "trackId" : "t_muris_PRJEB126_C_brenneri_proteins",
         "adapter" : {
            "type" : "NCListAdapter",
            "rootUrlTemplate" : {
               "locationType" : "UriLocation",
               "uri" : "https://s3.amazonaws.com/agrjbrowse/MOD-jbrowses/WormBase/WS287/t_muris_PRJEB126/tracks/C. brenneri proteins/{refseq}/trackData.jsonz"
            }
         },
         "type" : "FeatureTrack",
         "name" : "C. brenneri proteins",
         "category" : [
            "Sequence Similarity",
            "Proteins"
         ]
      }
   ],
   "assemblies" : [
      {
         "sequence" : {
            "displays" : [
               {
                  "displayId" : "t_muris_PRJEB126-LinearReferenceSequenceDisplay",
                  "type" : "LinearReferenceSequenceDisplay"
               }
            ],
            "adapter" : {
               "type" : "BgzipFastaAdapter",
               "fastaLocation" : {
                  "locationType" : "UriLocation",
                  "uri" : "https://s3.amazonaws.com/wormbase-modencode/fasta/current/t_muris.PRJEB126.WS284.genomic.fa.gz"
               },
               "faiLocation" : {
                  "locationType" : "UriLocation",
                  "uri" : "https://s3.amazonaws.com/wormbase-modencode/fasta/current/t_muris.PRJEB126.WS284.genomic.fa.gz.fai"
               },
               "gziLocation" : {
                  "locationType" : "UriLocation",
                  "uri" : "https://s3.amazonaws.com/wormbase-modencode/fasta/current/t_muris.PRJEB126.WS284.genomic.fa.gz.gzi"
               }
            },
            "type" : "ReferenceSequenceTrack",
            "trackId" : "t_muris_PRJEB126-1646426635733"
         },
         "displayName" : "t_muris_PRJEB126",
         "name" : "t_muris_PRJEB126"
      }
   ]
}
